entity,crop,relation
香蕉黑带象甲,蕉麻,危害
香蕉弄蝶,香蕉,危害
香蕉弄蝶,芭蕉,危害
草莓枯萎病,草莓,危害
草莓根腐病,草莓,危害
草莓白粉病,草莓,危害
草莓褐斑病,草莓,危害
草莓灰霉病,草莓,危害
草莓青枯病,草莓,危害
草莓病毒病,草莓,危害
桃蚜,树,危害
萝卜蚜,萝卜,危害
萝卜蚜,白菜,危害
萝卜蚜,油菜,危害
萝卜蚜,十字花,危害
小地老虎,豆类,危害
小地老虎,茄果类,危害
小地老虎,瓜类,危害
小地老虎,十字花科蔬菜,危害
东方蝼蛄,大豆,危害
东方蝼蛄,花生,危害
东方蝼蛄,甘薯,危害
枣尺蠖,苹果,危害
枣尺蠖,沙果,危害
黄刺蛾,苹果,危害
黄刺蛾,樱桃,危害
黄刺蛾,山楂,危害
黄刺蛾,海棠,危害
黄刺蛾,石榴,危害
黄刺蛾,核桃,危害
黄刺蛾,柑橘,危害
枣奕刺蛾,核桃,危害
枣奕刺蛾,芒果,危害
枣奕刺蛾,苹果,危害
枣桃六点天蛾,樱桃,危害
枣桃六点天蛾,苹果,危害
枣桃六点天蛾,葡萄,危害
枣桃六点天蛾,海棠,危害
枣桃六点天蛾,枇杷,危害
桃小食心虫,苹果,危害
星天牛,柑橘,危害
星天牛,无花果,危害
星天牛,枇杷,危害
星天牛,苹果,危害
星天牛,樱桃,危害
星天牛,核桃,危害
草履蚧,核桃,危害
草履蚧,苹果,危害
草履蚧,板栗,危害
日本龟蜡蚧,柑橘,危害
日本龟蜡蚧,无花果,危害
日本龟蜡蚧,芒果,危害
日本龟蜡蚧,苹果,危害
日本龟蜡蚧,山楂,危害
日本龟蜡蚧,樱桃,危害
日本龟蜡蚧,石榴,危害
康氏粉蚧,苹果,危害
康氏粉蚧,山楂,危害
康氏粉蚧,葡萄,危害
康氏粉蚧,核桃,危害
康氏粉蚧,柑橘,危害
康氏粉蚧,无花果,危害
康氏粉蚧,荔枝,危害
康氏粉蚧,石榴,危害
黑绒金龟子,苹果,危害
黑绒金龟子,山楂,危害
八点广翅蜡蝉,苹果,危害
八点广翅蜡蝉,樱桃,危害
八点广翅蜡蝉,山楂,危害
八点广翅蜡蝉,柑橘,危害
柿疯病,柿树,危害
柿炭疽病,柿树,危害
柿灰霉病,柿树,危害
柿角斑病,柿树,危害
柿圆斑病,柿树,危害
柿黑星病,柿树,危害
柿干枯病,柿树,危害
柿蒂虫,黑枣,危害
柿蒂虫,柿树,危害
柿星尺蠖,黑枣,危害
柿星尺蠖,苹果,危害
舞毒蛾,苹果,危害
舞毒蛾,核桃,危害
舞毒蛾,山楂,危害
折带黄毒蛾,苹果,危害
折带黄毒蛾,海棠,危害
折带黄毒蛾,山楂,危害
折带黄毒蛾,樱桃,危害
折带黄毒蛾,枇杷,危害
折带黄毒蛾,石榴,危害
折带黄毒蛾,蔷薇,危害
褐点粉灯蛾,高粱,危害
褐点粉灯蛾,蓖麻,危害
褐点粉灯蛾,大豆,危害
柿小叶蝉,葡萄,危害
柿绒蚧,黑枣,危害
柿绒蚧,柿树,危害
柿长绵粉蚧,苹果,危害
柿长绵粉蚧,枇杷,危害
苹果梢夜蛾,苹果,危害
木橑尺蠖,木橑,危害
木橑尺蠖,核桃,危害
木橑尺蠖,苹果,危害
木橑尺蠖,葡萄,危害
木橑尺蠖,山楂,危害
木橑尺蠖,杂草,危害
黑圆角蝉,柑桔,危害
黑圆角蝉,山楂,危害
黑圆角蝉,枸杞,危害
铜绿丽金龟,苹果,危害
铜绿丽金龟,山楂,危害
铜绿丽金龟,樱桃,危害
铜绿丽金龟,葡萄,危害
铜绿丽金龟,核桃,危害
铜绿丽金龟,草莓,危害
铜绿丽金龟,醋栗,危害
铜绿丽金龟,豆类,危害
石榴干腐病,石榴,危害
石榴根结线虫病,经济作物,危害
石榴根结线虫病,果树,危害
石榴根结线虫病,观赏植物,危害
石榴根结线虫病,杂草,危害
石榴巾夜蛾,石榴,危害
石榴巾夜蛾,月季,危害
石榴巾夜蛾,番石榴,危害
石榴裂果,石榴,危害
桃蛀螟,桃树,危害
桃蛀螟,苹果,危害
桃蛀螟,石榴,危害
桃蛀螟,板栗,危害
桃蛀螟,山楂,危害
桃蛀螟,枇杷,危害
桃蛀螟,龙眼,危害
桃蛀螟,荔枝,危害
樗蚕蛾,石榴,危害
樗蚕蛾,柑橘,危害
樗蚕蛾,花椒,危害
樗蚕蛾,蓖麻,危害
石榴绒蚧,石榴,危害
麻皮蝽,苹果,危害
柑橘裂皮病,柑橘,危害
柑橘裂皮病,枳橙,危害
柑橘裂皮病,蔾檬,危害
柑橘煤污病,柑橘,危害
柑橘黄龙病,柑橘,危害
柑橘溃疡病,柑橘,危害
柑橘赤衣病,柑橘,危害
柑橘黑腐病,柑橘,危害
嘴壶夜蛾,通草,危害
嘴壶夜蛾,薯蓣,危害
鸟嘴壶夜蛾,柑橘,危害
鸟嘴壶夜蛾,葡萄,危害
鸟嘴壶夜蛾,苹果,危害
柑橘花蕾蛆,柑橘类,危害
柑橘小实蝇,害柑,危害
柑橘小实蝇,芒,危害
柑橘小实蝇,枇,危害
柑橘小实蝇,无花果,危害
橘二叉蚜,柑橘类,危害
橘二叉蚜,荔枝,危害
橘二叉蚜,香蕉,危害
橘二叉蚜,菠萝,危害
橘二叉蚜,可可,危害
橘二叉蚜,咖啡,危害
橘二叉蚜,胡椒,危害
橘蚜,柑橘类,危害
大绿蝽,柑橘,危害
大绿蝽,苹,危害
大绿蝽,梨,危害
黑刺粉虱,柑橘,危害
黑刺粉虱,枇杷,危害
黑刺粉虱,苹果,危害
黑刺粉虱,葡萄,危害
黑刺粉虱,龙眼,危害
黑刺粉虱,香蕉,危害
黑刺粉虱,橄榄,危害
柑橘木虱,柑橘类,危害
柑橘木虱,柠檬,危害
柑橘木虱,九里香,危害
吹绵蚧,柑橘,危害
吹绵蚧,海桐,危害
吹绵蚧,木麻黄,危害
吹绵蚧,台湾相思,危害
堆蜡粉蚧,柑橘,危害
堆蜡粉蚧,菠萝,危害
堆蜡粉蚧,芒果,危害
堆蜡粉蚧,龙眼,危害
堆蜡粉蚧,葡萄,危害
矢尖蚧,柑橘类,危害
矢尖蚧,龙眼,危害
矢尖蚧,番石榴,危害
红蜡蚧,柑橘,危害
红蜡蚧,苹果,危害
红蜡蚧,樱桃,危害
红蜡蚧,荔枝,危害
红蜡蚧,杨梅,危害
红蜡蚧,无花果,危害
红蜡蚧,忙果,危害
红蜡蚧,石榴,危害
褐圆蚧,柑橘,危害
褐圆蚧,柠檬,危害
褐圆蚧,椰子,危害
褐圆蚧,香蕉,危害
褐圆蚧,无花果,危害
糠片蚧,柑橘,危害
糠片蚧,柠檬,危害
糠片蚧,无花果,危害
糠片蚧,苹果,危害
糠片蚧,樱桃,危害
糠片蚧,葡萄,危害
柑橘全爪螨,柑橘类,危害
柑橘全爪螨,沙梨,危害
柑橘全爪螨,蒲桃,危害
柑橘始叶螨,柑橘类,危害
柑橘始叶螨,葡萄,危害
柑橘始叶螨,戴豆,危害
柑橘始叶螨,小旋花,危害
柑橘始叶螨,蟋蟀草,危害
柑橘凤蝶,芸香,危害
柑橘凤蝶,花椒,危害
柑橘凤蝶,小茴香,危害
柑橘凤蝶,胡萝卜,危害
拟小黄卷叶蛾,荔枝,危害
拟小黄卷叶蛾,龙眼,危害
拟小黄卷叶蛾,柑橘,危害
拟小黄卷叶蛾,茶树,危害
拟小黄卷叶蛾,茉莉,危害
茶蓑蛾,苹果,危害
茶蓑蛾,樱桃,危害
茶蓑蛾,柑橘,危害
茶蓑蛾,石榴,危害
茶蓑蛾,葡萄,危害
茶蓑蛾,枇杷,危害
茶蓑蛾,花椒,危害
茶蓑蛾,山茶,危害
油桐尺蛾,柑橘,危害
油桐尺蛾,油桐,危害
油桐尺蛾,扁柏,危害
油桐尺蛾,刺槐,危害
油桐尺蛾,漆树,危害
油桐尺蛾,麻栎,危害
油桐尺蛾,板栗,危害
油桐尺蛾,花椒,危害
达摩凤蝶,柑橘类,危害
玉带凤蝶,柑橘类果树,危害
玉带凤蝶,柑橘,危害
玉带凤蝶,花椒,危害
玉带凤蝶,山椒,危害
柑橘恶性叶甲,柑橘类,危害
绿鳞象甲,林木,危害
柑橘灰象甲,柑橘类,危害
柑橘灰象甲,龙眼,危害
柑橘灰象甲,荔枝,危害
柑橘灰象甲,茉莉,危害
柑橘灰象甲,野芝麻,危害
柑橘灰象甲,柑橘,危害
柑橘潜叶蛾,柑橘类,危害
柑橘爆皮虫,柑橘类,危害
柑橘溜皮虫,柑橘,危害
橘褐天牛,柑橘类,危害
橘褐天牛,柠檬,危害
橘褐天牛,葡萄,危害
光盾绿天牛,柑橘类,危害
光盾绿天牛,柠檬,危害
黑翅土白蚁,柑橘,危害
黑翅土白蚁,苹果,危害
黑翅土白蚁,杉木,危害
黑翅土白蚁,池杉,危害
黑翅土白蚁,黑荆,危害
黑翅土白蚁,泡桐,危害
黑翅土白蚁,木荷,危害
荔枝霜疫霉病,荔枝,危害
荔枝炭疽病,荔枝,危害
荔枝酸腐病,荔枝,危害
荔枝叶斑病,荔枝,危害
荔枝叶斑病,龙眼,危害
黑蚱蝉,苹果,危害
黑蚱蝉,山楂,危害
黑蚱蝉,樱桃,危害
黑蚱蝉,柑橘,危害
黑蚱蝉,枇杷,危害
黑蚱蝉,荔枝,危害
黑蚱蝉,葡萄,危害
桥夜蛾,柑橘,危害
荔枝斑点病,荔枝,危害
荔枝斑点病,龙眼,危害
荔枝壳二孢叶斑病,荔枝,危害
荔枝煤烟病,龙眼,危害
荔枝煤烟病,番石榴,危害
荔枝煤烟病,黄皮,危害
荔枝煤烟病,柑桔,危害
荔枝叶枯病,荔枝,危害
荔枝地衣病,龙眼,危害
荔枝地衣病,柑橘,危害
荔枝蝽,荔枝,危害
荔枝蝽,龙眼,危害
荔枝蝽,柑橘,危害
荔枝蝽,黄皮,危害
荔枝蝽,番石榴,危害
荔枝蝽,桉树,危害
荔枝蝽,枇杷,危害
红带滑胸针蓟马,油桐,危害
红带滑胸针蓟马,乌桕,危害
红带滑胸针蓟马,板栗,危害
红带滑胸针蓟马,荔枝,危害
红带滑胸针蓟马,橄榄,危害
白蛾蜡蝉,荔枝,危害
白蛾蜡蝉,龙眼,危害
白蛾蜡蝉,柑橘,危害
白蛾蜡蝉,芒果,危害
白蛾蜡蝉,木菠萝,危害
白蛾蜡蝉,咖啡,危害
白蛾蜡蝉,石榴,危害
白蛾蜡蝉,无花果,危害
白蛾蜡蝉,木瓜,危害
白蛾蜡蝉,胡椒,危害
双线盗毒蛾,柑橘,危害
双线盗毒蛾,龙眼,危害
双线盗毒蛾,苹果,危害
双线盗毒蛾,桃树,危害
小白纹毒蛾,柑橘,危害
小白纹毒蛾,葡萄,危害
小白纹毒蛾,苹果,危害
小白纹毒蛾,蔬菜,危害
爻纹细蛾,荔枝,危害
爻纹细蛾,龙眼,危害
爻纹细蛾,芒果,危害
蓖麻夜蛾,蓖麻,危害
蓖麻夜蛾,木薯,危害
蓖麻夜蛾,飞扬草,危害
蓖麻夜蛾,台湾相思,危害
毛翅夜蛾,苹果,危害
毛翅夜蛾,葡萄,危害
毛翅夜蛾,柑橘,危害
茶卷叶蛾,茶树,危害
茶卷叶蛾,油茶,危害
茶卷叶蛾,荔枝,危害
茶卷叶蛾,龙眼,危害
茶卷叶蛾,柑橘,危害
茶卷叶蛾,苹果,危害
茶卷叶蛾,杨桃,危害
茶卷叶蛾,板栗,危害
茶卷叶蛾,枇杷,危害
茶卷叶蛾,咖啡,危害
油桐尺蠖,油茶,危害
油桐尺蠖,木荷,危害
油桐尺蠖,乌桕,危害
油桐尺蠖,油桐,危害
咖啡木蠹蛾,咖啡,危害
咖啡木蠹蛾,荔枝,危害
咖啡木蠹蛾,龙眼,危害
咖啡木蠹蛾,柑橘,危害
咖啡木蠹蛾,枇杷,危害
咖啡木蠹蛾,葡萄,危害
白囊蓑蛾,油茶,危害
银毛吹棉蚧,柑橘,危害
银毛吹棉蚧,枇杷,危害
银毛吹棉蚧,杧果,危害
银毛吹棉蚧,石榴,危害
龙眼鸡,龙眼,危害
龙眼鸡,荔枝,危害
龙眼鸡,橄榄,危害
龙眼鸡,芒果,危害
龙眼鸡,柚子,危害
角蜡蚧,苹果,危害
角蜡蚧,柑橘,危害
角蜡蚧,枇杷,危害
角蜡蚧,无花果,危害
角蜡蚧,荔枝,危害
角蜡蚧,杨梅,危害
角蜡蚧,芒果,危害
角蜡蚧,石榴,危害
角蜡蚧,樱桃,危害
珀蝽,柑橘,危害
珀蝽,荔枝,危害
珀蝽,龙眼,危害
小青花金龟,山楂,危害
小青花金龟,苹果,危害
小青花金龟,葡萄,危害
小青花金龟,柑橘,危害
白星花金龟,苹果,危害
白星花金龟,樱桃,危害
白星花金龟,葡萄,危害
白星花金龟,柑橘,危害
芒果炭疽病,芒果,危害
芒果流胶病,芒果,危害
芒果黑色蒂腐病,芒果,危害
芒果横纹尾夜蛾,芒果,危害
褐边绿刺蛾,苹果,危害
褐边绿刺蛾,柑橘,危害
褐边绿刺蛾,樱桃,危害
褐边绿刺蛾,海棠,危害
褐边绿刺蛾,山楂,危害
褐边绿刺蛾,枇杷,危害
褐边绿刺蛾,核桃,危害
褐边绿刺蛾,石榴,危害
脊胸天牛,腰果,危害
大青叶蝉,苹果,危害
黄褐天幕毛虫,苹果,危害
黄褐天幕毛虫,樱桃,危害
黄褐天幕毛虫,海棠,危害
黄褐天幕毛虫,沙果,危害
枇杷灰斑病,枇杷,危害
枇杷斑点病,枇杷,危害
枇杷胡麻色斑点病,枇杷,危害
枇杷黄毛虫,枇杷,危害
黄星天牛,无花果,危害
黄星天牛,油桐,危害
黄星天牛,批把,危害
黄星天牛,柑桔,危害
香蕉交脉蚜,芭蕉,危害
香蕉交脉蚜,木瓜,危害
香蕉交脉蚜,小豆落,危害
香蕉交脉蚜,昙华,危害
香蕉交脉蚜,羊齿,危害
香蕉褐缘灰斑病,香蕉,危害
香蕉黑星病,香蕉,危害
香蕉束顶病,香蕉,危害
斑须蝽,苹果,危害
斑须蝽,山楂,危害
斑须蝽,草莓,危害
斑须蝽,枸杞,危害
斑须蝽,禾谷类,危害
斑须蝽,蔬菜,危害
斑须蝽,林木,危害
四纹丽金龟,葡萄,危害
四纹丽金龟,苹果,危害
四纹丽金龟,山楂,危害
四纹丽金龟,樱桃,危害
小黄卷叶蛾,油茶,危害
小黄卷叶蛾,柑桔,危害
顶芽卷蛾,山楂,危害
顶芽卷蛾,海棠,危害
桃斑蛾,樱桃,危害
桃斑蛾,山楂,危害
山楂叶螨,苹果,危害
山楂叶螨,樱桃,危害
山楂叶螨,山楂,危害
山楂叶螨,核桃,危害
李枯叶蛾,苹果,危害
李枯叶蛾,沙果,危害
李枯叶蛾,樱桃,危害
李枯叶蛾,核桃,危害
天幕毛虫,苹果,危害
天幕毛虫,樱桃,危害
光肩星天牛,苹果,危害
光肩星天牛,山楂,危害
光肩星天牛,樱桃,危害
粒肩天牛,苹果,危害
粒肩天牛,梹沙果,危害
粒肩天牛,海棠,危害
粒肩天牛,山楂,危害
粒肩天牛,樱桃,危害
粒肩天牛,柑橘,危害
粒肩天牛,无花果,危害
粒肩天牛,枇杷,危害
桃蚜,为害,危害
桃粉大尾蚜,樱桃,危害
桃粉大尾蚜,山楂,危害
桃粉大尾蚜,禾本,危害
朝鲜球坚蚧,海棠,危害
朝鲜球坚蚧,苹果,危害
桑白蚧,樱桃,危害
桑白蚧,苹果,危害
桑白蚧,葡萄,危害
桑白蚧,核桃,危害
桑白蚧,枇杷,危害
桑白蚧,醋栗,危害
桑白蚧,柑橘,危害
樱桃灰霉病,水果,危害
樱桃灰霉病,蔬菜,危害
樱桃灰霉病,花卉,危害
樱桃小果病,甜樱桃,危害
苹掌舟蛾,苹果,危害
苹掌舟蛾,山楂,危害
苹掌舟蛾,樱桃,危害
苹掌舟蛾,枇杷,危害
苹蚁舟蛾,苹果,危害
苹蚁舟蛾,樱桃,危害
桃潜叶蛾,樱桃,危害
桃潜叶蛾,苹果,危害
桃潜叶蛾,山楂,危害
桃潜叶蛾,稠李,危害
桃红颈天牛,桃树,危害
蚱蝉,苹果,危害
蚱蝉,山楂,危害
蚱蝉,樱桃,危害
蚱蝉,柑橘,危害
蚱蝉,枇杷,危害
蚱蝉,荔枝,危害
蚱蝉,葡萄,危害
黑星麦蛾,苹果,危害
黑星麦蛾,樱桃,危害
杏白带麦蛾,樱桃,危害
杏白带麦蛾,苹果,危害
杏白带麦蛾,沙果,危害
梅木蛾,苹果,危害
梅木蛾,樱桃,危害
梅木蛾,葡萄,危害
樱桃粘叶蜂,樱桃,危害
樱桃卷叶蚜,樱桃,危害
樱桃瘿瘤头蚜,樱桃,危害
小绿叶蝉,茄子,危害
小绿叶蝉,十字花科,危害
小绿叶蝉,蔬菜,危害
小绿叶蝉,马铃薯,危害
小绿叶蝉,水稻,危害
小绿叶蝉,樱桃,危害
小绿叶蝉,葡萄,危害
茶翅蝽,苹果,危害
茶翅蝽,海棠,危害
茶翅蝽,山楂,危害
茶翅蝽,樱桃,危害
茶翅蝽,榅桲,危害
茶翅蝽,柑橘,危害
茶翅蝽,石榴,危害
梨网蝽,苹果,危害
梨网蝽,海棠,危害
梨网蝽,花红,危害
梨网蝽,沙果,危害
梨网蝽,樱桃,危害
梨网蝽,山楂,危害
梨网蝽,梨树,危害
葡萄拟茎点霉腐烂病,葡萄,危害
葡萄白腐病,葡萄,危害
葡萄穗轴褐枯病,葡萄,危害
葡萄炭疽病,葡萄,危害
葡萄大房枯病,葡萄,危害
葡萄黑痘病,葡萄,危害
葡萄盘多毛孢蔓枯病,葡萄,危害
葡萄皮尔斯病,葡萄种,危害
葡萄皮尔斯病,熏衣草,危害
葡萄皮尔斯病,百合,危害
葡萄皮尔斯病,巴丹杏,危害
葡萄皮尔斯病,昆土兰栗,危害
葡萄皮尔斯病,苜蓿,危害
葡萄扇叶病,葡萄,危害
葡萄栓皮病,葡萄,危害
葡萄茎痘病,葡萄,危害
葡萄黄金病,葡萄,危害
葡萄花叶病,葡萄,危害
葡萄转色病,葡萄,危害
葡萄日灼病,葡萄,危害
葡萄黄叶病,葡萄,危害
葡萄缺铁病,葡萄,危害
葡萄缺钾病,葡萄,危害
葡萄缺锌病,葡萄,危害
葡萄长须卷蛾,葡萄,危害
葡萄长须卷蛾,棠梨,危害
葡萄长须卷蛾,油桐,危害
葡萄长须卷蛾,大豆,危害
雀纹天蛾,葡萄,危害
雀纹天蛾,常春藤,危害
葡萄斑蛾,葡萄,危害
旋目夜蛾,合欢,危害
旋目夜蛾,泡桐,危害
旋目夜蛾,苹果,危害
旋目夜蛾,葡萄,危害
旋目夜蛾,柑橘,危害
旋目夜蛾,枇杷,危害
葡萄虎蛾,葡萄,危害
台湾黄毒蛾,葡萄,危害
台湾黄毒蛾,柑橘,危害
台湾黄毒蛾,咖啡,危害
台湾黄毒蛾,芦笋,危害
葡萄十星叶甲,葡萄,危害
葡萄十星叶甲,爬山虎,危害
葡萄十星叶甲,黄荆树,危害
葡萄瘿蚊,葡萄,危害
葡萄根瘤蚜,葡萄,危害
桃一点斑叶蝉,葡萄,危害
桃一点斑叶蝉,桂花,危害
桃一点斑叶蝉,樱花,危害
桃一点斑叶蝉,海桐,危害
烟蓟马,葡萄,危害
烟蓟马,苹果,危害
烟蓟马,柑橘,危害
烟蓟马,草莓,危害
烟蓟马,菠萝,危害
烟蓟马,烟草,危害
葡萄虎天牛,葡萄,危害
葡萄透翅蛾,葡萄,危害
斑喙丽金龟,葡萄,危害
斑喙丽金龟,山楂,危害
斑喙丽金龟,苹果,危害
斑喙丽金龟,板栗,危害
斑喙丽金龟,菜豆,危害
斑喙丽金龟,大豆,危害
斑喙丽金龟,玉米,危害
猕猴桃褐色麻斑病,猕猴桃,危害
猕猴桃溃疡病,猕猴桃,危害
栗炭疽病,板栗,危害
栗大蚜,板栗,危害
栗大蚜,白栎,危害
栗大蚜,麻栎,危害
栗小爪螨,形纲,危害
栗小爪螨,山楂,危害
栗实象虫,板栗,危害
栗实象虫,茅栗,危害
栗实象虫,栎类,危害
栗实象虫,榛子,危害
栗瘿蜂,栗树,危害
银杏大蚕蛾,苹果,危害
银杏大蚕蛾,樱桃,危害
银杏大蚕蛾,核桃,危害
银杏大蚕蛾,银杏,危害
核桃灰斑病,核桃,危害
核桃白粉病,核桃,危害
核桃举肢蛾,核桃,危害
云斑天牛,核桃,危害
云斑天牛,苹果,危害
云斑天牛,核桃树,危害
核桃叶甲,核桃,危害
核桃叶甲,泡核桃,危害
核桃叶甲,枫杨,危害
褐边绿刺蛾,茶树,危害
褐边绿刺蛾,板栗,危害
黄刺蛾,李,危害
黄刺蛾,桃,危害
黄刺蛾,楂,危害
美国白蛾,苹果,危害
美国白蛾,海棠,危害
美国白蛾,山楂,危害
美国白蛾,樱桃,危害
美国白蛾,葡萄,危害
木橑尺蠖,为害,危害
木橑尺蠖,橑和核桃,危害
枣锈病,枣树,危害
枣焦叶病,枣树,危害
枣炭疽病,枣树,危害
枣树根朽病,枣树,危害
枣树腐烂病,枣树,危害
枣缩果病,枣果,危害
枣树根癌病,枣树,危害
枣疯病,枣树,危害
枣瘿蚊,害枣,危害
枣飞象,苹果,危害
枣飞象,核桃,危害
枣飞象,泡桐,危害
枣飞象,大豆,危害
红缘天牛,苹果,危害
梨二叉蚜,狗尾草,危害
梨笠圆盾蚧,苹果,危害
梨笠圆盾蚧,海棠,危害
梨笠圆盾蚧,山楂,危害
梨笠圆盾蚧,葡萄,危害
梨笠圆盾蚧,核桃,危害
梨笠圆盾蚧,柑橘,危害
梨笠圆盾蚧,柠檬,危害
梨笠圆盾蚧,醋栗,危害
梨笠圆盾蚧,樱桃,危害
梨笠圆盾蚧,草莓,危害
日本龟蜡蚧,柑,危害
日本龟蜡蚧,果,危害
日本龟蜡蚧,梨,危害
梨蝽,苹果,危害
梨蝽,山楂,危害
梨蝽,沙果,危害
梨蝽,樱桃,危害
梨蝽,海棠,危害
梨蝽,梨树,危害
梨蝽,梨果,危害
梨缩叶壁虱,杜梨,危害
梨缩叶壁虱,巴梨,危害
梨潜皮细蛾,苹果,危害
梨叶肿瘿螨,苹果,危害
梨茎蜂,梨树,危害
梨茎蜂,苹果,危害
梨茎蜂,海棠,危害
梨茎蜂,杜梨,危害
梨眼天牛,苹果,危害
梨眼天牛,海棠,危害
梨眼天牛,山楂,危害
梨眼天牛,仁果类,危害
梨小吉丁虫,枇杷,危害
梨小吉丁虫,锣木,危害
梨金缘吉丁,鞘翅,危害
梨金缘吉丁,吉丁,危害
梨金缘吉丁,梨,危害
梨金缘吉丁,苹果,危害
梨黄卷蛾,苹果,危害
梨黄卷蛾,樱桃,危害
梨黄卷蛾,大豆,危害
梨大叶蜂,山楂,危害
梨大叶蜂,樱桃,危害
梨大叶蜂,山定子,危害
梨大叶蜂,木瓜,危害
梨大绿蚜,苹果,危害
梨大绿蚜,枇杷,危害
梨大绿蚜,厚皮香,危害
盐源片盾蚧,苹果,危害
盐源片盾蚧,木瓜,危害
珀蝽,梨,危害
辽梨木虱,山梨,危害
辽梨木虱,白梨,危害
辽梨木虱,洋梨,危害
铜绿丽金龟,桃,危害
铜绿丽金龟,李,危害
铜绿丽金龟,樱,危害
白星花金龟,梨,危害
山楂叶斑病,山楂,危害
山楂花腐病,山楂,危害
山楂立枯病,山楂,危害
山楂小食心虫,山楂,危害
梨小食心虫,山楂,危害
梨小食心虫,苹果,危害
梨小食心虫,樱桃,危害
梨小食心虫,沙果,危害
梨小食心虫,山荆子,危害
梨小食心虫,海棠,危害
梨小食心虫,木瓜,危害
梨小食心虫,枇杷,危害
白小食心虫,苹果,危害
白小食心虫,樱桃,危害
白小食心虫,山楂,危害
白小食心虫,沙果,危害
白小食心虫,海棠,危害
山楂绢粉蝶,山楂,危害
山楂绢粉蝶,苹果,危害
山楂绢粉蝶,花红,危害
山楂绢粉蝶,冷杉,危害
山楂绢粉蝶,落叶松,危害
山楂花象甲,山楂,危害
山楂花象甲,山里红,危害
山楂萤叶甲,山楂,危害
山楂萤叶甲,苹果,危害
金环胡蜂,葡萄,危害
金环胡蜂,山楂,危害
金环胡蜂,苹果,危害
金环胡蜂,柑橘,危害
山楂喀木虱,山楂,危害
山楂喀木虱,山里红,危害
桃小食心虫,花红,危害
桃小食心虫,海棠,危害
桃小食心虫,山楂,危害
桃小食心虫,木瓜,危害
桃蛀螟,核桃,危害
桃蛀螟,无花果,危害
桃蛀螟,松树,危害
芽白小卷蛾,山楂,危害
芽白小卷蛾,海棠,危害
黄斑长翅卷叶蛾,苹果,危害
黄斑长翅卷叶蛾,杠梨,危害
黄斑长翅卷叶蛾,山荆子,危害
黄斑长翅卷叶蛾,海棠,危害
梨星毛虫,苹果,危害
梨星毛虫,海棠,危害
梨星毛虫,海红,危害
梨星毛虫,花红,危害
棉铃虫,苹果,危害
棉铃虫,柑橘,危害
棉铃虫,葡萄,危害
棉铃虫,无花果,危害
棉铃虫,草莓,危害
苹果球蚧,苹果,危害
苹果球蚧,梹沙果,危害
苹果球蚧,海棠,危害
苹果球蚧,山楂,危害
苹果球蚧,樱桃,危害
金缘吉丁虫,山楂,危害
金缘吉丁虫,苹果,危害
金缘吉丁虫,樱桃,危害
金缘吉丁虫,梹沙果,危害
旋纹潜叶蛾,苹果,危害
旋纹潜叶蛾,砂果,危害
舞毒蛾,樱桃,危害
舞毒蛾,柑橘,危害
舞毒蛾,稠李,危害
扁刺蛾,茶树,危害
扁刺蛾,苹果,危害
扁刺蛾,柑橘,危害
扁刺蛾,樱桃,危害
扁刺蛾,枇杷,危害
扁刺蛾,核桃,危害
扁刺蛾,芒果,危害
红棕灰夜蛾,茄子,危害
红棕灰夜蛾,胡萝卜,危害
红棕灰夜蛾,甜菜,危害
红棕灰夜蛾,草莓,危害
红棕灰夜蛾,枸杞,危害
红棕灰夜蛾,茼蒿,危害
红棕灰夜蛾,菜豆,危害
红棕灰夜蛾,草食蚕,危害
红棕灰夜蛾,豌豆,危害
红棕灰夜蛾,苜蓿,危害
红棕灰夜蛾,大豆,危害
红棕灰夜蛾,豇豆,危害
红棕灰夜蛾,黑莓,危害
桑褶翅尺蠖,苹果,危害
桑褶翅尺蠖,山楂,危害
桑褶翅尺蠖,核桃,危害
小青花金龟,海棠,危害
苹毛丽金龟,苹果,危害
苹毛丽金龟,樱桃,危害
苹毛丽金龟,海棠,危害
苹毛丽金龟,葡萄,危害
棉花弧丽金龟,棉花,危害
棉花弧丽金龟,玉米,危害
棉花弧丽金龟,高粱,危害
棉花弧丽金龟,大豆,危害
棉花弧丽金龟,月季,危害
棉花弧丽金龟,黑莓,危害
棉花弧丽金龟,玫瑰,危害
棉花弧丽金龟,芍药,危害
棉花弧丽金龟,合欢,危害
棉花弧丽金龟,板栗,危害
棉花弧丽金龟,苹果,危害
棉花弧丽金龟,弥猴桃,危害
东方盔蚧,苹果,危害
东方盔蚧,山楂,危害
东方盔蚧,葡萄,危害
绣线菊蚜,苹果,危害
绣线菊蚜,沙果,危害
桃炭疽病,桃树,危害
桃细菌性穿孔病,桃树,危害
桃煤污病,桃树,危害
苹毛虫,樱桃,危害
苹毛虫,苹果,危害
桃树木腐病,老桃树,危害
桃灰霉病,桃树,危害
桃白纹羽病,桃树,危害
桃瘿螨畸果病,桃树,危害
桃剑纹夜蛾,山楂,危害
桑剑纹夜蛾,山楂,危害
蓝目天蛾,苹果,危害
蓝目天蛾,樱桃,危害
褐刺蛾,柑,危害
双齿绿刺蛾,海棠,危害
双齿绿刺蛾,桃,危害
双齿绿刺蛾,梅,危害
中国绿刺蛾,苹果,危害
中国绿刺蛾,柑橘,危害
中国绿刺蛾,樱桃,危害
中国绿刺蛾,油桐,危害
中国绿刺蛾,枇杷,危害
白杨枯叶蛾,苹果,危害
白杨枯叶蛾,海棠,危害
白杨枯叶蛾,山定子,危害
黄斑卷蛾,苹果,危害
黄斑卷蛾,杠梨,危害
黄斑卷蛾,山荆子,危害
黄斑卷蛾,海棠,危害
水木坚蚧,山楂,危害
水木坚蚧,苹果,危害
水木坚蚧,葡萄,危害
水木坚蚧,核桃,危害
水木坚蚧,刺槐,危害
桃小蠹,樱桃,危害
海棠透翅蛾,苹果,危害
海棠透翅蛾,沙果,危害
海棠透翅蛾,海棠,危害
海棠透翅蛾,樱桃,危害
桃瘤蚜,樱桃,危害
桃瘤蚜,禾本,危害
李细菌性穿孔病,李树,危害
黄斑卷叶蛾,苹果,危害
黄斑卷叶蛾,杠梨,危害
黄斑卷叶蛾,山荆子,危害
黄斑卷叶蛾,海棠,危害
杏象甲,樱桃,危害
苹小卷叶蛾,苹果,危害
苹小卷叶蛾,山楂,危害
苹小卷叶蛾,柑桔,危害
苹小卷叶蛾,棉花,危害
铜绿丽金龟子,桃,危害
铜绿丽金龟子,李,危害
铜绿丽金龟子,樱,危害
李短尾蚜,芹菜,危害
李短尾蚜,菊科植,危害
李短尾蚜,东北,危害
杏黑粒枝枯病,杏树,危害
杏细菌性穿孔病,樱桃,危害
苹果轮纹病,苹果,危害
苹果灰斑病,苹果,危害
苹果斑点落叶病,苹果,危害
苹果白粉病,苹果,危害
苹果白粉病,沙果,危害
苹果白粉病,海棠,危害
苹果白粉病,槟子,危害
苹果白粉病,榅桲,危害
苹果白粉病,山定子,危害
苹果银叶病,苹果,危害
苹果银叶病,樱桃,危害
苹果树赤衣病,苹果,危害
苹果树褐色膏药病,苹果,危害
苹果树褐色膏药病,樱桃,危害
苹果树褐色膏药病,油桐,危害
苹果树白纹羽病,苹果,危害
苹果树紫纹羽病,苹果,危害
苹果树紫纹羽病,葡萄,危害
苹果树白绢病,苹果,危害
苹果树白绢病,葡萄,危害
苹果树白绢病,花生,危害
苹果树白绢病,大豆,危害
苹果树白绢病,瓜类,危害
苹果树白绢病,番茄,危害
苹果树白绢病,苜蓿,危害
苹果圆斑根腐病,苹果,危害
苹果圆斑根腐病,葡萄,危害
苹果圆斑根腐病,核桃,危害
苹果苗立枯病,苹果,危害
苹果苗立枯病,海棠,危害
苹果苗立枯病,香椿,危害
苹果苗立枯病,臭椿,危害
苹果苗立枯病,银杏,危害
苹果苗立枯病,刺槐,危害
苹果毛根病,苹果,危害
苹果根癌病,苹果,危害
苹果根癌病,葡萄,危害
苹果根癌病,林木,危害
苹果绿皱果病,苹果,危害
苹果皱叶病,苹果,危害
苹果茎痘病,苹果,危害
苹果茎沟病,苹果,危害
苹果扁枝病,苹果,危害
苹果扁枝病,樱桃,危害
苹果扁枝病,核桃,危害
苹果高接衰退病,苹果,危害
苹果环斑果病,苹果,危害
苹果根结线虫病,苹果,危害
苹果根腐线虫病,果树,危害
苹果根腐线虫病,作物,危害
苹果根腐线虫病,蔬菜,危害
苹果根腐线虫病,饲料植物,危害
苹果根腐线虫病,杂草,危害
苹果根腐线虫病,苹果树,危害
苹果枝腐病,苹果,危害
苹果缺硼缩果症,葡萄,危害
苹果缺硼缩果症,山植,危害
苹果青霉病,苹果,危害
苹小食心虫,苹果,危害
苹小食心虫,山楂,危害
苹毛虫,沙果,危害
苹果小卷蛾,苹果,危害
苹果小卷蛾,山楂,危害
苹果小卷蛾,柑橘,危害
苹褐卷叶蛾,苹果,危害
苹褐卷叶蛾,樱桃,危害
苹褐卷叶蛾,山楂,危害
苹褐卷叶蛾,鼠李,危害
苹果卷蛾,苹果,危害
苹果卷蛾,山楂,危害
苹果卷蛾,沙果,危害
苹果卷蛾,海棠,危害
苹果卷蛾,樱桃,危害
苹果卷蛾,山槐,危害
顶芽卷蛾,苹果,危害
桑褐刺蛾,柑橘,危害
桑褐刺蛾,白杨,危害
双齿绿刺蛾,苹果,危害
双齿绿刺蛾,梹沙果,危害
双齿绿刺蛾,樱桃,危害
双齿绿刺蛾,黑刺李,危害
双齿绿刺蛾,核桃,危害
双齿绿刺蛾,柑橘,危害
苹果蠹蛾,苹果,危害
苹果蠹蛾,沙果,危害
苹果蠹蛾,石榴,危害
盗毒蛾,苹果,危害
盗毒蛾,梨,危害
苹果巢蛾,苹果,危害
苹果巢蛾,沙果,危害
苹果巢蛾,山楂,危害
苹果巢蛾,海棠,危害
苹果透翅蛾,苹果,危害
苹果透翅蛾,樱桃,危害
柳干木蠹蛾,苹果,危害
柳干木蠹蛾,山楂,危害
柳干木蠹蛾,樱桃,危害
柳干木蠹蛾,核桃,危害
淡褐巢蛾,苹果,危害
淡褐巢蛾,山楂,危害
淡褐巢蛾,樱桃,危害
淡褐巢蛾,海棠,危害
金纹细蛾,苹果,危害
金纹细蛾,海棠,危害
金纹细蛾,樱桃,危害
金纹细蛾,山楂,危害
苹果瘤蚜,苹果,危害
苹果瘤蚜,海棠,危害
苹果瘤蚜,山楂,危害
苹果根绵蚜,苹果,危害
苹果根绵蚜,山楂,危害
苹果根绵蚜,海棠,危害
苹果根绵蚜,沙果,危害
苹果根绵蚜,山定子,危害
苹果根绵蚜,花生,危害
绿盲蝽,苹果,危害
绿盲蝽,樱桃,危害
绿盲蝽,葡萄,危害
绿盲蝽,菊花,危害
绿盲蝽,大丽花,危害
绿盲蝽,翠菊,危害
绿盲蝽,紫薇,危害
绿盲蝽,木槿,危害
苹果绵蚜,苹果,危害
苹果绵蚜,山楂,危害
苹果全爪螨,苹果,危害
苹果全爪螨,沙果,危害
苹果全爪螨,樱桃,危害
苹果全爪螨,海棠,危害
苹果全爪螨,山楂,危害
苹果全爪螨,葡萄,危害
苹果全爪螨,核桃,危害
果苔螨,苹果,危害
果苔螨,榛子,危害
果苔螨,沙果,危害
果苔螨,山楂,危害
果苔螨,樱桃,危害
二斑叶螨,苹果,危害
二斑叶螨,樱桃,危害
二斑叶螨,草莓,危害
二斑叶螨,葡萄,危害
苹果小吉丁,苹果,危害
苹果小吉丁,沙果,危害
苹果小吉丁,海棠,危害
苹果小吉丁,樱桃,危害
六斑吉丁虫,苹果,危害
六斑吉丁虫,柑橘,危害
薄翅锯天牛,苹果,危害
薄翅锯天牛,山楂,危害
薄翅锯天牛,核桃,危害
苹绕实蝇,苹果,危害
苹绕实蝇,山楂,危害
苹绕实蝇,越橘,危害
苹绕实蝇,樱桃,危害
苹黑痣小卷蛾,苹果,危害
苹果雕翅蛾,苹果,危害
苹果雕翅蛾,山楂,危害
苹果雕翅蛾,海棠,危害
苹果雕翅蛾,梹沙果,危害
苹果雕翅蛾,山定子,危害
果剑纹夜蛾,山楂,危害
果剑纹夜蛾,苹果,危害
苹果鞘蛾,苹果,危害
苹果鞘蛾,海棠,危害
苹果鞘蛾,山楂,危害
苹果鞘蛾,樱桃,危害
苹果塔叶蝉,海棠,危害
苹果塔叶蝉,葡萄,危害
苹果蓝跳甲,苹果,危害
苹果蓝跳甲,果树,危害
苹果蓝跳甲,柳树,危害
苹果蓝跳甲,杨树,危害
帽斑天牛,苹果,危害
帽斑天牛,山楂,危害
帽斑天牛,酸枣,危害
梨黑星病,梨树,危害
梨树干枯病,梨树,危害
梨树枝枯病,梨树,危害
梨锈病,梨树,危害
梨叶疫病,梨树,危害
梨煤污病,梨树,危害
梨石痘病,梨树,危害
梨大食心虫,梨树,危害
美国白蛾,李,危害
美国白蛾,棠,危害
中国绿刺蛾,梅,危害
中国绿刺蛾,桃,危害
梨尺蠖,苹果,危害
梨象甲,苹果,危害
梨象甲,花红,危害
梨象甲,山楂,危害
蘑菇菌盖斑点病,蘑菇,危害
蘑菇菌盖斑点病,平菇,危害
蘑菇菌盖斑点病,香菇,危害
蘑菇菌盖斑点病,猴头菇,危害
蘑菇细菌性斑点病,蘑菇,危害
蘑菇细菌性斑点病,平菇,危害
闽菇迟眼蕈蚊,蘑菇,危害
闽菇迟眼蕈蚊,平菇,危害
闽菇迟眼蕈蚊,香菇,危害
闽菇迟眼蕈蚊,茶树菇,危害
闽菇迟眼蕈蚊,金针菇,危害
闽菇迟眼蕈蚊,银耳,危害
闽菇迟眼蕈蚊,黑木耳,危害
平菇厉眼蕈蚊,平菇,危害
平菇厉眼蕈蚊,蘑菇,危害
平菇厉眼蕈蚊,香菇,危害
平菇厉眼蕈蚊,金针菇,危害
平菇厉眼蕈蚊,茶树菇,危害
平菇厉眼蕈蚊,天麻,危害
平菇厉眼蕈蚊,灵芝,危害
中华新蕈蚊,双翅,危害
中华新蕈蚊,菌蚊,危害
韭菜迟眼蕈蚊,食用菌,危害
韭菜迟眼蕈蚊,韭菜,危害
平菇青霉病,平菇,危害
平菇青霉病,蘑菇,危害
平菇青霉病,香菇,危害
平菇青霉病,金针菇,危害
双线嗜黏蛞蝓,蘑菇,危害
双线嗜黏蛞蝓,平菇,危害
双线嗜黏蛞蝓,香菇,危害
双线嗜黏蛞蝓,草菇,危害
双线嗜黏蛞蝓,木耳,危害
双线嗜黏蛞蝓,银耳,危害
平菇病毒病,平菇,危害
香菇绿霉病,香菇,危害
香菇畸形菇,香菇,危害
鸡腿菇红粉病,鸡腿菇,危害
鸡腿菇绿霉病,鸡腿菇,危害
鸡爪菌,鸡腿菇,危害
杏鲍菇青霉病,杏鲍菇,危害
木霉,食用菌,危害
黄瘤孢霉,蘑菇,危害
可变粉孢霉,蘑菇,危害
可变粉孢霉,平菇,危害
可变粉孢霉,草菇,危害
胡桃肉状菌,蘑菇,危害
胡桃肉状菌,金针菇,危害
粪生帚霉,蘑菇菇,危害
粪生帚霉,草菇,危害
粪生帚霉,凤尾菇菇,危害
鬼伞,草菇,危害
地碗菌,食用菌,危害
地碗菌,蘑菇,危害
地碗菌,平菇,危害
地碗菌,金针菇,危害
西瓜蔓枯病,西瓜,危害
西瓜枯萎病,西瓜,危害
西瓜炭疽病,西瓜,危害
西瓜疫病,西瓜,危害
西瓜斑点病,西瓜,危害
西瓜叶枯病,西瓜,危害
西瓜绵腐病,西瓜,危害
西瓜褐腐病,西瓜,危害
西瓜病毒病,西瓜,危害
西瓜绿斑驳花叶病,黄瓜,危害
西瓜绿斑驳花叶病,西瓜,危害
西瓜绿斑驳花叶病,瓠瓜,危害
西瓜绿斑驳花叶病,甜瓜,危害
西瓜根结线虫病,葫芦科,危害
西瓜根结线虫病,豆科,危害
西瓜根结线虫病,茄科,危害
西瓜猝倒病,西瓜,危害
西瓜黑斑病,西瓜,危害
西瓜白绢病,西瓜,危害
西瓜裂果症状,西瓜,危害
瓜绢螟,瓜类,危害
瓜绢螟,西瓜,危害
瓜绢螟,黄瓜,危害
瓜绢螟,苦瓜,危害
瓜绢螟,甜瓜,危害
瓜绢螟,丝瓜,危害
瓜绢螟,冬瓜,危害
瓜绢螟,番茄,危害
瓜绢螟,茄子,危害
瓜绢螟,木槿,危害
瓜绢螟,锦葵,危害
葫芦夜蛾,黄瓜,危害
葫芦夜蛾,节瓜,危害
葫芦夜蛾,葫芦,危害
葫芦夜蛾,泡桐,危害
黄足黄守瓜,瓜类蔬菜,危害
黄足黄守瓜,瓜类,危害
黄足黄守瓜,南瓜,危害
黄足黄守瓜,西瓜,危害
黄足黄守瓜,黄瓜,危害
黄足黄守瓜,蒲瓜,危害
黄足黑守瓜,瓜类蔬菜,危害
温室白粉虱,蔬菜,危害
温室白粉虱,黄瓜,危害
温室白粉虱,番茄,危害
温室白粉虱,茄子,危害
温室白粉虱,辣椒,危害
瓜褐蝽,节瓜,危害
瓜褐蝽,冬瓜,危害
瓜褐蝽,南瓜,危害
瓜褐蝽,丝瓜,危害
美洲斑潜蝇,蔬菜,危害
美洲斑潜蝇,多种,危害
美洲斑潜蝇,黄瓜,危害
美洲斑潜蝇,菜豆,危害
美洲斑潜蝇,番茄,危害
美洲斑潜蝇,白菜,危害
美洲斑潜蝇,油菜,危害
美洲斑潜蝇,芹菜,危害
美洲斑潜蝇,茼蒿,危害
美洲斑潜蝇,生菜,危害
烟粉虱,棉花,危害
烟粉虱,烟草,危害
烟粉虱,番薯,危害
烟粉虱,木薯,危害
烟粉虱,茄科,危害
烟粉虱,十字花科,危害
烟粉虱,葫芦科,危害
烟粉虱,豆科,危害
烟粉虱,锦葵科,危害
茶黄螨,茄子,危害
茶黄螨,辣椒,危害
茶黄螨,番茄,危害
茶黄螨,苦瓜,危害
茶黄螨,丝瓜,危害
茶黄螨,黄瓜,危害
茶黄螨,豇豆,危害
茶黄螨,菜豆,危害
茶黄螨,萝卜,危害
茶黄螨,芥菜,危害
朱砂叶螨,瓜类,危害
朱砂叶螨,豆类,危害
朱砂叶螨,玉米,危害
朱砂叶螨,高梁,危害
朱砂叶螨,向日葵,危害
朱砂叶螨,桑树,危害
朱砂叶螨,草萄,危害
朱砂叶螨,棉花,危害
朱砂叶螨,柑橘,危害
朱砂叶螨,黄瓜,危害
黄胸蓟马,瓜类,危害
黄胸蓟马,豇豆,危害
黄胸蓟马,四季豆,危害
黄胸蓟马,空心菜,危害
黄胸蓟马,辣椒,危害
黄胸蓟马,茄子,危害
黄胸蓟马,番茄,危害
黄胸蓟马,韭瓜,危害
黄胸蓟马,蚕豆,危害
黄胸蓟马,十字花科蔬菜,危害
华北蝼蛄,大豆,危害
华北蝼蛄,花生,危害
华北蝼蛄,甘薯,危害
同型巴蜗牛,韭菜,危害
同型巴蜗牛,白菜,危害
同型巴蜗牛,萝卜,危害
同型巴蜗牛,甘蓝,危害
同型巴蜗牛,花椰菜,危害
同型巴蜗牛,菜豆,危害
同型巴蜗牛,莴苣,危害
同型巴蜗牛,芹菜,危害
同型巴蜗牛,菠菜,危害
野蛞蝓,豆科,危害
野蛞蝓,十字花科,危害
野蛞蝓,茄科蔬菜,危害
野蛞蝓,落葵,危害
野蛞蝓,菠菜,危害
野蛞蝓,生菜,危害
野蛞蝓,杂草,危害
甜瓜大斑病,甜瓜,危害
甜瓜黑星病,黄瓜,危害
甜瓜黑星病,甜瓜,危害
甜瓜黑星病,南瓜,危害
甜瓜黑星病,西葫芦,危害
甜瓜白粉病,甜瓜,危害
甜瓜霜霉病,甜瓜,危害
甜瓜猝倒病,甜瓜,危害
甜瓜炭疽病,甜瓜,危害
甜瓜蔓枯病,甜瓜,危害
甜瓜枯萎病,甜瓜,危害
甜瓜细菌性叶枯病,甜瓜,危害
甜瓜病毒病,甜瓜,危害
甜瓜炭腐病,甜瓜,危害
甜瓜红粉病,甜瓜,危害
甜瓜镰刀菌果腐病,甜瓜,危害
甜瓜细菌性角斑病,甜瓜,危害
甜瓜细菌性叶斑病,甜瓜,危害
甜瓜细菌性叶斑病,黄瓜,危害
甜瓜细菌性叶斑病,冬瓜,危害
甜瓜细菌性叶斑病,丝瓜,危害
甜瓜细菌性叶斑病,苦瓜,危害
烟青虫,蚕豆,危害
烟青虫,豌豆,危害
烟青虫,青椒,危害
烟青虫,番茄,危害
烟青虫,南瓜,危害
烟青虫,烟草,危害
烟青虫,玉米,危害
银纹夜蛾,甘蓝,危害
银纹夜蛾,花椰菜,危害
银纹夜蛾,白菜,危害
银纹夜蛾,萝卜,危害
银纹夜蛾,十字花科,危害
银纹夜蛾,蔬菜,危害
银纹夜蛾,大豆,危害
银纹夜蛾,豌豆,危害
银纹夜蛾,莴苣,危害
银纹夜蛾,茄子,危害
银纹夜蛾,胡萝卜,危害
银纹夜蛾,泡桐,危害
银纹夜蛾,油桐,危害
甜菜夜蛾,甘蓝,危害
甜菜夜蛾,花椰菜,危害
甜菜夜蛾,白菜,危害
甜菜夜蛾,萝卜,危害
甜菜夜蛾,莴苣,危害
甜菜夜蛾,大葱,危害
甜菜夜蛾,番茄,危害
甜菜夜蛾,青椒,危害
黄曲条跳甲,油菜,危害
黄曲条跳甲,甘蓝,危害
黄曲条跳甲,白菜,危害
黄曲条跳甲,茄果类,危害
黄曲条跳甲,瓜类,危害
黄曲条跳甲,豆类,危害
黄足黄守瓜,甜瓜,危害
马铃薯瓢虫,马铃薯,危害
马铃薯瓢虫,茄子,危害
马铃薯瓢虫,青椒,危害
马铃薯瓢虫,豆类,危害
马铃薯瓢虫,瓜类,危害
马铃薯瓢虫,玉米,危害
马铃薯瓢虫,白菜,危害
番茄斑潜蝇,茄科,危害
番茄斑潜蝇,葫芦科,危害
番茄斑潜蝇,十字花科,危害
番茄斑潜蝇,番茄,危害
番茄斑潜蝇,瓜类,危害
番茄斑潜蝇,莴苣,危害
番茄斑潜蝇,豆类,危害
番茄斑潜蝇,甘蓝,危害
番茄斑潜蝇,油菜,危害
番茄斑潜蝇,白菜,危害
番茄斑潜蝇,茼蒿,危害
瓜实蝇,苦瓜,危害
瓜实蝇,丝瓜,危害
瓜实蝇,黄瓜,危害
瓜蚜,瓜类,危害
瓜蚜,茄科,危害
瓜蚜,豆科,危害
瓜蚜,十字花科,危害
瓜蚜,菊科,危害
油葫芦,白菜,危害
油葫芦,甘蓝,危害
油葫芦,毛豆,危害
黑绒金龟,苹果,危害
黑绒金龟,山楂,危害
苹果树干腐病,苹果,危害
豌豆炭疽病,豌豆,危害
豆秆黑潜蝇,大豆,危害
豌豆彩潜蝇,豌豆,危害
豌豆彩潜蝇,菜豆,危害
豌豆彩潜蝇,豇豆,危害
豌豆彩潜蝇,红小豆,危害
豌豆彩潜蝇,甘蓝,危害
豌豆彩潜蝇,白菜,危害
豌豆彩潜蝇,莴苣,危害
豌豆彩潜蝇,番茄,危害
端大蓟马,四季豆,危害
端大蓟马,豌豆,危害
端大蓟马,蚕豆,危害
端大蓟马,丝瓜,危害
端大蓟马,胡萝卜,危害
端大蓟马,白菜,危害
端大蓟马,油菜,危害
花蓟马,瓜类,危害
花蓟马,豆类,危害
豌豆象,豌豆,危害
豌豆象,扁豆,危害
斑须蝽,大豆,危害
斑须蝽,棉花,危害
斑须蝽,花生,危害
斑须蝽,绿豆,危害
斑须蝽,小麦,危害
斑须蝽,玉米,危害
斑须蝽,谷子,危害
斑须蝽,烟草,危害
斑须蝽,白菜,危害
斑须蝽,甘蓝,危害
条蜂缘蝽,蚕豆,危害
条蜂缘蝽,豌豆,危害
条蜂缘蝽,菜豆,危害
条蜂缘蝽,绿豆,危害
条蜂缘蝽,大豆,危害
条蜂缘蝽,豇豆,危害
条蜂缘蝽,水稻,危害
条蜂缘蝽,麦类,危害
条蜂缘蝽,高粱,危害
条蜂缘蝽,玉米,危害
条蜂缘蝽,红薯,危害
条蜂缘蝽,棉花,危害
条蜂缘蝽,甘蔗,危害
条蜂缘蝽,丝瓜,危害
豇豆荚螟,大豆,危害
豇豆荚螟,豇豆,危害
豇豆荚螟,绿豆,危害
豇豆荚螟,扁豆,危害
豇豆荚螟,刺槐,危害
豆荚斑螟,大豆,危害
豆荚斑螟,豇豆,危害
豆荚斑螟,豌豆,危害
豆荚斑螟,菜豆,危害
豆荚斑螟,扁豆,危害
豆荚斑螟,绿豆,危害
豆荚斑螟,刺槐,危害
肾毒蛾,大豆,危害
肾毒蛾,绿豆,危害
肾毒蛾,棉花,危害
肾毒蛾,甘薯,危害
肾毒蛾,苜蓿,危害
肾毒蛾,茶树,危害
肾毒蛾,苹果,危害
肾毒蛾,樱桃,危害
肾毒蛾,海棠,危害
肾毒蛾,柳树,危害
肾毒蛾,刺槐,危害
肾毒蛾,荷花,危害
肾毒蛾,月季,危害
肾毒蛾,茶花,危害
肾毒蛾,杜鹃,危害
肾毒蛾,垂丝海棠,危害
肾毒蛾,贴梗海棠,危害
肾毒蛾,紫藤,危害
肾毒蛾,胡枝子,危害
肾毒蛾,悬铃木,危害
豌豆修尾蚜,豌豆,危害
豌豆修尾蚜,蚕豆,危害
豌豆修尾蚜,大豆,危害
豆蚜,豇豆,危害
豆蚜,菜豆,危害
豆蚜,豌豆,危害
豆蚜,蚕豆,危害
豆蚜,苜蓿,危害
豆蚜,苕子,危害
豆蚜,绿豆,危害
豆蚜,花生,危害
豆蚜,甘草,危害
豆蚜,槐树,危害
扁豆褐斑病,扁豆,危害
扁豆角斑病,扁豆,危害
扁豆炭疽病,扁豆,危害
扁豆细菌性疫病,扁豆,危害
扁豆红斑病,扁豆,危害
扁豆黑斑病,扁豆,危害
扁豆斑点病,扁豆,危害
扁豆轮纹斑病,扁豆,危害
扁豆病毒病,扁豆,危害
扁豆羽蛾,扁豆,危害
扁豆夜蛾,扁豆,危害
豆卷叶螟,豇豆,危害
豆卷叶螟,毛豆,危害
豆卷叶螟,菜豆,危害
豆卷叶螟,扁豆,危害
豆卷叶螟,豌豆,危害
草地螟,小麦,危害
草地螟,燕麦,危害
草地螟,玉米,危害
草地螟,高粱,危害
草地螟,甜菜,危害
草地螟,甘蓝,危害
草地螟,大豆,危害
草地螟,豌豆,危害
草地螟,扁豆,危害
草地螟,马铃薯,危害
草地螟,向日葵,危害
草地螟,亚麻,危害
草地螟,瓜类,危害
草地螟,胡萝卜,危害
草地螟,洋葱,危害
草地螟,茴香,危害
草地螟,藜科,危害
草地螟,蓼科,危害
草地螟,菊科,危害
草地螟,杂草,危害
绿豆象,菜豆,危害
绿豆象,豇豆,危害
绿豆象,扁豆,危害
绿豆象,豌豆,危害
绿豆象,蚕豆,危害
绿豆象,绿豆,危害
绿豆象,赤豆,危害
扁豆小灰蝶,扁豆,危害
灰巴蜗牛,甘蓝,危害
灰巴蜗牛,花椰菜,危害
灰巴蜗牛,白菜,危害
灰巴蜗牛,萝卜,危害
灰巴蜗牛,豆类,危害
灰巴蜗牛,马铃薯,危害
蚕豆锈病,蚕豆,危害
蚕豆褐斑病,蚕豆,危害
蚕豆赤斑病,蚕豆,危害
蚕豆白粉病,蚕豆,危害
蚕豆茎基腐病,蚕豆,危害
蚕豆油壶火肿病,蚕豆,危害
蚕豆根腐病,蚕豆,危害
蚕豆枯萎病,蚕豆,危害
蚕豆炭疽病,蚕豆,危害
蚕豆霜霉病,蚕豆,危害
蚕豆茎疫病,蚕豆,危害
蚕豆轮纹病,蚕豆,危害
蚕豆立枯病,蚕豆,危害
蚕豆(BYMV)花叶病,蚕豆,危害
斑缘豆粉蝶,豆科蔬菜,危害
斑缘豆粉蝶,豆科,危害
蚕豆象,蚕豆,危害
蚕豆修尾蚜,豌豆,危害
蚕豆修尾蚜,蚕豆,危害
蚕豆修尾蚜,大豆,危害
黄花菜锈病,黄花菜,危害
黄花菜炭疽病,黄花菜,危害
黄花菜霉杆病,黄花菜,危害
黄花菜霉杆病,蚕豆,危害
刺足根螨,韭黄,危害
刺足根螨,韭菜,危害
刺足根螨,葱类,危害
刺足根螨,百合,危害
刺足根螨,甜菜,危害
刺足根螨,马铃薯,危害
刺足根螨,唐菖蒲,危害
刺足根螨,半夏,危害
刺足根螨,贝母,危害
枸杞负泥虫,枸杞,危害
枸杞蚜虫,枸杞,危害
枸杞木虱,枸杞,危害
枸杞木虱,龙葵,危害
三点盲蝽,牧草,危害
三点盲蝽,豆类,危害
茶翅蝽,草莓,危害
大青叶蝉,白菜,危害
大青叶蝉,甘蓝,危害
大青叶蝉,花椰菜,危害
大青叶蝉,萝卜,危害
大青叶蝉,菜豆,危害
大青叶蝉,番茄,危害
大青叶蝉,茄子,危害
大青叶蝉,马铃薯,危害
大青叶蝉,莴苣,危害
大青叶蝉,芹菜,危害
大青叶蝉,胡萝卜,危害
大青叶蝉,菠菜,危害
芦笋立枯病,芦笋,危害
甘蓝夜蛾,甘蓝,危害
甘蓝夜蛾,白菜,危害
甘蓝夜蛾,瓜类,危害
甘蓝夜蛾,豆类,危害
甘蓝夜蛾,茄果类蔬菜,危害
甘蓝夜蛾,甜菜,危害
小造桥虫,棉花,危害
小造桥虫,黄麻,危害
小造桥虫,茼麻,危害
小造桥虫,红麻,危害
大造桥虫,蕹菜,危害
大造桥虫,莴苣,危害
亚洲玉米螟,谷,危害
亚洲玉米螟,棉,危害
亚洲玉米螟,马铃薯,危害
烟蓟马,棉花,危害
烟蓟马,大葱,危害
烟蓟马,马铃薯,危害
花蓟马,甘蔗,危害
花蓟马,茄果类,危害
十四点负泥甲,小麦,危害
十四点负泥甲,石刁柏,危害
十四点负泥甲,文竹,危害
灰地种蝇,花椰菜,危害
灰地种蝇,白菜,危害
灰地种蝇,甘蓝,危害
灰地种蝇,瓜类,危害
灰地种蝇,蔬菜,危害
灰地种蝇,果树,危害
灰地种蝇,林木,危害
莲藕腐败病,莲藕,危害
莲藕尾孢褐斑病,莲藕,危害
莲藕褐纹病,莲藕,危害
莲藕炭疽病,莲藕,危害
莲藕小菌核叶腐病,莲藕,危害
莲缢管蚜,莲藕,危害
莲缢管蚜,慈菇,危害
莲缢管蚜,菱角,危害
莲缢管蚜,绿萍,危害
莲缢管蚜,睡莲,危害
莲缢管蚜,眼子菜,危害
莲缢管蚜,香蒲,危害
莲缢管蚜,川泽泻,危害
莲缢管蚜,慈姑,危害
莲潜叶摇蚊,荷花,危害
莲潜叶摇蚊,花莲,危害
莲潜叶摇蚊,藕莲,危害
莲潜叶摇蚊,碗莲,危害
莲潜叶摇蚊,子莲,危害
茭白纹枯病,茭白,危害
茭白瘟病,茭白,危害
莲藕根金花虫,莲藕,危害
莲藕根金花虫,莼菜,危害
莲藕根金花虫,茭白,危害
莲藕根金花虫,水稻,危害
莲藕根金花虫,矮慈姑,危害
莲藕根金花虫,眼子菜,危害
莲藕根金花虫,鸭舌草,危害
莲藕根金花虫,长叶泽泻,危害
茭白胡麻斑病,茭白,危害
茭白黑粉病,茭白,危害
二化螟,水稻,危害
二化螟,茭白,危害
二化螟,玉米,危害
二化螟,甘蔗,危害
二化螟,小米,危害
二化螟,芦苇,危害
二化螟,蚕豆,危害
二化螟,油菜,危害
长绿飞虱,茭白,危害
长绿飞虱,野茭白,危害
长绿飞虱,水稻,危害
白背飞虱,水稻,危害
白背飞虱,小麦,危害
白背飞虱,玉米,危害
白背飞虱,甘蔗,危害
白背飞虱,高粱,危害
白背飞虱,茭白,危害
白背飞虱,游草,危害
白背飞虱,看麦娘,危害
灰飞虱,茭白,危害
灰飞虱,水稻,危害
灰飞虱,小麦,危害
灰飞虱,大麦,危害
灰飞虱,玉米,危害
灰飞虱,高粱,危害
灰飞虱,甘蔗,危害
灰飞虱,稗草,危害
黄色白禾螟,荸荠,危害
中华蚱蜢,高粱,危害
中华蚱蜢,小麦,危害
中华蚱蜢,水稻,危害
中华蚱蜢,棉花,危害
中华蚱蜢,杂草,危害
中华蚱蜢,甘薯,危害
中华蚱蜢,甘蔗,危害
中华蚱蜢,白菜,危害
中华蚱蜢,甘蓝,危害
中华蚱蜢,萝卜,危害
中华蚱蜢,豆类,危害
中华蚱蜢,茄子,危害
中华蚱蜢,马铃薯,危害
中华蚱蜢,蔬菜,危害
中华蚱蜢,花卉,危害
蘑菇褐斑病,蘑菇,危害
蘑菇猝倒病,蘑菇,危害
佛手瓜蔓枯病,佛手瓜,危害
佛手瓜叶点病,佛手瓜,危害
苦瓜白斑病,苦瓜,危害
苦瓜炭疽病,苦瓜,危害
苦瓜斑点病,苦瓜,危害
苦瓜疫病,苦瓜,危害
苦瓜枯萎病,苦瓜,危害
苦瓜猝倒病,苦瓜,危害
苦瓜菌核病,苦瓜,危害
苦瓜根结线虫病,苦瓜,危害
苦瓜细菌性角斑病,苦瓜,危害
苦瓜病毒病,苦瓜,危害
苦瓜根霉果腐病,苦瓜,危害
菜豆白绢病,菜豆,危害
菜豆炭腐病,菜豆,危害
菜豆灰霉病,菜豆,危害
菜豆轮纹病,菜豆,危害
菜豆锈病,菜豆,危害
菜豆炭疽病,菜豆,危害
菜豆黑斑病,菜豆,危害
菜豆菌核病,菜豆,危害
菜豆褐斑病,菜豆,危害
菜豆根腐病,菜豆,危害
菜豆细菌性疫病,菜豆,危害
菜豆细菌性晕疫病,菜豆,危害
菜豆花叶病,菜豆,危害
菜豆花叶病,豇豆,危害
菜豆花叶病,扁豆,危害
菜豆花叶病,刀豆,危害
菜豆花叶病,毛豆,危害
菜豆根霉软腐病,菜豆,危害
菜豆细菌性叶斑病,菜豆,危害
双线盗毒蛾,豇豆,危害
双线盗毒蛾,丝瓜,危害
双线盗毒蛾,辣椒,危害
双线盗毒蛾,菜豆,危害
双线盗毒蛾,甘薯,危害
稀点雪灯蛾,番茄,危害
稀点雪灯蛾,茄子,危害
稀点雪灯蛾,辣椒,危害
稀点雪灯蛾,玉米,危害
稀点雪灯蛾,棉花,危害
稀点雪灯蛾,花生,危害
稀点雪灯蛾,小麦,危害
稀点雪灯蛾,谷子,危害
稀点雪灯蛾,大豆,危害
稀点雪灯蛾,甘薯,危害
稀点雪灯蛾,瓜类,危害
稀点雪灯蛾,薄荷,危害
双斑萤叶甲,豆类,危害
双斑萤叶甲,胡萝卜,危害
双斑萤叶甲,十字花科,危害
双斑萤叶甲,蔬菜,危害
双斑萤叶甲,马铃薯,危害
双斑萤叶甲,苜蓿,危害
双斑萤叶甲,花生,危害
双斑萤叶甲,玉米,危害
双斑萤叶甲,高粱,危害
斑鞘豆叶甲,大豆,危害
斑鞘豆叶甲,苹果,危害
斑鞘豆叶甲,白三叶草,危害
端大蓟马,花生,危害
端大蓟马,苜蓿,危害
端大蓟马,红花草,危害
端大蓟马,紫云英,危害
端大蓟马,苕子,危害
端大蓟马,猪屎豆,危害
端大蓟马,柽麻,危害
端大蓟马,小麦,危害
端大蓟马,水稻,危害
豆叶螨,菜豆,危害
豆叶螨,大豆,危害
截形叶螨,黄瓜,危害
截形叶螨,菜豆,危害
截形叶螨,茄子,危害
截形叶螨,玉米,危害
截形叶螨,大豆,危害
截形叶螨,棉花,危害
豇豆枯萎病,豇豆,危害
豇豆锈病,豇豆,危害
豇豆白粉病,豇豆,危害
豇豆白绢病,豇豆,危害
豇豆基腐病,豇豆,危害
豇豆根腐病,豇豆,危害
豇豆红斑病,豇豆,危害
豇豆根结线虫病,豇豆,危害
豇豆细菌性疫病,豇豆,危害
豇豆炭疽病,豇豆,危害
豇豆轮纹病,豇豆,危害
豇豆茎枯病,豇豆,危害
豇豆病毒病,豇豆,危害
毛豆锈病,毛豆,危害
毛豆叶斑病,毛豆,危害
红缘灯蛾,白菜,危害
红缘灯蛾,萝卜,危害
红缘灯蛾,菜豆,危害
红缘灯蛾,玉米,危害
美洲斑潜蝇,豇豆,危害
豆杆黑潜蝇,大豆,危害
筛豆龟蝽,菜豆,危害
筛豆龟蝽,扁豆,危害
筛豆龟蝽,大豆,危害
筛豆龟蝽,绿豆,危害
点蜂缘蝽,大豆,危害
点蜂缘蝽,花生,危害
点蜂缘蝽,芝麻,危害
点蜂缘蝽,蚕豆,危害
点蜂缘蝽,豇豆,危害
点蜂缘蝽,豌豆,危害
点蜂缘蝽,丝瓜,危害
点蜂缘蝽,白菜,危害
豆突眼长蝽,大豆,危害
豆突眼长蝽,绿豆,危害
豆突眼长蝽,豇豆,危害
豆突眼长蝽,菜豆,危害
豆突眼长蝽,刀豆,危害
豆突眼长蝽,赤豆,危害
豆突眼长蝽,山绿豆,危害
二斑叶螨,棉花,危害
二斑叶螨,玉米,危害
二斑叶螨,小麦,危害
二斑叶螨,大豆,危害
二斑叶螨,高粱,危害
毛豆炭疽病,毛豆,危害
毛豆根腐病,毛豆,危害
毛豆荚枯病,毛豆,危害
毛豆赤霉病,毛豆,危害
毛豆枯萎病,毛豆,危害
毛豆细菌斑疹病,毛豆,危害
毛豆立枯病,毛豆,危害
毛豆轮纹病,毛豆,危害
毛豆白粉病,毛豆,危害
毛豆灰星病,毛豆,危害
毛豆茎枯病,毛豆,危害
毛豆菌核疫病,毛豆,危害
毛豆煤斑病,毛豆,危害
毛豆羞萎病,毛豆,危害
毛豆紫斑病,毛豆,危害
豌豆褐斑病,豌豆,危害
豌豆褐纹病,豌豆,危害
豌豆白粉病,豌豆,危害
豌豆基腐病,豌豆,危害
西葫芦灰霉病,西葫芦,危害
西葫芦枯萎病,西葫芦,危害
西葫芦病毒病,西葫芦,危害
西葫芦日灼病,西葫芦,危害
冬瓜白粉病,冬瓜,危害
冬瓜霜霉病,冬瓜,危害
冬瓜枯萎病,冬瓜,危害
冬瓜蔓枯病,冬瓜,危害
冬瓜绵腐病,冬瓜,危害
冬瓜细菌性角斑病,冬瓜细,危害
冬瓜细菌性角斑病,冬瓜,危害
冬瓜细菌性角斑病,节瓜,危害
冬瓜细菌性角斑病,葫芦,危害
冬瓜细菌性角斑病,西葫芦,危害
冬瓜细菌性角斑病,丝瓜,危害
冬瓜细菌性角斑病,甜瓜,危害
冬瓜细菌性角斑病,西瓜,危害
冬瓜细菌性角斑病,笋瓜,危害
冬瓜软腐病,冬瓜软,危害
冬瓜软腐病,冬瓜,危害
冬瓜软腐病,节瓜,危害
冬瓜软腐病,十字花科,危害
冬瓜软腐病,茄科蔬菜,危害
冬瓜软腐病,芹菜,危害
冬瓜软腐病,莴苣,危害
冬瓜(叶点霉)叶斑病,冬瓜,危害
冬瓜病毒病,冬瓜,危害
冬瓜病毒病,黄瓜,危害
冬瓜绵疫病,冬瓜,危害
冬瓜菌核病,冬瓜,危害
黄蓟马,蔬菜,危害
黄蓟马,大豆,危害
黄蓟马,瓜类,危害
黄蓟马,茄子,危害
黄蓟马,油菜,危害
黄蓟马,棉花,危害
黄蓟马,甘薯,危害
黄蓟马,玉米,危害
黄蓟马,百合,危害
黄蓟马,紫云英,危害
瓠瓜霜霉病,瓠瓜,危害
瓠瓜白粉病,瓠瓜,危害
瓠瓜炭疽病,瓠瓜,危害
瓠瓜灰霉病,瓠瓜,危害
瓠瓜枯萎病,瓠瓜,危害
瓠瓜褐腐病,瓠瓜,危害
瓠瓜细菌性角斑病,葫芦,危害
瓠瓜细菌性角斑病,西葫芦,危害
瓠瓜细菌性角斑病,冬瓜,危害
瓠瓜细菌性角斑病,节瓜,危害
瓠瓜细菌性角斑病,丝瓜,危害
瓠瓜细菌性角斑病,甜瓜,危害
瓠瓜细菌性角斑病,西瓜,危害
瓠瓜细菌性角斑病,笋瓜,危害
瓠瓜煤污病,瓠瓜,危害
丝瓜霜霉病,丝瓜,危害
丝瓜白粉病,丝瓜,危害
丝瓜白斑病,丝瓜,危害
丝瓜病毒病,丝瓜,危害
丝瓜褐斑病,丝瓜,危害
丝瓜轮纹斑病,柑桔,危害
丝瓜轮纹斑病,苹果,危害
丝瓜轮纹斑病,三叶胶,危害
丝瓜果腐病,瓜果,危害
丝瓜根结线虫病,丝瓜,危害
丝瓜化瓜,丝瓜,危害
节瓜蓟马,节瓜,危害
节瓜蓟马,冬瓜,危害
节瓜蓟马,黄瓜,危害
节瓜蓟马,番茄,危害
节瓜蓟马,菠菜,危害
节瓜蓟马,豆类,危害
南瓜疫病,南瓜,危害
南瓜白粉病,南瓜,危害
南瓜白绢病,南瓜,危害
南瓜病毒病,南瓜,危害
南瓜斑点病,南瓜,危害
南瓜霜霉病,南瓜,危害
南瓜炭疽病,南瓜,危害
南瓜根结线虫病,南瓜,危害
南瓜根霉果腐病,南瓜,危害
南瓜褐腐病,南瓜,危害
南瓜银叶病,南瓜,危害
南瓜化瓜,南瓜,危害
飞碟瓜病毒病,飞碟瓜,危害
飞碟瓜根霉果腐病,飞碟瓜,危害
飞碟瓜褐腐病,飞碟瓜,危害
飞碟瓜灰霉病,飞碟瓜,危害
飞碟瓜枯萎病,飞碟瓜,危害
飞碟瓜蔓枯病,飞碟瓜,危害
飞碟瓜脐腐病,飞碟瓜,危害
飞碟瓜化瓜,飞碟瓜,危害
佛手瓜白粉病,佛手瓜,危害
佛手瓜枯萎病,佛手瓜,危害
辣椒枯萎病,辣椒,危害
辣椒猝倒病,辣椒,危害
辣椒立枯病,辣椒,危害
辣椒根腐病,辣椒,危害
辣椒细菌性叶斑病,辣椒,危害
辣椒青枯病,辣椒,危害
辣椒疮痂病,辣椒,危害
辣椒病毒病,辣椒,危害
辣椒叶枯病,辣椒,危害
辣椒白斑病,辣椒,危害
茄无网蚜,茄科植物,危害
茄无网蚜,豆类,危害
茄无网蚜,甜菜,危害
辣椒实蝇,辣椒,危害
辣椒实蝇,茄子,危害
辣椒实蝇,番茄,危害
辣椒实蝇,黄瓜,危害
辣椒实蝇,蛇瓜,危害
辣椒实蝇,苹果,危害
辣椒实蝇,香蕉,危害
辣椒实蝇,洋桃,危害
辣椒实蝇,咖啡,危害
辣椒实蝇,番石榴,危害
辣椒实蝇,荔枝,危害
辣椒实蝇,芒果,危害
辣椒实蝇,甜橙,危害
桃蚜,油菜,危害
桃蚜,白菜,危害
桃蚜,十字花科植物,危害
桃蚜,马铃薯,危害
桃蚜,烟草,危害
桃蚜,菠菜,危害
桃蚜,桃树,危害
桃蚜,李树,危害
桃蚜,枸杞,危害
小绿叶蝉,棉花,危害
小绿叶蝉,菜豆,危害
小绿叶蝉,十字花科蔬菜,危害
小绿叶蝉,甜菜,危害
茄子早疫病,茄子,危害
朱砂叶螨,花生,危害
茄子褐纹病,茄子,危害
茄子叶霉病,茄子,危害
茄子灰霉病,茄子,危害
茄子菌核病,茄子,危害
茄子褐色圆星病,茄子,危害
茄子绵疫病,茄子,危害
茄子根腐病,茄子,危害
茄子黄萎病,茄子,危害
茄子青枯病,茄子,危害
茄子软腐病,茄子,危害
茄根结线虫病,茄子,危害
茄根结线虫病,黄瓜,危害
茄根结线虫病,甜瓜,危害
茄根结线虫病,南瓜,危害
茄根结线虫病,番茄,危害
茄根结线虫病,胡萝卜,危害
茄子细轮纹病,茄子,危害
茄子裂果,茄子,危害
茄子落花,茄子,危害
茄子僵果,茄子,危害
茄子畸形果,茄子,危害
茄黄斑螟,茄子,危害
茄黄斑螟,辣椒,危害
茄二十八星瓢虫,茄子,危害
茄二十八星瓢虫,番茄,危害
茄二十八星瓢虫,青椒,危害
茄二十八星瓢虫,马铃薯,危害
茄二十八星瓢虫,葫芦科,危害
茄二十八星瓢虫,豆类,危害
茄二十八星瓢虫,瓜类,危害
茄二十八星瓢虫,玉米,危害
茄二十八星瓢虫,白菜,危害
茄二十八星瓢虫,黄瓜,危害
茄二十八星瓢虫,冬瓜,危害
茄二十八星瓢虫,丝瓜,危害
苜蓿夜蛾,亚麻,危害
苜蓿夜蛾,烟草,危害
苜蓿夜蛾,番茄,危害
苜蓿夜蛾,马铃薯,危害
苜蓿夜蛾,豌豆,危害
苜蓿夜蛾,大豆,危害
苜蓿夜蛾,苜蓿,危害
苜蓿夜蛾,甜菜,危害
苜蓿夜蛾,甘薯,危害
苜蓿夜蛾,玉米,危害
苜蓿夜蛾,花生,危害
大造桥虫,棉花,危害
大造桥虫,豆类,危害
大造桥虫,茄子,危害
大造桥虫,青椒,危害
大造桥虫,白菜,危害
大造桥虫,柑橘,危害
黄领麻纹灯蛾,茄子,危害
黄领麻纹灯蛾,菊芋,危害
黄领麻纹灯蛾,薄荷,危害
黄领麻纹灯蛾,草莓,危害
黄瓜叶斑病,黄瓜,危害
黄瓜叶斑病,西瓜,危害
黄瓜叶斑病,甜瓜,危害
黄瓜叶斑病,冬瓜,危害
黄瓜疫病,黄瓜,危害
黄瓜黑星病,黄瓜,危害
黄瓜黑斑病,黄瓜,危害
黄瓜红粉病,黄瓜,危害
黄瓜枯萎病,瓜类蔬菜,危害
黄瓜细菌性角斑病,黄瓜,危害
黄瓜根结线虫病,黄瓜,危害
黄瓜炭疽病,黄瓜,危害
黄瓜灰霉病,黄瓜,危害
黄瓜病毒病,黄瓜,危害
黄瓜软腐病,黄瓜,危害
西葫芦黑星病,西葫芦,危害
西葫芦白粉病,西葫芦,危害
西葫芦炭疽病,西葫芦,危害
蕹菜细菌性叶枯病,蕹菜,危害
甘薯麦蛾,蕹菜,危害
甘薯麦蛾,甘薯,危害
甘薯天蛾,甘薯,危害
甘薯天蛾,蕹菜,危害
甘薯天蛾,牵牛花,危害
甘薯天蛾,月光花,危害
甘薯天蛾,芋艿,危害
甘薯天蛾,葡萄,危害
甘薯天蛾,楸树,危害
甘薯天蛾,扁豆,危害
甘薯天蛾,赤小豆,危害
甘薯肖叶甲,甘薯,危害
甘薯肖叶甲,蕹菜,危害
甘薯肖叶甲,小旋花,危害
茴香菌核病,茴香,危害
茴香霜霉病,茴香,危害
茴香病毒病,茴香,危害
茴香凤蝶,茴香,危害
茴香凤蝶,胡萝卜,危害
茴香凤蝶,芹菜,危害
赤条蝽,胡萝卜,危害
赤条蝽,白菜,危害
赤条蝽,萝卜,危害
赤条蝽,茴香,危害
赤条蝽,洋葱,危害
茼蒿叶枯病,茼蒿,危害
茼蒿炭疽病,茼蒿,危害
茼蒿霜霉病,茼蒿,危害
茼蒿叶斑病,茼蒿,危害
茼蒿病毒病,茼蒿,危害
菜粉蝶,蔬菜,危害
菜粉蝶,油菜,危害
菜粉蝶,甘蓝,危害
菜粉蝶,花椰菜,危害
菜粉蝶,白菜,危害
菜螟,白菜,危害
菜螟,甘蓝,危害
菜螟,花椰菜,危害
菜螟,萝卜,危害
小菜蛾,甘蓝,危害
小菜蛾,花椰菜,危害
小菜蛾,白菜,危害
小菜蛾,油菜,危害
小菜蛾,萝卜,危害
小菜蛾,十字花科,危害
小菜蛾,马铃薯,危害
小菜蛾,番茄,危害
香芹花叶病,香芹,危害
香芹软腐病,香芹,危害
香芹斑枯病,香芹,危害
香芹叶斑病,香芹,危害
香芹根腐病,香芹,危害
芫荽立枯病,芫荽,危害
芫荽灰霉病,芫荽,危害
香芹根结线虫病,香芹,危害
芫荽菌核病,芫荽,危害
芫荽株腐病,芫荽,危害
芫荽软腐病,芫荽,危害
小地老虎,蔬菜,危害
叶芥菜黑斑病,叶芥菜,危害
叶芥菜黑腐病,叶芥菜,危害
叶芥菜霜霉病,叶芥菜,危害
番茄早疫病,番茄,危害
番茄晚疫病,番茄,危害
番茄叶霉病,番茄,危害
番茄灰叶斑病,番茄,危害
番茄灰斑病,番茄,危害
番茄煤污病,番茄,危害
番茄白粉病,番茄,危害
番茄斑枯病,番茄,危害
番茄煤霉病,番茄,危害
番茄芝麻斑病,番茄,危害
番茄灰霉病,番茄,危害
番茄白绢病,番茄,危害
番茄黑斑病,番茄,危害
番茄假黑斑病,番茄,危害
番茄绵腐病,番茄,危害
番茄绵疫病,番茄,危害
番茄酸腐病,番茄,危害
番茄红粉病,番茄,危害
番茄立枯病,番茄,危害
番茄枯萎病,番茄,危害
番茄茎基腐病,番茄,危害
番茄丛枝病,番茄,危害
番茄菌核病,番茄,危害
番茄黄萎病,番茄,危害
番茄细菌性斑疹病,番茄,危害
番茄溃疡病,番茄,危害
番茄青枯病,番茄,危害
番茄疮痂病,番茄,危害
番茄条斑病毒病,番茄,危害
番茄斑萎病毒病,番茄,危害
番茄蕨叶病毒病,番茄,危害
番茄花叶病毒病,番茄,危害
番茄根结线虫病,番茄,危害
番茄果实牛眼腐病,番茄,危害
番茄脐腐病,番茄,危害
番茄筋腐病,番茄,危害
番茄圆纹病,番茄,危害
番茄根霉果腐病,番茄,危害
番茄青霉果腐病,番茄,危害
番茄裂果,番茄,危害
番茄顶裂果,番茄,危害
番茄空洞果,番茄,危害
辣椒绵腐病,辣椒,危害
辣椒褐腐病,辣椒,危害
番茄细菌性褐斑病,番茄,危害
辣椒白星病,辣椒,危害
辣椒疫病,辣椒,危害
辣椒早疫病,辣椒,危害
辣椒褐斑病,辣椒,危害
辣椒炭疽病,辣椒,危害
辣椒黑斑病,辣椒,危害
辣椒脐腐病,辣椒,危害
辣椒叶霉病,辣椒,危害
菠菜病毒病,菠菜,危害
菠菜矮花叶病,豆科,危害
菠菜矮花叶病,蚕豆,危害
菠菜矮花叶病,豌豆,危害
菠菜矮花叶病,豇豆,危害
菠菜矮花叶病,四季豆,危害
菠菜矮花叶病,藜科,危害
菠菜矮花叶病,菠菜,危害
菠菜矮花叶病,昆诺藜,危害
菠菜矮花叶病,苋色藜,危害
菠菜矮花叶病,甜菜,危害
桃蚜,蔬菜,危害
桃蚜,茄科,危害
桃蚜,十字花科,危害
桃蚜,豆科,危害
桃蚜,蔷薇科,危害
桃蚜,茄果,危害
蝼蛄,蔬菜,危害
芹菜斑枯病,芹菜,危害
芹菜早疫病,芹菜,危害
芹菜黑斑病,芹菜,危害
芹菜立枯病,芹菜,危害
芹菜灰霉病,芹菜,危害
芹菜菌核病,芹菜,危害
芹菜软腐病,芹菜,危害
芹菜根结线虫病,芹菜,危害
芹菜病毒病,芹菜,危害
芹菜叶斑病,芹菜,危害
胡萝卜微管蚜,金银花,危害
胡萝卜微管蚜,黄花,危害
胡萝卜微管蚜,忍冬,危害
胡萝卜微管蚜,金银木,危害
胡萝卜微管蚜,莺树,危害
胡萝卜微管蚜,芹菜,危害
胡萝卜微管蚜,茴香,危害
胡萝卜微管蚜,香菜,危害
胡萝卜微管蚜,胡萝卜,危害
胡萝卜微管蚜,白芷,危害
胡萝卜微管蚜,当归,危害
胡萝卜微管蚜,香根芹,危害
胡萝卜微管蚜,水芹,危害
赤条蝽,芹菜,危害
莴笋霜霉病,莴笋,危害
莴笋灰霉病,莴笋,危害
莴笋菌核病,莴笋,危害
莴笋叶焦病,莴笋,危害
莴笋病毒病,莴笋,危害
莴笋褐斑病,莴笋,危害
莴笋软腐病,莴笋,危害
莴笋黑斑病,莴苣,危害
莴笋锈病,莴苣,危害
莴笋腐败病,莴笋,危害
莴笋叶缘坏死病,莴笋,危害
莴笋褐腐病,莴笋,危害
莴苣冬夜蛾,莴苣,危害
甘蓝夜蛾,十字花科蔬菜,危害
甘蓝夜蛾,茄果类,危害
甘蓝夜蛾,蔬菜,危害
甘蓝夜蛾,番茄,危害
甘蓝夜蛾,马铃薯,危害
肾毒蛾,莴笋,危害
大造桥虫,莴笋,危害
美洲斑潜蝇,莴笋,危害
温室白粉虱,莴笋,危害
灰地种蝇,莴笋,危害
莴笋指管蚜,莴笋,危害
莴笋指管蚜,苦菜,危害
莴笋指管蚜,苦荬菜,危害
蛴螬,荔浦芋,危害
灰巴蜗牛,莴笋,危害
野蛞蝓,莴笋,危害
生菜霜霉病,生菜,危害
生菜褐斑病,生菜,危害
生菜灰霉病,生菜,危害
生菜菌核病,生菜,危害
生菜软腐病,生菜,危害
生菜病毒病,生菜,危害
生菜褐腐病,生菜,危害
苋菜白锈病,苋菜,危害
苋菜褐斑病,苋菜,危害
苋菜炭疽病,苋菜,危害
苋菜病毒病,苋菜,危害
苋菜斑点病,苋菜,危害
苋菜灰霉病,苋菜,危害
温室白粉虱,苋菜,危害
落葵紫斑病,落葵,危害
落葵茎腐病,落葵,危害
落葵炭疽病,落葵,危害
落葵黑斑病,落葵,危害
落葵灰霉病,落葵,危害
落葵苗腐病,落葵,危害
落葵蛇眼病,落葵,危害
落葵花叶病,落葵,危害
落葵根结线虫病,落葵,危害
蕹菜白锈病,蕹菜,危害
蕹菜褐斑病,蕹菜,危害
蕹菜灰霉病,蕹菜,危害
西葫芦细菌性叶枯病,西葫芦,危害
西葫芦根霉果腐病,西葫芦,危害
西葫芦叶枯病,西葫芦,危害
西葫芦叶点病,西葫芦,危害
西葫芦霜霉病,西葫芦,危害
西葫芦银叶病,西葫芦,危害
豌豆锈病,豌豆,危害
豌豆灰霉病,豌豆,危害
豌豆根腐病,豌豆,危害
豌豆病毒病,豌豆,危害
豌豆黑斑病,豌豆,危害
豌豆芽枯病,豌豆,危害
葡萄轮斑病,葡萄,危害
葡萄轮纹病,葡萄,危害
葡萄蔓割病,葡萄,危害
葡萄叶斑病,葡萄,危害
葡萄小褐斑病,葡萄,危害
角斑古毒蛾,果,危害
角斑古毒蛾,杏,危害
橘灰象甲,柑橘,危害
橘灰象甲,龙眼,危害
橘灰象甲,荔枝,危害
橘灰象甲,茉莉,危害
橘灰象甲,野芝麻,危害
黑额光叶甲,玉米,危害
黑额光叶甲,算盘子,危害
黑额光叶甲,白茅属,危害
黑额光叶甲,蒿属,危害
茶翅蝽,梨,危害
茶翅蝽,李,危害
茶翅蝽,楂,危害
栗疫病,板栗,危害
荔枝拟木蠹蛾,翅目,危害
荔枝拟木蠹蛾,木蠹,危害
龙眼根腐病,龙眼,危害
龙眼根腐病,荔枝,危害
龙眼根腐病,枇杷,危害
八点灰灯蛾,白菜,危害
八点灰灯蛾,油菜,危害
八点灰灯蛾,菜心,危害
八点灰灯蛾,甘蓝,危害
八点灰灯蛾,十字花科,危害
八点灰灯蛾,蔬菜,危害
八点灰灯蛾,玉米,危害
八点灰灯蛾,大豆,危害
八点灰灯蛾,柑橘,危害
银纹夜蛾,十字花科蔬菜,危害
大菜粉蝶,白菜油菜,危害
大菜粉蝶,甘蓝,危害
大菜粉蝶,花椰菜,危害
大菜粉蝶,十字花科蔬菜,危害
菜叶蜂,白菜,危害
菜叶蜂,芫菁,危害
菜叶蜂,油菜,危害
菜叶蜂,甘蓝,危害
菜叶蜂,萝卜,危害
菜叶蜂,芥菜,危害
菜叶蜂,十字花科,危害
短额负蝗,白菜,危害
短额负蝗,甘蓝,危害
短额负蝗,萝卜,危害
短额负蝗,豆类,危害
短额负蝗,茄子,危害
短额负蝗,马铃薯,危害
短额负蝗,农作物,危害
菜潜蝇,菜心,危害
菜潜蝇,小白菜,危害
菜潜蝇,芥兰,危害
菜潜蝇,芥菜,危害
菜潜蝇,椰菜,危害
菜潜蝇,十字花科蔬菜,危害
菜潜蝇,豌豆,危害
菜潜蝇,番茄,危害
黄曲条跳甲,十字花科,危害
黄曲条跳甲,豆类蔬菜,危害
黄狭条跳甲,十字花科蔬菜,危害
黄宽条跳甲,白菜,危害
黄宽条跳甲,油菜,危害
黄宽条跳甲,大麦,危害
黄宽条跳甲,大麻,危害
黄宽条跳甲,甜菜,危害
油菜蚤跳甲,十字花科,危害
小猿叶甲,白菜,危害
小猿叶甲,萝卜,危害
小猿叶甲,芥菜,危害
小猿叶甲,花椰菜,危害
小猿叶甲,莴苣,危害
小猿叶甲,胡萝卜,危害
小猿叶甲,洋葱,危害
大猿叶甲,十字花科蔬菜,危害
大猿叶甲,白菜,危害
大猿叶甲,油菜,危害
菜蝽,白菜,危害
菜蝽,甘蓝,危害
菜蝽,花椰菜,危害
菜蝽,萝卜,危害
菜蝽,油菜,危害
菜蝽,芥菜,危害
菜蝽,十字花科,危害
横纹菜蝽,白菜,危害
横纹菜蝽,十字花科蔬菜,危害
甘蓝黄叶病,甘蓝,危害
甜菜根结线虫病,甜菜,危害
甜菜白带野螟,苋菜,危害
甜菜白带野螟,黄瓜,危害
甜菜白带野螟,玉米,危害
甜菜白带野螟,甘薯,危害
甜菜白带野螟,甘蔗,危害
甜菜白带野螟,甜菜,危害
甜菜白带野螟,大豆,危害
甜菜白带野螟,向日葵,危害
甜菜象甲,甜菜,危害
甜菜象甲,大豆,危害
甜菜象甲,亚麻,危害
甜菜象甲,大麻,危害
甜菜象甲,苜蓿,危害
甜菜象甲,菠菜,危害
甜菜象甲,白菜,危害
甜菜象甲,甘蓝,危害
甜菜象甲,瓜类,危害
甜菜跳甲,甜菜,危害
甜菜跳甲,芥麦,危害
甜菜跳甲,大黄,危害
甜菜跳甲,酸模,危害
甜菜大龟甲,甜菜,危害
甜菜潜叶蝇,甜菜,危害
甜菜潜叶蝇,菠菜,危害
甜菜白带野螟,棠鸡,危害
甜菜白带野螟,花,危害
甜菜白带野螟,鹃天,危害
甜菜白带野螟,葵红,危害
黄草地螟,甜菜,危害
黄草地螟,大豆,危害
黄草地螟,苜蓿,危害
黄草地螟,小蓟,危害
黄草地螟,紫苜蓿,危害
茶芽枯病,茶树,危害
茶圆赤星病,茶树,危害
茶煤病,茶树,危害
茶轮斑病,茶树,危害
茶炭疽病,茶树,危害
茶根癌病,茶树,危害
茶根癌病,苹果,危害
茶根癌病,葡萄,危害
茶根癌病,柑橘,危害
茶尺蠖,油茶,危害
茶尺蠖,大豆,危害
茶尺蠖,豇豆,危害
茶尺蠖,芝麻,危害
茶尺蠖,向日葵,危害
茶尺蠖,绣球花,危害
茶尺蠖,山茶,危害
茶尺蠖,忍冬,危害
茶尺蠖,山核桃,危害
茶尺蠖,杨栌,危害
茶尺蠖,钓樟,危害
茶尺蠖,石榴,危害
茶尺蠖,辣蓼,危害
茶毛虫,油茶,危害
茶毛虫,油桐,危害
茶毛虫,乌桕,危害
茶毛虫,柑橘,危害
茶毛虫,樱桃,危害
茶毛虫,枇杷,危害
茶毛虫,玉米,危害
茶长卷叶蛾,茶树,危害
茶长卷叶蛾,乌桕,危害
茶长卷叶蛾,苹果,危害
茶小卷叶蛾,茶树,危害
茶小卷叶蛾,山茶,危害
茶蓑蛾,莲藕,危害
茶褐蓑蛾,油茶,危害
茶褐蓑蛾,樟树,危害
茶褐蓑蛾,扁柏,危害
茶褐蓑蛾,刺槐,危害
大蓑蛾,苹果,危害
大蓑蛾,葡萄,危害
大蓑蛾,板栗,危害
大蓑蛾,核桃,危害
大蓑蛾,枇杷,危害
大蓑蛾,柑橘,危害
大蓑蛾,龙眼,危害
大蓑蛾,泡桐,危害
大蓑蛾,梧桐,危害
大蓑蛾,刺槐,危害
大蓑蛾,白杨,危害
大蓑蛾,桂花,危害
茶小蓑蛾,茶树,危害
茶小蓑蛾,害山,危害
褐刺蛾,柑橘,危害
褐刺蛾,枫杨,危害
褐刺蛾,乌桕,危害
丽绿刺蛾,油茶,危害
丽绿刺蛾,苹果,危害
丽绿刺蛾,芒果,危害
丽绿刺蛾,核桃,危害
丽绿刺蛾,咖啡,危害
丽绿刺蛾,石榴,危害
丽绿刺蛾,木棉,危害
奕刺蛾,油茶,危害
奕刺蛾,柑橘,危害
奕刺蛾,咖啡,危害
茶黑毒蛾,油茶,危害
台湾黄毒蛾,玉米,危害
台湾黄毒蛾,番茄,危害
台湾黄毒蛾,番石榴,危害
茶斑蛾,油茶,危害
茶斑蛾,山茶,危害
茶斑蛾,重阳木,危害
茶斑蛾,青红榆,危害
云尺蠖,茶树,危害
云尺蠖,油茶,危害
云尺蠖,油桐,危害
云尺蠖,刺槐,危害
云尺蠖,杨梅,危害
云尺蠖,大豆,危害
云尺蠖,玉米,危害
茶白毒蛾,茶树,危害
茶白毒蛾,油茶,危害
茶白毒蛾,柞树,危害
茶蚕,油茶,危害
茶蚕,厚皮香,危害
假眼小绿叶蝉,茶树,危害
假眼小绿叶蝉,花生,危害
假眼小绿叶蝉,大豆,危害
假眼小绿叶蝉,十字花科,危害
假眼小绿叶蝉,蔬菜,危害
假眼小绿叶蝉,果树,危害
假眼小绿叶蝉,药用植物,危害
棉叶蝉,棉花,危害
棉叶蝉,茄子,危害
棉叶蝉,番茄,危害
棉叶蝉,马铃薯,危害
棉叶蝉,豆类,危害
棉叶蝉,烟草,危害
棉叶蝉,葡萄,危害
棉叶蝉,柑橘,危害
棉叶蝉,杂草,危害
碧蛾蜡蝉,油茶,危害
碧蛾蜡蝉,乌桕,危害
碧蛾蜡蝉,柑橘,危害
碧蛾蜡蝉,龙眼,危害
碧蛾蜡蝉,板栗,危害
八点广翅蜡蝉,油茶,危害
八点广翅蜡蝉,黄麻,危害
八点广翅蜡蝉,大豆,危害
八点广翅蜡蝉,咖啡,危害
八点广翅蜡蝉,可可,危害
八点广翅蜡蝉,洋槐,危害
茶网蝽,茶树,危害
茶网蝽,油茶,危害
绿盲蝽,茶,危害
绿盲蝽,蓿,危害
绿盲蝽,类,危害
绿盲蝽,菜胡,危害
绿盲蝽,卜马,危害
绿盲蝽,薯,危害
绿盲蝽,桃,危害
绿盲蝽,榴,危害
绿盲蝽,萄,危害
茶角盲蝽,可可,危害
茶角盲蝽,芒果,危害
茶角盲蝽,番石榴,危害
油茶宽盾蝽,油茶,危害
茶二叉蚜,柑橘,危害
茶二叉蚜,咖啡,危害
茶二叉蚜,可可,危害
桔黄粉虱,茶树,危害
桔黄粉虱,柑桔,危害
桔黄粉虱,通草,危害
桔黄粉虱,常春藤,危害
黑刺粉虱,橘,危害
椰圆蚧,山茶,危害
椰圆蚧,椰子,危害
椰圆蚧,柑桔,危害
椰圆蚧,香蕉,危害
椰圆蚧,芒果,危害
椰圆蚧,荔枝,危害
椰圆蚧,木瓜,危害
椰圆蚧,葡萄,危害
茶梨蚧,茶树,危害
茶梨蚧,桑枝,危害
茶梨蚧,柑橘,危害
茶牡蛎蚧,油茶,危害
茶牡蛎蚧,乌柏,危害
蛇眼蚧,茶树,危害
蛇眼蚧,油茶,危害
蛇眼蚧,樟树,危害
蛇眼蚧,柑橘,危害
蛇眼蚧,苹果,危害
蛇眼蚧,杨梅,危害
青蛾蜡蝉,油茶,危害
青蛾蜡蝉,柑橘,危害
青蛾蜡蝉,葡萄,危害
茶枝镰蛾,油茶,危害
茶枝镰蛾,山茶,危害
茶材小蠹,蓖麻,危害
茶材小蠹,荔枝,危害
茶材小蠹,洋槐,危害
茶材小蠹,可可,危害
茶材小蠹,铁刀木,危害
茶材小蠹,茶树,危害
茶天牛,茶树,危害
茶天牛,油茶,危害
茶天牛,橡树,危害
茶红颈天牛,油茶,危害
绿鳞象甲,油茶,危害
绿鳞象甲,柑橘,危害
绿鳞象甲,棉花,危害
绿鳞象甲,甘蔗,危害
绿鳞象甲,桑树,危害
绿鳞象甲,大豆,危害
绿鳞象甲,花生,危害
绿鳞象甲,玉米,危害
茶丽纹象甲,油茶,危害
茶丽纹象甲,苎麻,危害
茶丽纹象甲,柑橘,危害
茶丽纹象甲,苹果,危害
茶丽纹象甲,刺槐,危害
大灰象甲,棉花,危害
大灰象甲,烟草,危害
大灰象甲,玉米,危害
大灰象甲,花生,危害
大灰象甲,马铃薯,危害
大灰象甲,辣椒,危害
大灰象甲,甜菜,危害
大灰象甲,瓜类,危害
大灰象甲,豆类,危害
大灰象甲,麻类,危害
大灰象甲,紫穗槐,危害
大灰象甲,洋槐,危害
大灰象甲,加拿大杨,危害
茶橙瘿螨,茶树,危害
茶橙瘿螨,油茶,危害
茶橙瘿螨,檀树,危害
茶橙瘿螨,漆树,危害
茶橙瘿螨,春蓼,危害
茶橙瘿螨,苦荬菜,危害
茶橙瘿螨,星宿菜,危害
茶叶瘿螨,茶树,危害
茶叶瘿螨,山茶,危害
侧多食附线螨,柑橘,危害
侧多食附线螨,咖啡,危害
侧多食附线螨,葡萄,危害
茶红螨,山茶,危害
茶红螨,咖啡,危害
茶红螨,棉花,危害
茶红螨,柑橘,危害
茶红螨,合欢,危害
茶红螨,毛栗,危害
茶红螨,橡胶,危害
神泽氏叶螨,茶树,危害
神泽氏叶螨,桑树,危害
神泽氏叶螨,棉花,危害
茶短须螨,山楂,危害
茶短须螨,沙梨,危害
茶短须螨,檀树,危害
茶短须螨,杜鹃,危害
茶棍蓟马,山茶,危害
咖啡小爪螨,山茶,危害
咖啡小爪螨,咖啡,危害
咖啡小爪螨,棉花,危害
咖啡小爪螨,柑桔,危害
咖啡小爪螨,合欢,危害
咖啡小爪螨,毛栗,危害
咖啡小爪螨,橡胶,危害
烟草炭疽病,烟草,危害
烟草炭疽病,茄子,危害
烟草炭疽病,番茄,危害
烟草炭疽病,辣椒,危害
烟草炭疽病,黄瓜,危害
烟草炭疽病,南瓜,危害
烟草炭疽病,龙葵,危害
烟草炭疽病,红三叶草,危害
烟草猝倒病,烟草,危害
烟草猝倒病,玉米,危害
烟草猝倒病,甘蔗,危害
烟草猝倒病,水稻,危害
烟草猝倒病,大豆,危害
烟草猝倒病,亚麻,危害
烟草猝倒病,甜菜,危害
烟草猝倒病,马铃薯,危害
烟草猝倒病,甘蓝,危害
烟草猝倒病,花椰莱,危害
烟草猝倒病,芹菜,危害
烟草猝倒病,黄瓜,危害
烟草猝倒病,茄子,危害
烟草猝倒病,南瓜,危害
烟草猝倒病,萝卜,危害
烟草猝倒病,葛昔,危害
烟草猝倒病,番茄,危害
烟草猝倒病,芥菜,危害
烟草猝倒病,莽菜,危害
烟草猝倒病,松树,危害
烟草赤星病,烟草,危害
烟草赤星病,番茄,危害
烟草赤星病,曼陀罗,危害
烟草白粉病,烟草,危害
烟草白粉病,芝麻,危害
烟草白粉病,马铃薯,危害
烟草白粉病,葫芦科,危害
烟草白粉病,菊科,危害
烟草根黑腐病,茄科,危害
烟草根黑腐病,豆科,危害
烟草根黑腐病,葫芦科,危害
烟草破烂叶斑病,烟草,危害
烟草破烂叶斑病,棉花,危害
烟草白绢病,烟草,危害
烟草白绢病,番茄,危害
烟草白绢病,茄子,危害
烟草白绢病,马铃薯,危害
烟草白绢病,棉花,危害
烟草白绢病,黄麻,危害
烟草白绢病,芝麻,危害
烟草白绢病,西瓜,危害
烟草白绢病,大豆,危害
烟草菌核病,十字花科,危害
烟草菌核病,菊科,危害
烟草菌核病,豆科,危害
烟草菌核病,茄科,危害
烟草菌核病,伞形花科,危害
烟草菌核病,锦葵科,危害
烟草菌核病,油菜,危害
烟草菌核病,向日葵,危害
烟草菌核病,大豆,危害
烟草菌核病,莴苣,危害
烟草菌核病,甘蓝,危害
烟草菌核病,大白菜,危害
烟草菌核病,菜豆,危害
烟草灰霉病,烟草,危害
烟草灰霉病,瓜类,危害
烟草灰霉病,茄果类,危害
烟草灰霉病,豆类,危害
烟草灰霉病,向日葵,危害
烟草霜霉病,烟草,危害
烟草青枯病,茄科,危害
烟草青枯病,豆科,危害
烟草青枯病,寥科,危害
烟草青枯病,紫草科,危害
烟草青枯病,凤仙花科,危害
烟草青枯病,烟草,危害
烟草青枯病,番茄,危害
烟草青枯病,花生,危害
烟草青枯病,马铃薯,危害
烟草野火病,烟草,危害
烟草野火病,大豆,危害
烟草野火病,莱豆,危害
烟草野火病,豇豆,危害
烟草野火病,马铃薯,危害
烟草野火病,番茄,危害
烟草野火病,茄子,危害
烟草野火病,胡椒,危害
烟草野火病,辣椒,危害
烟草野火病,黄瓜,危害
烟草野火病,白菜,危害
烟草野火病,曼陀罗,危害
烟草空胫病,烟草,危害
烟草空胫病,甘蓝,危害
烟草空胫病,胡萝卜,危害
烟草空胫病,芹菜,危害
烟草空胫病,黄瓜,危害
烟草空胫病,萝卜,危害
烟草空胫病,马铃薯,危害
烟草马铃薯Y病毒病,烟草,危害
烟草马铃薯Y病毒病,茄科,危害
烟草环斑病毒病,烟草,危害
烟草环斑病毒病,大豆,危害
烟草环斑病毒病,葫芦科,危害
烟草环斑病毒病,菊科,危害
烟草普通花叶病毒病,烟草,危害
烟草普通花叶病毒病,茄科,危害
烟草普通花叶病毒病,葫芦科,危害
烟草普通花叶病毒病,十字花科,危害
烟草普通花叶病毒病,菊科,危害
烟草黄瓜花叶病毒病,烟草,危害
烟草黄瓜花叶病毒病,黄瓜,危害
烟草黄瓜花叶病毒病,番茄,危害
烟草黄瓜花叶病毒病,辣椒,危害
烟草黄瓜花叶病毒病,甜瓜,危害
烟草黄瓜花叶病毒病,南瓜,危害
烟草黄瓜花叶病毒病,菠菜,危害
烟草黄瓜花叶病毒病,萝卜,危害
烟草黄瓜花叶病毒病,白菜,危害
烟草黄瓜花叶病毒病,油菜,危害
烟草黄瓜花叶病毒病,莽菜,危害
烟草黄瓜花叶病毒病,香蕉,危害
烟草黄瓜花叶病毒病,玉米,危害
烟草马铃薯X病毒病,茄科,危害
烟草马铃薯X病毒病,苋科,危害
烟草马铃薯X病毒病,黎科,危害
烟草坏死病毒病,烟草,危害
烟草坏死病毒病,黄瓜,危害
烟草曲叶病毒病,烟草,危害
烟草曲叶病毒病,番茄,危害
烟草曲叶病毒病,辣椒,危害
烟草曲叶病毒病,蔓陀罗,危害
烟草曲叶病毒病,番木瓜,危害
烟草曲叶病毒病,忍冬,危害
烟草曲叶病毒病,胜红蓟,危害
烟草立枯病,烟草,危害
烟草立枯病,油菜,危害
烟草立枯病,白菜,危害
烟草立枯病,马铃薯,危害
烟草立枯病,棉花,危害
烟草立枯病,红麻,危害
烟草立枯病,黄麻,危害
烟草立枯病,甜菜,危害
烟草立枯病,大豆,危害
烟草立枯病,花生,危害
烟草立枯病,茄子,危害
烟草黑胫病,烟草,危害
烟草黑胫病,蓖麻,危害
烟草黑胫病,番茄,危害
烟草黑胫病,茄子,危害
烟草黑胫病,马铃薯,危害
烟草黑胫病,辣椒,危害
烟草黑胫病,蚕豆,危害
烟草番茄斑萎病毒病,烟草,危害
烟草番茄斑萎病毒病,番茄,危害
烟草丛枝病,烟草,危害
烟草胞囊线虫病,烟草,危害
烟草胞囊线虫病,马铃薯,危害
烟草胞囊线虫病,茄子,危害
烟粉虱,番茄,危害
斑须蝽,泡桐,危害
烟实夜蛾,烟草,危害
烟实夜蛾,辣椒,危害
烟实夜蛾,番茄,危害
烟实夜蛾,南瓜,危害
烟实夜蛾,茄科,危害
烟实夜蛾,葫芦科,危害
烟实夜蛾,棉花,危害
烟实夜蛾,玉米,危害
烟实夜蛾,高粱,危害
烟实夜蛾,大豆,危害
烟实夜蛾,豌豆,危害
烟实夜蛾,扁豆,危害
烟草潜叶蛾,马铃薯,危害
烟草潜叶蛾,烟草,危害
烟草潜叶蛾,番茄,危害
烟草潜叶蛾,茄子,危害
烟草潜叶蛾,曼陀罗,危害
烟草潜叶蛾,枸杞,危害
烟草潜叶蛾,龙葵,危害
烟草潜叶蛾,酸浆,危害
烟草潜叶蛾,颠茄,危害
烟草潜叶蛾,茛菪,危害
烟草蛀茎蛾,烟草,危害
棉铃虫,烟草,危害
棉铃虫,大豆,危害
棉铃虫,花生,危害
棉铃虫,棉花,危害
棉铃虫,水稻,危害
棉铃虫,小麦,危害
斜纹夜蛾,烟草,危害
银纹夜蛾,烟草,危害
银纹夜蛾,油菜,危害
甜菜夜蛾,烟草,危害
甜菜夜蛾,谷类,危害
甜菜夜蛾,豆类,危害
甜菜夜蛾,芝麻,危害
甜菜夜蛾,花生,危害
甜菜夜蛾,玉米,危害
甜菜夜蛾,高粱,危害
甜菜夜蛾,棉花,危害
甜菜夜蛾,甜菜,危害
甜菜夜蛾,茶树,危害
甜菜夜蛾,牧草,危害
甜菜夜蛾,苜蓿,危害
红棕灰夜蛾,烟草,危害
棉小造桥虫,烟草,危害
棉小造桥虫,棉花,危害
棉小造桥虫,黄麻,危害
棉小造桥虫,苘麻,危害
棉小造桥虫,红麻,危害
大造桥虫,烟草,危害
草地螟,麻,危害
草地螟,萝卜,危害
草地螟,葱,危害
棉褐带卷蛾,烟草,危害
棉褐带卷蛾,棉花,危害
棉褐带卷蛾,豆类,危害
棉褐带卷蛾,花生,危害
棉褐带卷蛾,芝麻,危害
棉褐带卷蛾,向日葵,危害
棉褐带卷蛾,小麦,危害
棉褐带卷蛾,甜瓜,危害
棉褐带卷蛾,草莓,危害
棉褐带卷蛾,黑莓,危害
棉褐带卷蛾,苜蓿,危害
棉褐带卷蛾,悬钩子,危害
人纹污灯蛾,茶树,危害
人纹污灯蛾,烟草,危害
人纹污灯蛾,桑树,危害
人纹污灯蛾,豆类,危害
人纹污灯蛾,十字花科,危害
人纹污灯蛾,蔬菜,危害
人纹污灯蛾,瓜类,危害
人纹污灯蛾,马铃薯,危害
人纹污灯蛾,木槿,危害
人纹污灯蛾,黑荆,危害
旋花天蛾,烟草,危害
旋花天蛾,甘薯,危害
旋花天蛾,蕹菜,危害
旋花天蛾,牵牛花,危害
旋花天蛾,月光花,危害
旋花天蛾,芋艿,危害
旋花天蛾,葡萄,危害
旋花天蛾,楸树,危害
旋花天蛾,扁豆,危害
旋花天蛾,赤小豆,危害
芝麻天蛾,烟草,危害
芝麻天蛾,芝麻,危害
芝麻天蛾,马铃薯,危害
芝麻天蛾,茄子,危害
芝麻天蛾,马鞭草科,危害
芝麻天蛾,豆科,危害
茄二十八星瓢虫,烟草,危害
烟青虫,棉花,危害
烟青虫,辣椒,危害
烟青虫,曼陀罗,危害
烟青虫,大豆,危害
烟田大灰象,烟草,危害
烟田大灰象,棉花,危害
烟田大灰象,玉米,危害
烟田大灰象,花生,危害
烟田大灰象,马铃薯,危害
烟田大灰象,辣椒,危害
烟田大灰象,甜菜,危害
烟田大灰象,瓜类,危害
烟田大灰象,豆类,危害
烟田大灰象,麻类,危害
烟田大灰象,紫穗槐,危害
烟田大灰象,洋槐,危害
烟田大灰象,加拿大杨,危害
棉蝗,豆科,危害
棉蝗,禾本科,危害
棉蝗,旋花科,危害
黑绒金龟,烟草,危害
黑绒金龟,苎麻,危害
红缘灯蛾,烟草,危害
红缘灯蛾,谷子,危害
红缘灯蛾,高粱,危害
红缘灯蛾,马铃薯,危害
红缘灯蛾,甘薯,危害
红缘灯蛾,棉花,危害
红缘灯蛾,大豆,危害
中华稻蝗,水稻,危害
中华稻蝗,玉米,危害
中华稻蝗,高梁,危害
中华稻蝗,棉花,危害
中华稻蝗,豆类,危害
中华稻蝗,芦苇,危害
花生紫纹羽病,花生,危害
花生紫纹羽病,大豆,危害
花生紫纹羽病,芝麻,危害
花生紫纹羽病,豇豆,危害
花生紫纹羽病,甘薯,危害
花生紫纹羽病,棉花,危害
花生紫纹羽病,苹果,危害
花生紫纹羽病,樱桃,危害
花生蚜,蚕豆,危害
花生蚜,豌豆,危害
花生蚜,绿豆,危害
花生蚜,苜蓿,危害
花生蚜,甘草,危害
花生蚜,苕子,危害
花生蚜,槐树,危害
稀点雪灯蛾,蔬菜,危害
稀点雪灯蛾,酸模,危害
花生蚀叶野螟,花生,危害
花生蚀叶野螟,大豆,危害
花生蚀叶野螟,豇豆,危害
花生蚀叶野螟,菜豆,危害
花生蚀叶野螟,烟草,危害
双斑萤叶甲,甘蔗,危害
双斑萤叶甲,芝麻,危害
双斑萤叶甲,蓖麻,危害
双斑萤叶甲,向日葵,危害
双斑萤叶甲,麻类,危害
双斑萤叶甲,甘薯,危害
双斑萤叶甲,茼蒿,危害
双斑萤叶甲,苹果,危害
双斑萤叶甲,苍耳,危害
双斑萤叶甲,红蓼,危害
双斑萤叶甲,薄荷,危害
双斑萤叶甲,灰菜,危害
双斑萤叶甲,小蓟,危害
双斑萤叶甲,马齿苋,危害
双斑萤叶甲,苋菜,危害
双斑萤叶甲,马塘草,危害
双斑萤叶甲,狗尾草,危害
短额负蝗,大豆,危害
短额负蝗,花生,危害
短额负蝗,芝麻,危害
短额负蝗,水稻,危害
短额负蝗,麦类,危害
短额负蝗,烟草,危害
短额负蝗,蔬菜,危害
油葫芦,花生,危害
油葫芦,大豆,危害
油葫芦,芝麻,危害
油菜菌核病,油菜,危害
油菜白锈病,油菜,危害
油菜细菌性黑斑病,油菜,危害
油菜细菌性黑斑病,芥菜,危害
油菜细菌性黑斑病,甘蓝,危害
油菜细菌性黑斑病,萝卜,危害
油菜细菌性黑斑病,花椰菜,危害
油菜病毒病,油菜,危害
油菜萎缩不实病,油菜,危害
油菜蚤跳甲,油菜,危害
东方菜粉蝶,油菜,危害
东方菜粉蝶,甘蓝,危害
东方菜粉蝶,花椰菜,危害
东方菜粉蝶,芥蓝,危害
东方菜粉蝶,菜心,危害
东方菜粉蝶,白菜,危害
东方菜粉蝶,萝卜,危害
云斑粉蝶,油菜,危害
云斑粉蝶,甘蓝,危害
云斑粉蝶,花椰菜,危害
云斑粉蝶,白菜,危害
云斑粉蝶,蔬菜,危害
大菜粉蝶,油菜,危害
大菜粉蝶,白菜,危害
黑纹粉蝶,油菜,危害
黑纹粉蝶,白菜,危害
黑纹粉蝶,甘蓝,危害
黑纹粉蝶,黄芽白,危害
黑纹粉蝶,芥菜,危害
黑纹粉蝶,萝卜,危害
甘蓝夜蛾,油菜,危害
甘蓝夜蛾,茄果,危害
横纹菜蝽,油菜,危害
萝卜地种蝇,油菜,危害
萝卜地种蝇,白菜,危害
萝卜地种蝇,萝卜,危害
黑缝油菜叶甲,油菜,危害
黑缝油菜叶甲,芥菜,危害
黑缝油菜叶甲,青菜,危害
黑缝油菜叶甲,甘蓝,危害
黑缝油菜叶甲,萝卜,危害
甘蓝蚜,油菜,危害
甘蓝蚜,白菜,危害
芝麻枯萎病,芝麻,危害
芝麻轮纹病,芝麻,危害
芝麻荚野螟,芝麻,危害
三点盲蝽,芝麻,危害
三点盲蝽,大豆,危害
三点盲蝽,玉米,危害
三点盲蝽,高粱,危害
三点盲蝽,小麦,危害
三点盲蝽,苜蓿,危害
三点盲蝽,马铃薯,危害
三点盲蝽,番茄,危害
向日葵锈病,向日葵,危害
蓖麻疫病,蓖麻,危害
蓖麻四星尺蛾,苹果,危害
蓖麻四星尺蛾,柑桔,危害
蓖麻四星尺蛾,海棠,危害
蓖麻四星尺蛾,鼠李,危害
甘蔗赤腐病,甘蔗,危害
甘蔗凤梨病,甘蔗,危害
甘蔗凤梨病,菠萝,危害
甘蔗凤梨病,香蕉,危害
甘蔗凤梨病,木瓜,危害
甘蔗凤梨病,可可,危害
甘蔗凤梨病,油棕,危害
甘蔗凤梨病,椰子,危害
甘蔗黄斑病,甘蔗,危害
甘蔗轮斑病,甘蔗,危害
甘蔗霜霉病,甘蔗,危害
甘蔗褐条病,甘蔗,危害
甘蔗叶萎病,甘蔗,危害
粟灰螟,玉米,危害
粟灰螟,高粱,危害
粟灰螟,甘蔗,危害
粟灰螟,狗尾草,危害
甘蔗蓟马,甘蔗,危害
甘蔗蓟马,墨兰,危害
高粱蚜,高粱,危害
高粱蚜,甘蔗,危害
甘蔗长蝽,甘蔗,危害
甘蔗长蝽,芦苇,危害
甘蔗扁角飞虱,甘蔗,危害
甘蔗扁角飞虱,玉米,危害
突背蔗龟,甘蔗,危害
突背蔗龟,玉米,危害
突背蔗龟,高粱,危害
突背蔗龟,旱稻,危害
黑翅土白蚁,甘蔗,危害
黑翅土白蚁,花生,危害
黑翅土白蚁,芋头,危害
黑翅土白蚁,果树,危害
黑翅土白蚁,橡胶树,危害
黑翅土白蚁,桉树,危害
甘蔗二点螟,玉米,危害
甘蔗二点螟,高粱,危害
甘蔗二点螟,狗尾草,危害
大螟,水稻,危害
大螟,麦类,危害
大螟,高粱,危害
大螟,玉米,危害
大螟,甘蔗,危害
大螟,谷子,危害
大螟,茭白,危害
大螟,蚕豆,危害
大螟,油菜,危害
大螟,向日葵,危害
大螟,李氏禾,危害
食根缘齿天牛,椰,危害
食根缘齿天牛,柑,危害
食根缘齿天牛,厚皮,危害
甘蔗绵蚜,甘蔗,危害
甘蔗绵蚜,茭白,危害
甘蔗绵蚜,柑桔,危害
甘蔗绵蚜,芦苇,危害
甘蔗绵蚜,大芒谷草,危害
甘蔗红粉蚧,甘蔗,危害
甘蔗红粉蚧,芒草,危害
甘蔗灰粉蚧,甘蔗,危害
甘蔗灰粉蚧,芒草,危害
棉花红(黄)叶枯病,棉花,危害
棉红铃虫,棉花,危害
棉红铃虫,锦葵,危害
棉红铃虫,洋麻,危害
棉红铃虫,黄麻,危害
棉红铃虫,亚麻,危害
棉红铃虫,蜀葵,危害
棉红铃虫,洋绿豆,危害
棉双斜卷蛾,棉花,危害
棉双斜卷蛾,大豆,危害
棉双斜卷蛾,苜蓿,危害
棉双斜卷蛾,洋麻,危害
棉双斜卷蛾,大麻,危害
棉双斜卷蛾,草莓,危害
棉双斜卷蛾,韭花,危害
赤须盲蝽,小麦,危害
赤须盲蝽,玉米,危害
赤须盲蝽,谷子,危害
赤须盲蝽,棉花,危害
赤须盲蝽,甜菜,危害
赤须盲蝽,为害,危害
赤须盲蝽,麦,危害
棉大卷叶螟,棉花,危害
棉大卷叶螟,苘麻,危害
棉大卷叶螟,蜀葵,危害
棉大卷叶螟,木槿,危害
棉大卷叶螟,苋菜,危害
棉大卷叶螟,黄蜀葵,危害
棉大卷叶螟,秋葵,危害
棉大卷叶螟,锦葵,危害
棉大卷叶螟,冬葵,危害
棉大卷叶螟,木棉,危害
棉大卷叶螟,木芙蓉,危害
棉大卷叶螟,扶桑,危害
棉大卷叶螟,栀子花,危害
棉大卷叶螟,女贞,危害
棉大卷叶螟,海棠,危害
棉大卷叶螟,泡桐,危害
棉大卷叶螟,紫椴,危害
棉大卷叶螟,二球悬铃木,危害
棉大卷叶螟,梧桐,危害
焦条丽夜蛾,棉花,危害
焦条丽夜蛾,锦葵,危害
焦条丽夜蛾,花葵,危害
焦条丽夜蛾,苘麻,危害
焦条丽夜蛾,向日葵,危害
焦条丽夜蛾,芙蓉,危害
粉纹夜蛾,棉花,危害
粉纹夜蛾,白菜,危害
粉纹夜蛾,芥蓝,危害
粉纹夜蛾,青花菜,危害
粉纹夜蛾,甘蓝,危害
粉纹夜蛾,十字花科,危害
粉纹夜蛾,蔬菜,危害
粉纹夜蛾,莴苣,危害
粉纹夜蛾,甜菜,危害
粉纹夜蛾,豌豆,危害
粉纹夜蛾,芹菜,危害
粉纹夜蛾,香菜,危害
粉纹夜蛾,番茄,危害
粉纹夜蛾,马铃薯,危害
粉纹夜蛾,香石竹,危害
鼎点金刚钻,棉花,危害
鼎点金刚钻,苘麻,危害
鼎点金刚钻,红麻,危害
鼎点金刚钻,冬寒菜,危害
鼎点金刚钻,向日葵,危害
鼎点金刚钻,木槿,危害
鼎点金刚钻,蜀葵,危害
鼎点金刚钻,锦葵,危害
鼎点金刚钻,黄秋葵,危害
鼎点金刚钻,菊花,危害
鼎点金刚钻,大红朱槿,危害
鼎点金刚钻,木芙蓉,危害
鼎点金刚钻,大花秋葵,危害
翠纹金刚钻,棉花,危害
棉茎木蠹蛾,棉花,危害
棉茎木蠹蛾,黄麻,危害
棉茎木蠹蛾,蓖麻,危害
棉茎木蠹蛾,咖啡,危害
棉茎木蠹蛾,荔枝,危害
棉茎木蠹蛾,龙眼,危害
棉茎木蠹蛾,柑橘,危害
棉茎木蠹蛾,枇杷,危害
棉茎木蠹蛾,葡萄,危害
大青叶蝉,大豆,危害
大青叶蝉,花生,危害
大青叶蝉,水稻,危害
大青叶蝉,玉米,危害
大青叶蝉,高粱,危害
棉盲蝽,桑树,危害
棉盲蝽,茶树,危害
棉盲蝽,棉花,危害
棉盲蝽,豆类,危害
棉盲蝽,麻类,危害
棉盲蝽,苹果,危害
棉盲蝽,棉桑,危害
棉盲蝽,桑麻,危害
棉红蝽,棉花,危害
棉蚜,棉花,危害
棉蚜,茄子,危害
棉蚜,辣椒,危害
棉蚜,瓜类,危害
棉蚜,花椒,危害
棉长管蚜,棉花,危害
棉长管蚜,骆驼刺,危害
棉长管蚜,豆子,危害
棉根蚜,棉花,危害
棉根蚜,菜豆,危害
棉根蚜,甜菜,危害
棉根蚜,烟草,危害
棉根蚜,甘蓝,危害
棉根蚜,蚕豆,危害
棉根蚜,马铃薯,危害
棉根蚜,番茄,危害
棉根蚜,小麦,危害
棉根蚜,黍类,危害
花蓟马,棉花,危害
花蓟马,水稻,危害
花蓟马,小麦,危害
花蓟马,十字花科蔬菜类,危害
棉尖象,玉米,危害
棉尖象,大豆,危害
棉尖象,大麻,危害
棉尖象,刺槐,危害
星白灯蛾,玉米,危害
星白灯蛾,棉花,危害
星白灯蛾,花生,危害
星白灯蛾,小麦,危害
星白灯蛾,谷子,危害
星白灯蛾,大豆,危害
星白灯蛾,甘薯,危害
星白灯蛾,番茄,危害
星白灯蛾,茄子,危害
星白灯蛾,辣椒,危害
星白灯蛾,瓜类,危害
星白灯蛾,薄荷,危害
棉四点叶甲,豆,危害
苜蓿盲蝽,玉米,危害
苜蓿盲蝽,马铃薯,危害
苜蓿盲蝽,豌豆,危害
苜蓿盲蝽,菜豆,危害
苜蓿盲蝽,南瓜,危害
苜蓿盲蝽,大麻,危害
苜蓿盲蝽,苜蓿,危害
牧草盲蝽,牧草,危害
牧草盲蝽,豆类,危害
牧草盲蝽,蔬菜,危害
牧草盲蝽,果树,危害
牧草盲蝽,树木,危害
牧草盲蝽,杂草,危害
中黑盲蝽,牧草,危害
中黑盲蝽,豆类,危害
中黑盲蝽,蔬菜,危害
中黑盲蝽,果树,危害
中黑盲蝽,树木,危害
中黑盲蝽,杂草,危害
稻绿蝽,小麦,危害
稻绿蝽,油菜,危害
稻绿蝽,高粱,危害
稻绿蝽,玉米,危害
稻绿蝽,芝麻,危害
稻绿蝽,马铃薯,危害
稻绿蝽,豆类,危害
稻绿蝽,棉花,危害
稻绿蝽,柑橘,危害
截形叶螨,甘薯,危害
截形叶螨,木薯,危害
截形叶螨,豆类,危害
截形叶螨,瓜类,危害
薄球蜗牛,棉花,危害
薄球蜗牛,小麦,危害
薄球蜗牛,大麦,危害
薄球蜗牛,豆类,危害
薄球蜗牛,茄科蔬菜,危害
油葫芦,谷子,危害
油葫芦,玉米,危害
油葫芦,荞麦,危害
油葫芦,甘薯,危害
油葫芦,豆类,危害
油葫芦,萝卜,危害
油葫芦,瓜类,危害
油葫芦,胡萝卜,危害
油葫芦,菠菜,危害
亚麻炭疽病,亚麻,危害
亚麻胡麻锈病,亚麻,危害
红麻炭疽病,红麻,危害
黄麻根腐病,花生,危害
黄麻根腐病,苜蓿,危害
黄麻桥夜蛾,黄麻,危害
大麻跳甲,白萝卜,危害
苎麻青枯病,苎麻,危害
苎麻天牛,苎麻,危害
苎麻天牛,桑树,危害
苎麻天牛,木槿,危害
大豆枯萎病,大豆,危害
大豆紫斑病,大豆,危害
大豆轮纹病,大豆,危害
大豆荚枯病,大豆,危害
大豆赤霉病,大豆,危害
大豆白粉病,大豆,危害
大豆根腐病,大豆,危害
大豆黑斑病,大豆,危害
大豆灰星病,大豆,危害
大豆菌核疫病,大豆,危害
大豆煤斑病,大豆,危害
豆卷叶螟,大豆,危害
豆卷叶螟,绿豆,危害
豆卷叶野螟,大豆,危害
豆卷叶野螟,绿豆,危害
豆卷叶野螟,菜豆,危害
豆卷叶野螟,荨麻,危害
豆荚野螟,大豆,危害
豆荚野螟,豇豆,危害
豆荚野螟,绿豆,危害
豆荚野螟,扁豆,危害
豆荚野螟,刺槐,危害
豆天蛾,大豆,危害
豆天蛾,洋槐,危害
豆天蛾,刺槐,危害
豆天蛾,葛藤,危害
豆天蛾,忍冬,危害
豆天蛾,女贞,危害
豆天蛾,泡桐,危害
豆天蛾,藤萝,危害
豆灰蝶,大豆,危害
豆灰蝶,豌豆,危害
豆灰蝶,绿豆,危害
豆灰蝶,豇豆,危害
豆灰蝶,扁豆,危害
豆灰蝶,沙打旺,危害
豆灰蝶,苜蓿,危害
豆灰蝶,紫云英,危害
豆灰蝶,黄芪,危害
豆灰蝶,牛蒡,危害
豆灰蝶,大蓟,危害
豆灰蝶,小蓟,危害
豆灰蝶,艾属,危害
豆灰蝶,鼠曲草,危害
大豆蚜,大豆,危害
条蜂缘蝽,芝麻,危害
条蜂缘蝽,花生,危害
红背安缘蝽,大豆,危害
红背安缘蝽,豇豆,危害
红背安缘蝽,菜豆,危害
红背安缘蝽,绿豆,危害
红背安缘蝽,四季豆,危害
红背安缘蝽,瓜类,危害
红背安缘蝽,花生,危害
红背安缘蝽,紫穗槐,危害
红背安缘蝽,黑荆树,危害
豆秆黑潜蝇,赤豆,危害
豆秆黑潜蝇,绿豆,危害
豆秆黑潜蝇,四季豆,危害
豆秆黑潜蝇,豇豆,危害
豆根蛇潜蝇,大豆,危害
豆根蛇潜蝇,野生大豆,危害
豆芫菁,大豆,危害
豆芫菁,花生,危害
豆芫菁,马铃薯,危害
豆芫菁,甜菜,危害
二条叶甲,大豆,危害
二条叶甲,高粱,危害
二条叶甲,甜菜,危害
豆叶东潜蝇,大豆,危害
豆叶东潜蝇,豆科蔬菜,危害
斑背安缘蝽,大豆,危害
斑背安缘蝽,紫穗槐,危害
豆叶螨,律草,危害
豆叶螨,益母草,危害
粟负泥甲,大麦,危害
粟负泥甲,小麦,危害
粟负泥甲,玉米,危害
玉米异跗萤叶甲,玉米,危害
玉米异跗萤叶甲,谷子,危害
玉米异跗萤叶甲,薄荷,危害
玉米异跗萤叶甲,紫苏,危害
柳蓝叶甲,玉米,危害
柳蓝叶甲,大豆,危害
柳蓝叶甲,棉花,危害
柳蓝叶甲,柳树,危害
玉米铁甲,玉米,危害
玉米铁甲,甘蔗,危害
玉米铁甲,高粱,危害
玉米铁甲,谷子),危害
玉米铁甲,小麦,危害
玉米铁甲,水稻,危害
玉米蚜,玉米,危害
玉米蚜,高粱,危害
玉米蚜,小麦,危害
玉米蚜,大麦,危害
玉米蚜,水稻,危害
玉米蚜,马唐,危害
玉米蚜,狗尾草,危害
玉米蚜,牛筋草,危害
玉米蚜,稗草,危害
玉米蚜,雀稗,危害
黍蚜,榆叶梅,危害
黍蚜,稠李,危害
黍蚜,玉米,危害
黍蚜,高粱,危害
黍蚜,麦类,危害
黍蚜,水稻,危害
黍蚜,狗牙根,危害
玉米黄呆蓟马,玉米,危害
玉米黄呆蓟马,麦类,危害
玉米黄呆蓟马,谷子,危害
玉米黄呆蓟马,高粱,危害
玉米黄呆蓟马,水稻,危害
禾蓟马,水稻,危害
禾蓟马,玉米,危害
禾蓟马,麦类,危害
禾蓟马,高粱,危害
禾蓟马,糜子,危害
禾蓟马,空心菜,危害
禾蓟马,茄子,危害
禾蓟马,茄瓜,危害
禾蓟马,是水,危害
粟缘蝽,高粱,危害
粟缘蝽,玉米,危害
粟缘蝽,水稻,危害
粟缘蝽,烟草,危害
粟缘蝽,大麻,危害
高粱大斑病,高粱,危害
高粱豹纹病,高粱,危害
高粱炭疽病,高粱,危害
高粱丝黑穗病,高粱,危害
高粱散黑穗病,高粱,危害
高粱黑束病,高粱,危害
高粱黑束病,玉米,危害
高粱黑束病,大豆,危害
高粱黑束病,小麦,危害
高粱黑束病,燕麦,危害
高粱黑束病,棉花,危害
条螟,高粱,危害
条螟,甘蔗,危害
粟穗螟,高粱,危害
粟穗螟,玉米,危害
桃蛀野螟,苹果,危害
桃蛀野螟,无花果,危害
桃蛀野螟,樱桃,危害
桃蛀野螟,葡萄,危害
桃蛀野螟,石榴,危害
桃蛀野螟,核桃,危害
桃蛀野螟,板栗,危害
桃蛀野螟,柑橘,危害
桃蛀野螟,荔枝,危害
桃蛀野螟,龙眼,危害
桃蛀野螟,枇杷,危害
桃蛀野螟,芒果,危害
桃蛀野螟,菠萝,危害
桃蛀野螟,臭椿,危害
桃蛀野螟,蓖麻,危害
桃蛀野螟,向日葵,危害
桃蛀野螟,棉花,危害
桃蛀野螟,高粱,危害
桃蛀野螟,玉米,危害
桃蛀野螟,大豆,危害
亚洲玉米螟,番茄,危害
高粱舟蛾,高粱,危害
高粱舟蛾,玉米,危害
高粱舟蛾,甘蔗,危害
粟凹胫跳甲,糜子,危害
粟凹胫跳甲,小麦,危害
粟凹胫跳甲,高粱,危害
粟凹胫跳甲,水稻,危害
粟负泥甲,粟,危害
粟负泥甲,麦,危害
粟负泥甲,稻,危害
高粱芒蝇,高粱,危害
高粱芒蝇,马唐,危害
高粱芒蝇,拟高粱,危害
高粱根蚜,榆树,危害
高粱根蚜,高粱,危害
高粱根蚜,玉米,危害
高粱根蚜,甘蔗,危害
高粱根蚜,麦类,危害
高粱根蚜,谷子,危害
高粱根蚜,糜子,危害
高粱长蝽象,高粱,危害
高粱长蝽象,小麦,危害
高粱长蝽象,水稻,危害
高粱长蝽象,芦苇,危害
条沙叶蝉,小麦,危害
条沙叶蝉,大麦,危害
条沙叶蝉,黑麦,危害
条沙叶蝉,青稞,危害
条沙叶蝉,燕麦,危害
条沙叶蝉,莜麦,危害
条沙叶蝉,糜子,危害
条沙叶蝉,谷子,危害
条沙叶蝉,高粱,危害
条沙叶蝉,玉米,危害
条沙叶蝉,水稻,危害
谷类大蚊,玉米,危害
谷类大蚊,高粱,危害
谷类大蚊,小麦,危害
谷类大蚊,花生,危害
谷类大蚊,蔬菜,危害
东亚飞蝗,麦类,危害
东亚飞蝗,高粱,危害
东亚飞蝗,玉米,危害
东亚飞蝗,大豆,危害
粟黑鞘病,小麦,危害
粟黑鞘病,大麦,危害
粟黑鞘病,黑麦,危害
粟粒黑穗病,狗尾草,危害
粟假黑斑病,谷子,危害
粟条点病,谷子,危害
甘薯茎螟,甘薯,危害
甘薯黑斑病,甘薯,危害
甘薯软腐病,甘薯,危害
甘薯根腐病,甘薯,危害
甘薯蚁象甲,甘薯,危害
甘薯蚁象甲,砂藤,危害
甘薯蚁象甲,登瓜薯,危害
甘薯蚁象甲,蕹菜,危害
甘薯蚁象甲,月光花,危害
甘薯蚁象甲,牵牛花,危害
甘薯蚁象甲,小旋花,危害
甘薯蚁象甲,三裂叶藤,危害
甘薯蜡龟甲,甘薯,危害
笨蝗,毛条,危害
笨蝗,杂草,危害
笨蝗,麦类,危害
笨蝗,谷子,危害
笨蝗,玉米,危害
笨蝗,高粱,危害
笨蝗,甘薯,危害
笨蝗,马铃薯,危害
笨蝗,芋头,危害
甘薯绮夜蛾,甘薯,危害
甘薯绮夜蛾,田旋花,危害
甘薯绮夜蛾,花生,危害
甘薯绮夜蛾,大豆,危害
马铃薯早疫病,马铃薯,危害
马铃薯晚疫病,马铃薯,危害
马铃薯干腐病,马铃薯,危害
马铃薯白绢病,马铃薯,危害
马铃薯黑胫病,茄科,危害
马铃薯黑胫病,葫芦科,危害
马铃薯黑胫病,豆科,危害
马铃薯黑胫病,藜科,危害
马铃薯青枯病,马铃薯,危害
马铃薯粉痂病,马铃薯,危害
马铃薯茎基腐病,马铃薯,危害
马铃薯小叶病,马铃薯,危害
马铃薯根腐线虫病,马铃薯,危害
马铃薯二十八星瓢虫,马铃薯,危害
马铃薯二十八星瓢虫,茄子,危害
马铃薯二十八星瓢虫,青椒,危害
马铃薯二十八星瓢虫,豆类,危害
马铃薯二十八星瓢虫,瓜类,危害
马铃薯二十八星瓢虫,玉米,危害
马铃薯二十八星瓢虫,白菜,危害
棉花枯萎病,棉花,危害
棉花疫病,棉花,危害
棉花角斑病,棉花,危害
小麦管蓟马,小麦,危害
小麦管蓟马,大麦,危害
小麦管蓟马,黑麦,危害
小麦管蓟马,燕麦,危害
小麦管蓟马,向日葵,危害
小麦管蓟马,蒲公英,危害
小麦管蓟马,狗尾草,危害
西北麦蝽,麦类,危害
西北麦蝽,水稻,危害
麦根蝽,小麦,危害
麦根蝽,玉米,危害
麦根蝽,谷子,危害
麦根蝽,高粱,危害
麦圆蜘蛛,小麦,危害
麦圆蜘蛛,大麦,危害
麦圆蜘蛛,豌豆,危害
麦圆蜘蛛,蚕豆,危害
麦圆蜘蛛,油菜,危害
麦圆蜘蛛,紫云英,危害
麦长腿蜘蛛,小麦,危害
麦长腿蜘蛛,大麦,危害
麦长腿蜘蛛,棉花,危害
麦长腿蜘蛛,大豆,危害
黏虫,禾本,危害
黏虫,麦类,危害
黏虫,水稻,危害
黏虫,甘蔗,危害
黏虫,玉米,危害
黏虫,高粱,危害
黏虫,芦苇,危害
黏虫,谷莠子,危害
黏虫,稗草,危害
黏虫,碱草,危害
黏虫,茅草,危害
黏虫,豆类,危害
黏虫,白菜,危害
黏虫,甜菜,危害
黏虫,青麻,危害
黏虫,棉花,危害
秀夜蛾,小麦,危害
秀夜蛾,大麦,危害
秀夜蛾,玉米,危害
麦穗夜蛾,草马,危害
小麦吸浆虫,大麦,危害
小麦吸浆虫,青稞,危害
小麦吸浆虫,燕麦,危害
小麦吸浆虫,黑麦,危害
小麦吸浆虫,雀麦,危害
麦秆蝇,小麦,危害
麦秆蝇,大麦,危害
麦秆蝇,青稞,危害
麦秆蝇,燕麦,危害
麦秆蝇,碱草,危害
麦秆蝇,白茅草,危害
黑麦秆蝇,小麦,危害
黑麦秆蝇,大麦,危害
黑麦秆蝇,黑麦,危害
黑麦秆蝇,燕麦,危害
黑麦秆蝇,玉米,危害
麦黑斑潜叶蝇,小麦,危害
麦黑斑潜叶蝇,燕麦,危害
麦黑斑潜叶蝇,大麦,危害
麦茎谷蛾,小麦,危害
麦茎谷蛾,大麦,危害
麦叶蜂,小麦,危害
麦叶蜂,大麦,危害
麦叶蜂,禾本,危害
绿翅脊萤叶甲,麦类,危害
大麦坚黑穗病,大麦,危害
麦二叉蚜,小麦,危害
麦二叉蚜,大麦,危害
麦二叉蚜,燕麦,危害
麦二叉蚜,高粱,危害
麦二叉蚜,水稻,危害
麦二叉蚜,狗尾草,危害
麦二叉蚜,莎草,危害
麦双尾蚜,小麦,危害
麦双尾蚜,大麦,危害
麦双尾蚜,黑麦,危害
麦双尾蚜,燕麦,危害
麦双尾蚜,乌麦,危害
麦双尾蚜,雀麦,危害
麦双尾蚜,水稻,危害
黍蚜,榆叶,危害
黍蚜,稠,危害
麦茎蜂,小麦,危害
麦茎蜂,大麦,危害
十四点负泥虫,小麦,危害
十四点负泥虫,石刁柏,危害
十四点负泥虫,文竹,危害
玉米小斑病,玉米,危害
玉米弯孢霉叶斑病,玉米,危害
玉米锈病,玉米,危害
玉米褐斑病,玉米,危害
玉米轮纹斑病,玉米,危害
玉米干腐病,玉米,危害
绿盲蝽,桑树,危害
绿盲蝽,茶树,危害
绿盲蝽,棉花,危害
绿盲蝽,豆类,危害
绿盲蝽,麻类,危害
绿盲蝽,棉桑,危害
绿盲蝽,桑麻,危害
黄麻立枯病,黄麻,危害
黄麻枯腐病,黄麻,危害
古毒蛾,落叶松,危害
古毒蛾,云杉,危害
银锭夜蛾,大豆,危害
银锭夜蛾,胡萝卜,危害
银锭夜蛾,牛蒡,危害
银锭夜蛾,菊花,危害
向日葵根茎腐病,向日葵,危害
向日葵根茎腐病,芝麻,危害
向日葵根茎腐病,大豆,危害
向日葵根茎腐病,花生,危害
向日葵根茎腐病,菜豆,危害
向日葵根茎腐病,更豆,危害
向日葵根茎腐病,烟草,危害
向日葵根茎腐病,甘薯,危害
蛞蝓,蘑菇,危害
蛞蝓,平菇,危害
蛞蝓,香菇,危害
蛞蝓,草菇,危害
蛞蝓,木耳,危害
蛞蝓,银耳,危害
魔芋软腐病,十字花科,危害
魔芋软腐病,蔬菜,危害
魔芋软腐病,茄科,危害
魔芋软腐病,百合科,危害
魔芋软腐病,伞形花科,危害
魔芋软腐病,菊科蔬菜,危害
姜枯萎病,生姜,危害
蛴螬,为害,危害
蛴螬,生,危害
蛴螬,花生,危害
蛴螬,大豆,危害
蛴螬,玉米,危害
蛴螬,高粱,危害
蛴螬,小麦,危害
蛴螬,草莓,危害
蛴螬,蔬菜,危害
蛴螬,果树,危害
葱软腐病,洋葱,危害
葱斑潜蝇,百合,危害
葱斑潜蝇,葱属,危害
葱斑潜蝇,韭菜,危害
葱斑潜蝇,大蒜,危害
葱斑潜蝇,洋葱,危害
葱斑潜蝇,大葱,危害
葱黄寡毛跳甲,大葱,危害
葱黄寡毛跳甲,洋葱,危害
葱黄寡毛跳甲,韭菜,危害
葱黄寡毛跳甲,大蒜,危害
韭菜迟眼蕈蚊,大蒜,危害
韭菜迟眼蕈蚊,洋葱,危害
韭菜迟眼蕈蚊,瓜类,危害
韭菜迟眼蕈蚊,莴苣,危害
韭菜迟眼蕈蚊,百合科,危害
韭菜迟眼蕈蚊,菊科,危害
韭菜迟眼蕈蚊,藜科,危害
韭菜迟眼蕈蚊,十字花科,危害
韭菜迟眼蕈蚊,葫芦科,危害
韭菜迟眼蕈蚊,伞形科,危害
大白菜霜霉病,大白菜,危害
大白菜白斑病,白菜,危害
大白菜炭疽病,大白菜,危害
大白菜褐腐病,大白菜,危害
大白菜黑斑病,大白菜,危害
青花菜黑胫病,青花菜,危害
青花菜黑斑病,青花菜,危害
青花菜霜霉病,青花菜,危害
青花菜软腐病,青花菜,危害
玉米矮花叶病,玉米,危害
玉米赤霉病,玉米,危害
白脉粘虫,水稻,危害
白脉粘虫,甘蔗,危害
白脉粘虫,麦类,危害
白脉粘虫,玉米,危害
白脉粘虫,高粱,危害
水稻东格鲁病毒病,水稻,危害
水稻东格鲁病毒病,小麦,危害
水稻东格鲁病毒病,高粱,危害
稻螟蛉,水稻,危害
稻螟蛉,高粱,危害
稻螟蛉,玉米,危害
稻螟蛉,甘蔗,危害
稻螟蛉,茭白,危害
稻螟蛉,稗草,危害
稻螟蛉,看麦娘,危害
稻瘿蚊,水稻,危害
稻粒黑粉病,水稻,危害
水稻一柱香病,水稻,危害
水稻橙叶病,水稻,危害
水稻茎线虫病,水稻,危害
台湾稻螟,水稻,危害
台湾稻螟,甘蔗,危害
台湾稻螟,高粱,危害
台湾稻螟,玉米,危害
褐边螟,水稻,危害
褐边螟,鸭舌草,危害
褐边螟,荆三棱,危害
水稻黑条矮缩病,水稻,危害
水稻黑条矮缩病,玉米,危害
水稻黑条矮缩病,大麦,危害
水稻黑条矮缩病,小麦,危害
水稻黑条矮缩病,高粱,危害
水稻黑条矮缩病,稗子,危害
水稻黑条矮缩病,旱燕禾,危害
水稻黑条矮缩病,看麦娘,危害
水稻黑条矮缩病,野燕麦,危害
水稻黑条矮缩病,狗尾草,危害
水稻黑条矮缩病,马唐,危害
水稻干尖线虫病,水稻,危害
水稻干尖线虫病,谷子,危害
水稻干尖线虫病,草莓,危害
水稻干尖线虫病,狗尾草,危害
水稻干尖线虫病,风车草,危害
三化螟,水稻,危害
稻纵卷叶螟,麦类,危害
稻纵卷叶螟,甘庶,危害
稻纵卷叶螟,稗草,危害
稻纵卷叶螟,马唐,危害
稻纵卷叶螟,游草,危害
显纹稻纵卷叶螟,水稻,危害
稻眼蝶,茭白,危害
稻眼蝶,甘蔗,危害
稻眼蝶,竹子,危害
稻褐眼蝶,甘蔗,危害
稻切叶野螟,水稻,危害
稻切叶野螟,甘蔗,危害
稻切叶野螟,楠竹,危害
稻金翅夜蛾,水稻,危害
稻金翅夜蛾,小麦,危害
稻金翅夜蛾,稗草,危害
稻金翅夜蛾,看麦娘,危害
稻金翅夜蛾,三棱草,危害
直纹稻弄蝶,水稻,危害
直纹稻弄蝶,玉米,危害
直纹稻弄蝶,高粱,危害
直纹稻弄蝶,茭白,危害
直纹稻弄蝶,大麦,危害
直纹稻弄蝶,小麦,危害
直纹稻弄蝶,李氏禾,危害
直纹稻弄蝶,稗草,危害
稻秆潜蝇,水稻,危害
稻秆潜蝇,小麦,危害
稻秆潜蝇,大麦,危害
稻秆潜蝇,麦娘,危害
稻秆潜蝇,游草,危害
稻秆潜蝇,稗草,危害
稻秆潜蝇,棒头草,危害
稻潜叶蝇,水稻,危害
稻黑蝽,水稻,危害
稻黑蝽,小麦,危害
稻黑蝽,玉米,危害
稻黑蝽,甘蔗,危害
稻黑蝽,豆类,危害
稻黑蝽,谷子,危害
稻黑蝽,茭白,危害
稻黑蝽,茅草,危害
稻黑蝽,稗草,危害
稻黑蝽,马唐,危害
大稻缘蝽,水稻,危害
大稻缘蝽,玉米,危害
大稻缘蝽,豆类,危害
大稻缘蝽,小麦,危害
大稻缘蝽,甘蔗,危害
灰飞虱,早熟禾,危害
灰飞虱,千金子,危害
灰飞虱,看麦娘,危害
电光叶蝉,水稻,危害
电光叶蝉,玉米,危害
电光叶蝉,高粱,危害
电光叶蝉,甘蔗,危害
电光叶蝉,小麦,危害
电光叶蝉,大麦,危害
白翅叶蝉,水稻,危害
白翅叶蝉,大麦,危害
白翅叶蝉,小麦,危害
白翅叶蝉,甘蔗,危害
白翅叶蝉,玉米,危害
白翅叶蝉,茭白,危害
稻赤斑沫蝉,水稻,危害
稻赤斑沫蝉,玉米,危害
稻赤斑沫蝉,高粱,危害
稻赤斑沫蝉,甘蔗,危害
稻赤斑沫蝉,黄豆,危害
稻赤斑沫蝉,禾木,危害
稻赤斑沫蝉,杂草,危害
稻蓟马,水稻,危害
稻蓟马,大麦,危害
稻蓟马,小麦,危害
稻蓟马,玉米,危害
稻蓟马,甘蔗,危害
稻蓟马,看麦娘,危害
稻蓟马,游草,危害
稻蓟马,双穗雀稗,危害
稻管蓟马,禾谷类,危害
稻筒水螟,水稻,危害
稻筒水螟,睡莲,危害
长翅稻蝗,水稻,危害
长翅稻蝗,玉米,危害
长翅稻蝗,甘蔗,危害
长翅稻蝗,小米,危害
水稻负泥虫,水稻,危害
水稻负泥虫,游草,危害
水稻负泥虫,茭白,危害
水稻负泥虫,芦苇,危害
水稻负泥虫,马唐,危害
水稻负泥虫,双穗雀稗,危害
水稻负泥虫,甜茅,危害
稻铁甲虫,水稻,危害
稻铁甲虫,麦类,危害
稻铁甲虫,甘蔗,危害
稻铁甲虫,茭白,危害
稻铁甲虫,芦草,危害
稻水象甲,水稻,危害
稻水象甲,茭白,危害
稻水象甲,玉米,危害
稻水象甲,甘蔗,危害
稻水象甲,小麦,危害
稻水象甲,大麦,危害
稻水象甲,牧草,危害
稻水象甲,禾本,危害
稻象甲,水稻,危害
稻象甲,棉花,危害
稻象甲,瓜类,危害
稻象甲,甘薯,危害
稻象甲,番茄,危害
稻象甲,麦类,危害
稻象甲,玉米,危害
福寿螺,水稻,危害
福寿螺,茭白,危害
福寿螺,菱角,危害
福寿螺,甘薯,危害
福寿螺,空心菜,危害
福寿螺,芡实,危害
稻水螟,水稻,危害
稻水螟,看麦娘,危害
稻水螟,眼子菜,危害
长腿水叶甲,稻根,危害
长腿水叶甲,英白,危害
长腿水叶甲,矮慈姑,危害
长腿水叶甲,莲藕,危害
长腿水叶甲,眼子菜,危害
长腿水叶甲,鸭舌草,危害
菲岛毛眼水蝇,水稻,危害
菲岛毛眼水蝇,茭白,危害
菲岛毛眼水蝇,野英,危害
菲岛毛眼水蝇,李氏禾,危害
大绿蝽,柑橘类,危害
大绿蝽,苹果,危害
大绿蝽,沙果,危害
大绿蝽,水稻,危害
大绿蝽,高粱,危害
大绿蝽,玉米,危害
大绿蝽,甘蔗,危害
二星蝽,麦类,危害
二星蝽,水稻,危害
二星蝽,棉花,危害
二星蝽,大豆,危害
二星蝽,胡麻,危害
二星蝽,高粱,危害
二星蝽,玉米,危害
二星蝽,甘薯,危害
二星蝽,茄子,危害
二星蝽,无花果,危害
长肩棘缘蝽,玉米,危害
长肩棘缘蝽,水稻,危害
小麦全蚀病,小麦,危害
小麦炭疽病,大麦,危害
小麦炭疽病,燕麦,危害
小麦炭疽病,黑麦,危害
小麦炭疽病,玉米,危害
小麦炭疽病,高粱,危害
小麦秆锈病,小麦,危害
小麦秆锈病,大麦,危害
小麦雪霉叶枯病,小麦,危害
小麦雪霉叶枯病,大麦,危害
小麦雪霉叶枯病,黑麦,危害
小麦雪霉叶枯病,燕麦,危害
小麦白秆病,黑麦,危害
小麦蠕孢叶斑根腐病,小麦,危害
小麦蠕孢叶斑根腐病,大麦,危害
小麦蠕孢叶斑根腐病,燕麦,危害
小麦蠕孢叶斑根腐病,黑麦,危害
小麦蠕孢叶斑根腐病,冰草,危害
小麦蠕孢叶斑根腐病,高粱,危害
小麦蠕孢叶斑根腐病,狗尾草,危害
小麦蠕孢叶斑根腐病,看麦娘,危害
小麦腥黑穗病,小麦,危害
小麦麦角病,黑麦,危害
小麦禾谷胞囊线虫病,禾本,危害
小麦禾谷胞囊线虫病,小麦,危害
小麦禾谷胞囊线虫病,大麦,危害
小麦禾谷胞囊线虫病,燕麦,危害
小麦禾谷胞囊线虫病,黑麦,危害
小麦禾谷胞囊线虫病,杂草,危害
大麦麦角病,大麦,危害
