entity,condition,relation
斜纹夜蛾,相对湿度75%～80%,适宜发生条件
斜纹夜蛾,田间水肥好,适宜发生条件
草莓枯萎病,土质粘重,适宜发生条件
草莓枯萎病,地势低洼,适宜发生条件
草莓枯萎病,排水不良,适宜发生条件
草莓枯萎病,地温低,适宜发生条件
草莓枯萎病,耕作粗放,适宜发生条件
草莓枯萎病,土壤过酸,适宜发生条件
草莓枯萎病,施肥不足,适宜发生条件
草莓枯萎病,偏施氮肥,适宜发生条件
草莓根腐病,土壤板结,适宜发生条件
草莓根腐病,地力下降,适宜发生条件
草莓根腐病,土壤湿度过大,适宜发生条件
草莓炭疽病,凉爽,适宜发生条件
草莓白粉病,空气湿度为80%,适宜发生条件
草莓白粉病,高温高湿,适宜发生条件
草莓灰霉病,温暖湿润,适宜发生条件
草莓青枯病,状态，湿度小,适宜发生条件
草莓畸形果,低温,适宜发生条件
枣桃六点天蛾,多雨高湿,适宜发生条件
柿炭疽病,树冠郁闭,适宜发生条件
柿炭疽病,通风透光不良,适宜发生条件
柿灰霉病,通风条件差,适宜发生条件
柿灰霉病,施氮肥多,适宜发生条件
柿圆斑病,土地瘠薄,适宜发生条件
柿圆斑病,肥料不足,适宜发生条件
石榴干腐病,地势低洼,适宜发生条件
石榴干腐病,土壤瘠薄,适宜发生条件
石榴干腐病,管理不良,适宜发生条件
石榴干腐病,树势弱,适宜发生条件
石榴干腐病,降雨不均,适宜发生条件
石榴疮痂病,多雨湿度大,适宜发生条件
柑橘脂点黄斑病,湿度大,适宜发生条件
柑橘炭疽病,高温多湿,适宜发生条件
柑橘疫霉病,地势低洼,适宜发生条件
柑橘疫霉病,排水不良,适宜发生条件
柑橘疫霉病,树冠郁闭,适宜发生条件
柑橘疫霉病,通风透光差,适宜发生条件
柑橘疫霉病,土壤干湿,适宜发生条件
柑橘黄龙病,施肥不足,适宜发生条件
柑橘黄龙病,排水不良,适宜发生条件
柑橘黄龙病,树冠郁闭,适宜发生条件
柑橘赤衣病,潮湿,适宜发生条件
柑橘黑腐病,高温多湿,适宜发生条件
柑橘青霉病,温高湿度大,适宜发生条件
柑橘始叶螨,晴天多,适宜发生条件
柑橘始叶螨,湿度低,适宜发生条件
荔枝霜疫霉病,地势低洼,适宜发生条件
荔枝霜疫霉病,土壤黏重,适宜发生条件
荔枝霜疫霉病,排水不良,适宜发生条件
荔枝霜疫霉病,荫蔽度大,适宜发生条件
荔枝藻斑病,温暖潮湿,适宜发生条件
荔枝藻斑病,通风不良,适宜发生条件
荔枝叶斑病,湿度高,适宜发生条件
荔枝叶斑病,土壤黏重,适宜发生条件
荔枝叶斑病,排水不良,适宜发生条件
荔枝壳二孢叶斑病,荫蔽潮湿,适宜发生条件
荔枝裂果,湿度低,适宜发生条件
龙眼灰斑病,温暖潮湿,适宜发生条件
龙眼酸腐病,高温,适宜发生条件
龙眼酸腐病,高湿,适宜发生条件
芒果炭疽病,空气湿度大,适宜发生条件
芒果细菌性黑斑病,湿度大于90%,适宜发生条件
芒果白粉病,土壤比较潮湿,适宜发生条件
枇杷灰斑病,排水不良,适宜发生条件
枇杷灰斑病,树冠郁密,适宜发生条件
枇杷灰斑病,通风透光差,适宜发生条件
枇杷炭疽病,高温高湿,适宜发生条件
枇杷胡麻色斑点病,地势低洼,适宜发生条件
枇杷胡麻色斑点病,排水不良,适宜发生条件
枇杷胡麻色斑点病,土壤板结,适宜发生条件
枇杷胡麻色斑点病,透气性差,适宜发生条件
草莓疫霉果腐病,地势低洼,适宜发生条件
草莓疫霉果腐病,土壤粘重,适宜发生条件
香蕉巴拿马枯萎病,高温,适宜发生条件
香蕉巴拿马枯萎病,土壤湿,适宜发生条件
香蕉灰纹病,偏施氮肥,适宜发生条件
香蕉灰纹病,排水不良,适宜发生条件
香蕉煤纹病,偏施氮肥,适宜发生条件
香蕉煤纹病,排水不良,适宜发生条件
香蕉黑星病,多雨高湿,适宜发生条件
香蕉黑星病,重氮缺钾,适宜发生条件
香蕉轴腐病,温暖高湿,适宜发生条件
香蕉花叶心腐病,雨日少,适宜发生条件
香蕉花叶心腐病,日光充足,适宜发生条件
香蕉花叶心腐病,霜雪少,适宜发生条件
香蕉花叶心腐病,春雨偏迟,适宜发生条件
香蕉束顶病,晴天干燥,适宜发生条件
樱桃褐腐病,透光通风差,适宜发生条件
樱桃灰霉病,通风不良,适宜发生条件
樱桃灰霉病,光照不足,适宜发生条件
樱桃斑流胶病,施肥不当,适宜发生条件
梅溃疡病,地势低洼积水,适宜发生条件
梅叶炭疽病,多雨潮湿,适宜发生条件
梅黑星病,地势低湿,适宜发生条件
葡萄黑腐病,高湿,适宜发生条件
葡萄黑腐病,管理粗放,适宜发生条件
葡萄黑腐病,肥水不足,适宜发生条件
葡萄黑腐病,地势低洼,适宜发生条件
葡萄黑腐病,土壤黏重,适宜发生条件
葡萄黑腐病,通风排水不良,适宜发生条件
葡萄白腐病,高温高湿,适宜发生条件
葡萄白腐病,管理粗放,适宜发生条件
葡萄白腐病,地势低洼,适宜发生条件
葡萄白腐病,土质黏重,适宜发生条件
葡萄白腐病,排水不良,适宜发生条件
葡萄白腐病,土壤瘠薄,适宜发生条件
葡萄白腐病,杂草丛生,适宜发生条件
葡萄穗轴褐枯病,地势低洼,适宜发生条件
葡萄穗轴褐枯病,偏施氮肥,适宜发生条件
葡萄穗轴褐枯病,通风透光不良,适宜发生条件
葡萄穗轴褐枯病,管理不善,适宜发生条件
葡萄炭疽病,通风透光不良,适宜发生条件
葡萄炭疽病,地势低洼,适宜发生条件
葡萄炭疽病,土壤黏重,适宜发生条件
葡萄炭疽病,空气不流通,适宜发生条件
葡萄大房枯病,高温潮湿多雨,适宜发生条件
葡萄黑痘病,高湿,适宜发生条件
葡萄黑痘病,多雨,适宜发生条件
葡萄黑痘病,果园低洼,适宜发生条件
葡萄黑痘病,排水不良,适宜发生条件
葡萄黑痘病,管理粗放,适宜发生条件
葡萄黑痘病,枝叶郁闭,适宜发生条件
葡萄黑痘病,通风透光差,适宜发生条件
葡萄霜霉病,冷凉,适宜发生条件
葡萄霜霉病,多雨,适宜发生条件
葡萄霜霉病,秋季冷凉,适宜发生条件
葡萄霜霉病,潮湿,适宜发生条件
葡萄霜霉病,降雨多,适宜发生条件
葡萄霜霉病,雾重,适宜发生条件
葡萄霜霉病,田间郁闭,适宜发生条件
葡萄灰霉病,空气潮湿,适宜发生条件
葡萄白粉病,施氮肥过多,适宜发生条件
葡萄白粉病,果园郁闭,适宜发生条件
葡萄白粉病,通风透光不良,适宜发生条件
葡萄根癌病,土壤黏重,适宜发生条件
葡萄根癌病,排水不良,适宜发生条件
葡萄根癌病,土质疏松,适宜发生条件
葡萄根癌病,排水良好,适宜发生条件
葡萄缺铁病,管理粗放,适宜发生条件
猕猴桃褐色麻斑病,高温高湿,适宜发生条件
核桃树腐烂病,光照不良,适宜发生条件
核桃树腐烂病,土层瘠薄,适宜发生条件
核桃树腐烂病,土壤粘重,适宜发生条件
核桃树腐烂病,地下水位高,适宜发生条件
核桃树腐烂病,排水不良,适宜发生条件
核桃树腐烂病,肥料不足,适宜发生条件
核桃黑斑病,通风不良,适宜发生条件
核桃炭疽病,通风透光,适宜发生条件
核桃褐斑病,雨水多,适宜发生条件
核桃褐斑病,高温高湿,适宜发生条件
枣锈病,高温多雨,适宜发生条件
枣锈病,地势低洼,适宜发生条件
枣锈病,行间郁闭,适宜发生条件
枣焦叶病,高温高湿,适宜发生条件
枣炭疽病,管理粗放,适宜发生条件
枣树枝枯病,土壤瘠薄,适宜发生条件
枣树枝枯病,果园积水,适宜发生条件
枣树枝枯病,管理粗放,适宜发生条件
枣苗茎腐病,高温,适宜发生条件
枣苗茎腐病,高湿,适宜发生条件
枣树根朽病,下雨积水多,适宜发生条件
枣树根朽病,土壤黏重,适宜发生条件
枣树腐烂病,管理粗放,适宜发生条件
枣缩果病,高温,适宜发生条件
枣缩果病,高湿,适宜发生条件
枣树根癌病,土壤潮湿温暖,适宜发生条件
枣白腐病,高温高湿,适宜发生条件
枣裂果病,高温多雨,适宜发生条件
枣疯病,土壤干旱瘠薄,适宜发生条件
枣疯病,肥水条件差,适宜发生条件
枣疯病,管理粗放,适宜发生条件
山楂白粉病,夏季有雨凉爽,适宜发生条件
山楂立枯病,潮湿低温,适宜发生条件
桃褐斑穿孔病,低温多雨,适宜发生条件
桃褐斑穿孔病,低温多湿,适宜发生条件
桃缩叶病,低温多湿,适宜发生条件
桃霉斑穿孔病,低温多雨,适宜发生条件
桃黑星病,通风透光,适宜发生条件
桃炭疽病,多云,适宜发生条件
桃炭疽病,多雾,适宜发生条件
桃炭疽病,高湿,适宜发生条件
桃细菌性穿孔病,雨水频,适宜发生条件
桃细菌性穿孔病,果园郁闭,适宜发生条件
桃细菌性穿孔病,排水不良,适宜发生条件
桃细菌性穿孔病,土壤瘠薄板结,适宜发生条件
桃细菌性穿孔病,缺肥,适宜发生条件
桃树非侵染性流胶病,土壤偏碱,适宜发生条件
桃树非侵染性流胶病,地势低洼,适宜发生条件
桃树侵染性流胶病,土质瘠薄,适宜发生条件
桃树侵染性流胶病,肥水不足,适宜发生条件
桃树根朽病,土壤透气性,适宜发生条件
桃褐腐病,地势低洼,适宜发生条件
桃褐腐病,通风透光较差,适宜发生条件
桃白锈病,多雨潮湿,适宜发生条件
桃白锈病,排水不良,适宜发生条件
桃灰霉病,地势低洼,适宜发生条件
桃灰霉病,枝梢徒长郁闭,适宜发生条件
桃灰霉病,杂草丛生,适宜发生条件
桃灰霉病,通风透光不良,适宜发生条件
桃白纹羽病,土质黏重,适宜发生条件
桃白纹羽病,排水不良,适宜发生条件
桃树白绢病,土质黏重,适宜发生条件
桃树白绢病,排水不良,适宜发生条件
桃树白绢病,高温多雨,适宜发生条件
桃园根结线虫病,地势高而干燥,适宜发生条件
桃园根结线虫病,结构疏松,适宜发生条件
桃园根结线虫病,含盐量低,适宜发生条件
桃树缺氮症,杂草多,适宜发生条件
桃树缺氮症,氮肥施用不足,适宜发生条件
桃树缺磷症,土壤水分少,适宜发生条件
桃树缺钾症,地温偏低,适宜发生条件
桃树缺钾症,土壤酸性,适宜发生条件
桃树缺钾症,土壤过湿,适宜发生条件
桃树缺锌症,土壤pH值偏高或偏低,适宜发生条件
桃树缺钙症,土壤pH值偏高或偏低,适宜发生条件
桃树缺锰症,土壤呈碱性,适宜发生条件
桃树缺硼症,土壤瘠薄,适宜发生条件
李红点病,地势低洼,适宜发生条件
李红点病,土壤黏重,适宜发生条件
李红点病,管理粗放,适宜发生条件
李细菌性穿孔病,管理粗放,适宜发生条件
李树流胶病,施肥不当,适宜发生条件
杏树腐烂病,地势低洼,适宜发生条件
杏树腐烂病,土壤黏重,适宜发生条件
杏树腐烂病,施肥不,适宜发生条件
杏树腐烂病,磷钾肥不足,适宜发生条件
杏树腐烂病,氮肥过多,适宜发生条件
杏树腐烂病,树体郁闭,适宜发生条件
杏褐腐病,多雨高湿,适宜发生条件
杏树流胶病,施肥不当,适宜发生条件
杏树流胶病,土质黏重,适宜发生条件
杏树流胶病,土壤酸性过强,适宜发生条件
杏细菌性穿孔病,相对湿度70％,适宜发生条件
杏细菌性穿孔病,湿度小,适宜发生条件
杏细菌性穿孔病,雨水频,适宜发生条件
杏细菌性穿孔病,排水不良,适宜发生条件
杏细菌性穿孔病,通风透光差,适宜发生条件
杏细菌性穿孔病,偏施氮肥,适宜发生条件
苹果轮纹病,管理粗放,适宜发生条件
苹果轮纹病,树势衰弱,适宜发生条件
苹果轮纹病,黏重壤土,适宜发生条件
苹果轮纹病,偏酸,适宜发生条件
苹果灰斑病,高温高湿,适宜发生条件
苹果灰斑病,降雨多,适宜发生条件
苹果白星病,地势低洼,适宜发生条件
苹果白星病,土质黏重,适宜发生条件
苹果白星病,排水不良,适宜发生条件
苹果轮斑病,管理粗放,适宜发生条件
苹果树枝溃疡病,潮湿,适宜发生条件
苹果树枝溃疡病,湿度大,适宜发生条件
苹果树枝溃疡病,地势低洼,适宜发生条件
苹果树枝溃疡病,土壤较黏重,适宜发生条件
苹果霉心病,矿质营养不,适宜发生条件
苹果霉心病,地势低洼,适宜发生条件
苹果霉心病,树冠郁闭,适宜发生条件
苹果霉心病,树势衰弱,适宜发生条件
苹果花腐病,土壤黏重,适宜发生条件
苹果花腐病,排水不良,适宜发生条件
苹果炭疽病,高温,适宜发生条件
苹果炭疽病,高湿,适宜发生条件
苹果炭疽病,排水不良,适宜发生条件
苹果炭疽病,树冠郁闭,适宜发生条件
苹果疫腐病,高温高湿,适宜发生条件
苹果疫腐病,树体郁闭,适宜发生条件
苹果疫腐病,杂草丛生,适宜发生条件
苹果疫腐病,树势较弱,适宜发生条件
苹果疫腐病,地势低洼,适宜发生条件
苹果煤污病,高温多雨,适宜发生条件
苹果煤污病,修剪不当,适宜发生条件
苹果煤污病,低洼积水,适宜发生条件
苹果煤污病,树冠过密,适宜发生条件
苹果煤污病,果园杂草高,适宜发生条件
苹果蝇粪病,高温多雨,适宜发生条件
苹果蝇粪病,低洼积水,适宜发生条件
苹果蝇粪病,树冠过密,适宜发生条件
苹果黑点病,高温高湿,适宜发生条件
苹果疱性溃疡病,土壤板结,适宜发生条件
苹果褐斑病,地势低洼,适宜发生条件
苹果褐斑病,树冠郁闭,适宜发生条件
苹果斑点落叶病,空气湿度大,适宜发生条件
苹果斑点落叶病,高温闷热,适宜发生条件
苹果斑点落叶病,果园密植,适宜发生条件
苹果斑点落叶病,树冠郁闭,适宜发生条件
苹果斑点落叶病,杂草丛生,适宜发生条件
苹果斑点落叶病,树势较弱,适宜发生条件
苹果斑点落叶病,地势低洼,适宜发生条件
苹果白粉病,春季温暖干旱,适宜发生条件
苹果白粉病,夏季多雨凉爽,适宜发生条件
苹果白粉病,秋季晴朗,适宜发生条件
苹果白粉病,树冠郁闭,适宜发生条件
苹果白粉病,通风透光不良,适宜发生条件
苹果白粉病,偏施氮肥,适宜发生条件
苹果环纹叶枯病,多雨潮湿,适宜发生条件
苹果环纹叶枯病,冷凉,适宜发生条件
苹果银叶病,阴雨连绵,适宜发生条件
苹果银叶病,排水良好,适宜发生条件
苹果银叶病,土壤黏重,适宜发生条件
苹果银叶病,地下水位高,适宜发生条件
苹果银叶病,排水不良,适宜发生条件
苹果树赤衣病,温暖,适宜发生条件
苹果树赤衣病,多雨,适宜发生条件
苹果树赤衣病,潮湿,适宜发生条件
苹果树赤衣病,土壤黏重,适宜发生条件
苹果树地衣病,通风透光不良,适宜发生条件
苹果树紫纹羽病,土壤干旱,适宜发生条件
苹果树紫纹羽病,排水不良,适宜发生条件
苹果树紫纹羽病,酸性土壤,适宜发生条件
苹果树紫纹羽病,土壤板结,适宜发生条件
苹果树紫纹羽病,杂草丛生,适宜发生条件
苹果树紫纹羽病,树冠郁闭,适宜发生条件
苹果树紫纹羽病,通风透光不良,适宜发生条件
苹果树白绢病,高温高湿,适宜发生条件
苹果树白绢病,排水不畅,适宜发生条件
苹果圆斑根腐病,土壤干旱,适宜发生条件
苹果圆斑根腐病,水土大,适宜发生条件
苹果圆斑根腐病,质地板,适宜发生条件
苹果圆斑根腐病,通气性不好,适宜发生条件
苹果苗立枯病,土壤黏重,适宜发生条件
苹果苗立枯病,地势低洼,适宜发生条件
苹果苗立枯病,排水不良,适宜发生条件
苹果苗立枯病,阴湿多雨,适宜发生条件
苹果泡斑病,气温高,适宜发生条件
苹果泡斑病,湿度大,适宜发生条件
苹果泡斑病,多雨,适宜发生条件
苹果粗皮果病,潮湿多阴,适宜发生条件
苹果花叶病,高温多雨,适宜发生条件
苹果花叶病,土壤干旱,适宜发生条件
苹果花叶病,水肥不足,适宜发生条件
苹果树再植病,土壤结构不良,适宜发生条件
苹果树再植病,通气性差,适宜发生条件
苹果树再植病,干旱,适宜发生条件
苹果树再植病,营养失衡,适宜发生条件
苹果缺铁黄化症,土壤黏重,适宜发生条件
苹果缺铁黄化症,排水差,适宜发生条件
苹果缺铁黄化症,地下水位高,适宜发生条件
苹果缺铁黄化症,春季多雨,适宜发生条件
苹果缺氮症,土壤瘠薄,适宜发生条件
苹果缺氮症,管理粗放,适宜发生条件
苹果缺钾症,土壤过湿,适宜发生条件
苹果缺钙症,土壤干燥,适宜发生条件
苹果缺钙症,湿度低,适宜发生条件
苹果果锈,地势低洼,适宜发生条件
苹果果锈,土质黏重,适宜发生条件
苹果果锈,树势衰弱,适宜发生条件
二斑叶螨,高温,适宜发生条件
二斑叶螨,低湿,适宜发生条件
梨黑星病,地势低洼,适宜发生条件
梨黑星病,树冠密,适宜发生条件
梨黑星病,通风不好,适宜发生条件
梨树干枯病,地势低洼,适宜发生条件
梨火疫病,久旱遇雨,适宜发生条件
梨火疫病,浇水过度,适宜发生条件
梨火疫病,地势低洼,适宜发生条件
梨锈水病,高温高湿,适宜发生条件
梨白粉病,夏季有雨凉爽,适宜发生条件
梨白粉病,密，土壤,适宜发生条件
梨白粉病,重，肥料,适宜发生条件
梨白粉病,其是钾肥,适宜发生条件
梨树疫病,高温多雨,适宜发生条件
梨炭疽病,相对湿度大于70%,适宜发生条件
梨炭疽病,地势低洼,适宜发生条件
梨炭疽病,土质黏重,适宜发生条件
梨炭疽病,排水不良,适宜发生条件
梨褐斑病,雨水早,适宜发生条件
梨黑斑病,排水不良,适宜发生条件
梨煤污病,低洼积水,适宜发生条件
梨煤污病,通风透光差,适宜发生条件
梨褐腐病,高温高湿,适宜发生条件
梨白纹羽病,管理粗放,适宜发生条件
梨白纹羽病,低洼渍水,适宜发生条件
梨白纹羽病,偏施氮肥,适宜发生条件
梨顶腐病,土壤干燥,适宜发生条件
梨顶腐病,地势低注,适宜发生条件
蘑菇绿霉病,高温高湿,适宜发生条件
蘑菇菌盖斑点病,高温高湿,适宜发生条件
蘑菇菌盖斑点病,通风不良,适宜发生条件
蘑菇软腐病,低温高湿,适宜发生条件
蘑菇菌丝徒长,通风不良,适宜发生条件
蘑菇菌丝徒长,空气湿度大,适宜发生条件
蘑菇畸形,通风不良,适宜发生条件
草菇折翅菌蚊,于高温高,适宜发生条件
食菌瘿蚊,相对湿度在70～80%,适宜发生条件
食菌瘿蚊,相对湿度68%,适宜发生条件
平菇软腐病,高温,适宜发生条件
平菇软腐病,通风不良,适宜发生条件
平菇萎菇,空气湿度过低,适宜发生条件
香菇蛛网丝枝霉病,菇房高温高湿,适宜发生条件
香菇蛛网丝枝霉病,通风不良,适宜发生条件
香菇绿霉病,高温高湿度,适宜发生条件
香菇畸形菇,光照不足,适宜发生条件
香菇畸形菇,温度不够,适宜发生条件
香菇畸形菇,通风不良,适宜发生条件
鸡腿菇绿霉病,通气不良,适宜发生条件
杏鲍菇畸形,湿度过低,适宜发生条件
木霉,通气不良,适宜发生条件
黄瘤孢霉,高湿,适宜发生条件
粘菌,高温高湿,适宜发生条件
粘菌,通风不良,适宜发生条件
鬼伞,喜高温,适宜发生条件
地碗菌,通风不畅,适宜发生条件
西瓜蔓枯病,地势低洼,适宜发生条件
西瓜蔓枯病,雨后积水,适宜发生条件
西瓜蔓枯病,通风不良,适宜发生条件
西瓜蔓枯病,湿度过高,适宜发生条件
西瓜枯萎病,高温高湿,适宜发生条件
西瓜炭疽病,相对湿度90%,适宜发生条件
西瓜炭疽病,地势低洼,适宜发生条件
西瓜炭疽病,排水不良,适宜发生条件
西瓜炭疽病,氮肥过多,适宜发生条件
西瓜炭疽病,通风不良,适宜发生条件
西瓜叶枯病,相对湿度高于90%,适宜发生条件
西瓜绵腐病,土温低,适宜发生条件
西瓜绵腐病,高湿,适宜发生条件
西瓜细菌性果斑病,多雨,适宜发生条件
西瓜细菌性果斑病,高湿,适宜发生条件
西瓜细菌性果斑病,大水漫灌,适宜发生条件
西瓜病毒病,干旱,适宜发生条件
西瓜病毒病,光照充足,适宜发生条件
西瓜猝倒病,土壤潮湿,适宜发生条件
西瓜白粉病,旱与高温,适宜发生条件
西瓜镰刀菌根腐病,低温,适宜发生条件
西瓜镰刀菌根腐病,高湿,适宜发生条件
西瓜粘菌病,潮湿,适宜发生条件
西瓜粘菌病,雨水多,适宜发生条件
西瓜缺素症,地温低,适宜发生条件
西瓜缺素症,日照不足,适宜发生条件
西瓜沤根,高温高湿,适宜发生条件
西瓜沤根,土壤含水量高,适宜发生条件
西瓜沤根,排水不良,适宜发生条件
西瓜沤根,土壤高温高湿,适宜发生条件
西瓜粗蔓病,雨水过量,适宜发生条件
西瓜粗蔓病,阳光不充足,适宜发生条件
西瓜煤污病,光照弱,适宜发生条件
西瓜煤污病,空气湿度大,适宜发生条件
西瓜煤污病,高温高湿,适宜发生条件
斜纹夜蛾,相对湿度75％～80%,适宜发生条件
棉铃虫,高温多雨,适宜发生条件
棉铃虫,水肥条件好,适宜发生条件
茶黄螨,相对湿度80%,适宜发生条件
朱砂叶螨,最适相对湿度为35%,适宜发生条件
小地老虎,土壤湿度大,适宜发生条件
甜瓜白粉病,温暖湿闷,适宜发生条件
甜瓜霜霉病,浇水过量,适宜发生条件
甜瓜霜霉病,浇水后下雨,适宜发生条件
甜瓜霜霉病,地下水位高,适宜发生条件
甜瓜疫病,围内,适宜发生条件
甜瓜疫病,高湿,适宜发生条件
甜瓜猝倒病,土温低,适宜发生条件
甜瓜猝倒病,高湿,适宜发生条件
甜瓜炭疽病,湿度90%左右,适宜发生条件
甜瓜炭疽病,氮肥过量,适宜发生条件
甜瓜叶枯病,土壤瘠薄,适宜发生条件
甜瓜蔓枯病,高温,适宜发生条件
甜瓜蔓枯病,高湿,适宜发生条件
甜瓜蔓枯病,通风不良,适宜发生条件
甜瓜枯萎病,土壤黏重,适宜发生条件
甜瓜枯萎病,地势低,适宜发生条件
甜瓜枯萎病,排水不良,适宜发生条件
甜瓜枯萎病,管理粗,适宜发生条件
甜瓜炭腐病,高温,适宜发生条件
甜瓜炭腐病,高湿,适宜发生条件
甜瓜黑斑病,土壤瘠薄,适宜发生条件
甜瓜红粉病,光照不足,适宜发生条件
甜瓜红粉病,通风不良,适宜发生条件
甜瓜镰刀菌果腐病,高温多雨,适宜发生条件
甜瓜煤污病,光照弱,适宜发生条件
甜瓜煤污病,空气湿度大,适宜发生条件
甜瓜煤污病,高温高湿,适宜发生条件
甜瓜瓜笄霉果腐病,高温高湿,适宜发生条件
甜瓜瓜笄霉果腐病,高湿,适宜发生条件
甜瓜瓜笄霉果腐病,日照不足,适宜发生条件
甜瓜瓜笄霉果腐病,雨后积水,适宜发生条件
苹果树干腐病,偏施氮肥,适宜发生条件
豌豆炭疽病,排水不良,适宜发生条件
豆秆黑潜蝇,多雨多湿,适宜发生条件
花蓟马,潮湿,适宜发生条件
豌豆修尾蚜,地势低洼,适宜发生条件
豌豆修尾蚜,排水不良,适宜发生条件
豌豆修尾蚜,土壤潮湿,适宜发生条件
豌豆修尾蚜,管理粗放,适宜发生条件
豌豆修尾蚜,干旱,适宜发生条件
豌豆修尾蚜,少雨,适宜发生条件
扁豆褐斑病,高温,适宜发生条件
扁豆褐斑病,高湿,适宜发生条件
扁豆花腐病,地势低洼,适宜发生条件
扁豆炭疽病,地势低洼,适宜发生条件
扁豆茎枯病,高温多湿,适宜发生条件
扁豆茎枯病,地势低洼,适宜发生条件
扁豆细菌性疫病,高温多雨,适宜发生条件
扁豆细菌性疫病,大水漫灌,适宜发生条件
扁豆细菌性疫病,肥力不足,适宜发生条件
扁豆立枯病,地势低洼,适宜发生条件
扁豆立枯病,地下水位高,适宜发生条件
扁豆红斑病,高温高湿,适宜发生条件
扁豆黑斑病,温暖多湿,适宜发生条件
扁豆淡褐斑病,多雨,适宜发生条件
扁豆绵疫病,地势低洼,适宜发生条件
扁豆绵疫病,土壤潮湿,适宜发生条件
扁豆绵疫病,通风透光不好,适宜发生条件
扁豆枯萎病,高温多湿,适宜发生条件
扁豆枯萎病,土质粘重,适宜发生条件
蚕豆锈病,温暖潮湿,适宜发生条件
蚕豆锈病,低洼积水,适宜发生条件
蚕豆锈病,土质黏重,适宜发生条件
蚕豆赤斑病,田间湿度大,适宜发生条件
蚕豆赤斑病,温度适宜,适宜发生条件
蚕豆白粉病,多雨,适宜发生条件
蚕豆炭疽病,温凉多湿,适宜发生条件
蚕豆炭疽病,多雨多露,适宜发生条件
蚕豆炭疽病,地势低洼,适宜发生条件
蚕豆炭疽病,土壤黏重,适宜发生条件
蚕豆茎疫病,低温多湿,适宜发生条件
蚕豆茎疫病,地势低洼,适宜发生条件
蚕豆茎疫病,种植粗放,适宜发生条件
蚕豆茎疫病,土壤肥力差,适宜发生条件
蚕豆轮纹病,多雨潮湿,适宜发生条件
蚕豆轮纹病,土壤黏重,适宜发生条件
蚕豆轮纹病,排水不良,适宜发生条件
蚕豆立枯病,土壤过湿或过干,适宜发生条件
蚕豆修尾蚜,地势低洼,适宜发生条件
蚕豆修尾蚜,排水不良,适宜发生条件
蚕豆修尾蚜,土壤潮湿,适宜发生条件
蚕豆修尾蚜,管理粗放,适宜发生条件
蚕豆修尾蚜,干旱,适宜发生条件
蚕豆修尾蚜,少雨,适宜发生条件
黄花菜锈病,温暖湿润,适宜发生条件
黄花菜锈病,肥水不均,适宜发生条件
黄花菜锈病,光照不足,适宜发生条件
黄花菜白绢病,湿度大,适宜发生条件
黄花菜白绢病,排水不良,适宜发生条件
黄花菜黑斑病,温暖多雨,适宜发生条件
黄花菜霉杆病,土壤粘重,适宜发生条件
黄花菜根腐病,土温低,适宜发生条件
黄花菜根腐病,湿度大,适宜发生条件
黄花菜根腐病,排水不良,适宜发生条件
枸杞白粉病,郁闭透光性差,适宜发生条件
枸杞灰斑病,高温多雨,适宜发生条件
枸杞灰斑病,土壤湿度大,适宜发生条件
枸杞灰斑病,空气潮湿,适宜发生条件
枸杞灰斑病,土壤缺肥,适宜发生条件
枸杞根腐病,地势低洼积水,适宜发生条件
枸杞根腐病,土壤粘重,适宜发生条件
枸杞根腐病,耕作粗放,适宜发生条件
马铃薯瓢虫,湿度适中,适宜发生条件
三点盲蝽,相对湿度为60%,适宜发生条件
芦笋立枯病,土壤过湿,适宜发生条件
芦笋紫纹羽病,低洼潮湿,适宜发生条件
甘蓝夜蛾,相对湿度70%,适宜发生条件
莲藕腐败病,土壤黏重,适宜发生条件
莲藕腐败病,通气性差,适宜发生条件
莲藕尾孢褐斑病,高温多雨,适宜发生条件
莲藕褐纹病,高温多雨,适宜发生条件
莲藕炭疽病,高湿高温,适宜发生条件
莲藕叶疫病,高温多雨,适宜发生条件
莲藕叶疫病,空气潮湿,适宜发生条件
莲缢管蚜,温度高湿,适宜发生条件
莲缢管蚜,高温干燥,适宜发生条件
茭白纹枯病,高温多湿,适宜发生条件
茭白纹枯病,降雨多,适宜发生条件
茭白纹枯病,田间湿度大,适宜发生条件
茭白瘟病,土壤温度低,适宜发生条件
茭白瘟病,连阴雨,适宜发生条件
茭白瘟病,光照不足,适宜发生条件
茭白黑粉病,高温,适宜发生条件
茭白黑粉病,多雨,适宜发生条件
茭白黑粉病,郁闷高湿,适宜发生条件
茭白黑粉病,灌水不当,适宜发生条件
慈姑黑粉病,高温高湿,适宜发生条件
慈姑斑纹病,温暖多湿,适宜发生条件
慈姑褐斑病,温暖多湿,适宜发生条件
荸荠杆枯病,雨水多,适宜发生条件
荸荠杆枯病,湿度大,适宜发生条件
荸荠茎腐病,土质瘠薄,适宜发生条件
荸荠茎腐病,土层浅或缺肥,适宜发生条件
荸荠茎腐病,地势低洼,适宜发生条件
荸荠茎腐病,灌水过深,适宜发生条件
蘑菇褐腐病,高温高湿,适宜发生条件
蘑菇褐腐病,通风不畅,适宜发生条件
蘑菇褐斑病,高温高湿,适宜发生条件
蘑菇褐斑病,通风不畅,适宜发生条件
蘑菇猝倒病,高温高湿,适宜发生条件
佛手瓜蔓枯病,通风透光差,适宜发生条件
佛手瓜叶点病,通风不好,适宜发生条件
佛手瓜叶点病,光照不足,适宜发生条件
佛手瓜叶点病,排水不良,适宜发生条件
佛手瓜叶点病,株间湿度大,适宜发生条件
苦瓜白斑病,高温多雨,适宜发生条件
苦瓜霜霉病,低温阴雨,适宜发生条件
苦瓜霜霉病,雨水多,适宜发生条件
苦瓜炭疽病,通风条件差,适宜发生条件
苦瓜炭疽病,施氮肥过多,适宜发生条件
苦瓜炭疽病,大水漫灌,适宜发生条件
苦瓜叶枯病,雨量大,适宜发生条件
苦瓜叶枯病,相对湿度高于90%,适宜发生条件
苦瓜叶枯病,偏施氮肥,适宜发生条件
苦瓜叶枯病,排水不良,适宜发生条件
苦瓜叶枯病,湿气滞留,适宜发生条件
苦瓜斑点病,高温多湿,适宜发生条件
苦瓜斑点病,田间郁蔽,适宜发生条件
苦瓜枯萎病,地势低洼,适宜发生条件
苦瓜根腐病,高温,适宜发生条件
苦瓜根腐病,高湿,适宜发生条件
苦瓜白绢病,土质黏重,适宜发生条件
苦瓜白绢病,地势低洼,适宜发生条件
苦瓜白绢病,高温多湿,适宜发生条件
苦瓜猝倒病,低温,适宜发生条件
苦瓜猝倒病,高湿,适宜发生条件
苦瓜猝倒病,光照不足,适宜发生条件
苦瓜猝倒病,湿度偏大,适宜发生条件
苦瓜菌核病,低温,适宜发生条件
苦瓜菌核病,湿度大,适宜发生条件
苦瓜蔓枯病,高温多雨,适宜发生条件
苦瓜蔓枯病,种植过密,适宜发生条件
苦瓜蔓枯病,通风不良,适宜发生条件
苦瓜立枯病,光照不足,适宜发生条件
苦瓜立枯病,高温,适宜发生条件
苦瓜立枯病,高湿,适宜发生条件
苦瓜细菌性角斑病,相对湿度为70%以上,适宜发生条件
苦瓜细菌性角斑病,地势低洼,适宜发生条件
苦瓜细菌性角斑病,排水不良,适宜发生条件
苦瓜病毒病,高温,适宜发生条件
苦瓜病毒病,干旱,适宜发生条件
菜豆红斑病,高温高湿,适宜发生条件
菜豆白绢病,土壤湿度大,适宜发生条件
菜豆炭腐病,高温多湿,适宜发生条件
菜豆炭腐病,地势低洼,适宜发生条件
菜豆炭腐病,土壤湿度大,适宜发生条件
菜豆锈病,排水不良,适宜发生条件
菜豆锈病,种植过密,适宜发生条件
菜豆锈病,通风不畅,适宜发生条件
菜豆炭疽病,地势低洼窝风,适宜发生条件
菜豆黑斑病,温暖多湿,适宜发生条件
菜豆褐斑病,高温多雨,适宜发生条件
菜豆根腐病,土质黏重,适宜发生条件
菜豆枯萎病,地势低洼,适宜发生条件
菜豆枯萎病,灌水频繁,适宜发生条件
菜豆枯萎病,田间湿度大,适宜发生条件
菜豆枯萎病,肥力不足,适宜发生条件
菜豆枯萎病,管理粗放,适宜发生条件
菜豆细菌性疫病,高温多雨,适宜发生条件
菜豆细菌性疫病,温度高,适宜发生条件
菜豆细菌性疫病,湿度大,适宜发生条件
菜豆细菌性晕疫病,潮湿,适宜发生条件
菜豆斑点病,温暖多湿,适宜发生条件
菜豆白粉病,潮湿,适宜发生条件
菜豆白粉病,多雨,适宜发生条件
菜豆白粉病,湿度高,适宜发生条件
菜豆污煤病,高温,适宜发生条件
菜豆污煤病,高湿,适宜发生条件
菜豆根霉软腐病,高温高湿,适宜发生条件
菜豆根霉软腐病,阴雨连绵,适宜发生条件
菜豆根霉软腐病,田间积水,适宜发生条件
菜豆根霉软腐病,湿气滞留,适宜发生条件
菜豆(链格孢)黑斑病,温暖多湿,适宜发生条件
豆叶螨,天气干旱,适宜发生条件
截形叶螨,高温低湿,适宜发生条件
豇豆疫病,地势低洼,适宜发生条件
豇豆疫病,土壤潮湿,适宜发生条件
豇豆疫病,通风透光不好,适宜发生条件
豇豆煤霉病,高温,适宜发生条件
豇豆煤霉病,高湿,适宜发生条件
豇豆枯萎病,土壤黏重,适宜发生条件
豇豆枯萎病,土势低洼积水,适宜发生条件
豇豆锈病,阴雨高湿度,适宜发生条件
豇豆锈病,低洼积水,适宜发生条件
豇豆锈病,种植过密,适宜发生条件
豇豆锈病,通风不良,适宜发生条件
豇豆白粉病,缺磷少钾,适宜发生条件
豇豆白绢病,土壤湿度大,适宜发生条件
豇豆基腐病,通风透光不良,适宜发生条件
豇豆根腐病,地势低洼,适宜发生条件
豇豆根腐病,土质黏重,适宜发生条件
豇豆褐斑病,高温多雨,适宜发生条件
豇豆褐斑病,栽植过密,适宜发生条件
豇豆褐斑病,通风不良,适宜发生条件
豇豆褐斑病,偏施氮肥,适宜发生条件
豇豆红斑病,高温高湿,适宜发生条件
豇豆斑枯病,温暖高湿,适宜发生条件
豇豆立枯病,通风透光不良,适宜发生条件
豇豆根结线虫病,土壤不过干,适宜发生条件
豇豆细菌性疫病,高温高湿,适宜发生条件
豇豆细菌性疫病,雾大露重,适宜发生条件
豇豆细菌性疫病,大水漫灌,适宜发生条件
豇豆细菌性疫病,肥力不足,适宜发生条件
豇豆炭疽病,多雨,适宜发生条件
豇豆炭疽病,多露,适宜发生条件
豇豆炭疽病,多雾冷凉多湿,适宜发生条件
豇豆炭疽病,土壤黏重,适宜发生条件
豇豆轮纹病,高温多湿,适宜发生条件
豇豆茎枯病,高温多湿,适宜发生条件
豇豆茎枯病,地势低洼,适宜发生条件
豇豆茎枯病,土壤湿度大,适宜发生条件
豇豆灰斑病,通风透气不良,适宜发生条件
豇豆类菌原体丛枝病,地势低洼,适宜发生条件
豇豆类菌原体丛枝病,排水不良,适宜发生条件
豇豆类菌原体丛枝病,土壤黏重,适宜发生条件
豇豆类菌原体丛枝病,偏酸,适宜发生条件
豇豆类菌原体丛枝病,耕作粗放,适宜发生条件
毛豆疫病,地势低洼,适宜发生条件
毛豆疫病,土壤为黏土,适宜发生条件
毛豆疫病,排排水不良,适宜发生条件
豆杆黑潜蝇,多雨多湿,适宜发生条件
毛豆褐斑病,温暖多雨,适宜发生条件
毛豆褐斑病,通风透光不好,适宜发生条件
毛豆褐斑病,排水不良,适宜发生条件
毛豆黑斑病,高温多湿,适宜发生条件
毛豆霜霉病,低温,适宜发生条件
毛豆霜霉病,多雨,适宜发生条件
毛豆根腐病,排水不良,适宜发生条件
毛豆赤霉病,高温多雨,适宜发生条件
毛豆赤霉病,湿度大,适宜发生条件
毛豆枯萎病,高温多湿,适宜发生条件
毛豆枯萎病,土质黏重,适宜发生条件
毛豆枯萎病,土壤板结,适宜发生条件
毛豆病毒病,气候干旱,适宜发生条件
毛豆菌核病,通风透光不良,适宜发生条件
毛豆猝倒病,土温低,适宜发生条件
毛豆猝倒病,高湿,适宜发生条件
毛豆立枯病,低温多雨,适宜发生条件
毛豆立枯病,低洼积水,适宜发生条件
毛豆立枯病,高温高湿,适宜发生条件
毛豆立枯病,光照不足,适宜发生条件
毛豆茎枯病,高温高湿,适宜发生条件
毛豆菌核疫病,潮湿,适宜发生条件
毛豆菌核疫病,土壤湿度大,适宜发生条件
毛豆菌核疫病,作物遮荫,适宜发生条件
毛豆煤斑病,田间高湿,适宜发生条件
毛豆煤斑病,高温,适宜发生条件
毛豆煤斑病,多雨,适宜发生条件
毛豆紫斑病,通风透光不良,适宜发生条件
豌豆褐纹病,土壤黏重,适宜发生条件
豌豆褐纹病,湿度过大,适宜发生条件
豌豆褐纹病,氮肥过多,适宜发生条件
豌豆白粉病,温暖干燥,适宜发生条件
豌豆白粉病,通风透光不良,适宜发生条件
豌豆基腐病,高温高湿,适宜发生条件
豌豆黑根病,高温高湿,适宜发生条件
西葫芦灰霉病,光照不足,适宜发生条件
西葫芦灰霉病,气温偏低,适宜发生条件
西葫芦枯萎病,空气湿度大,适宜发生条件
西葫芦枯萎病,相对湿度小,适宜发生条件
西葫芦枯萎病,排水不良,适宜发生条件
西葫芦枯萎病,浇水过多,适宜发生条件
西葫芦枯萎病,土壤过分干旱,适宜发生条件
西葫芦枯萎病,土壤偏酸,适宜发生条件
西葫芦蔓枯病,高温多湿,适宜发生条件
西葫芦蔓枯病,天气闷热,适宜发生条件
西葫芦蔓枯病,雨后积水,适宜发生条件
西葫芦蔓枯病,大水勤浇,适宜发生条件
西葫芦蔓枯病,缺肥,适宜发生条件
西葫芦蔓枯病,光照不足,适宜发生条件
西葫芦蔓枯病,通风不良,适宜发生条件
西葫芦绵腐病,土温低,适宜发生条件
西葫芦绵腐病,湿度大,适宜发生条件
西葫芦菌核病,低温,适宜发生条件
西葫芦菌核病,湿度大,适宜发生条件
西葫芦菌核病,排水不良,适宜发生条件
西葫芦褐腐病,低温高湿,适宜发生条件
西葫芦褐腐病,日照不足,适宜发生条件
西葫芦病毒病,高温,适宜发生条件
西葫芦病毒病,高湿,适宜发生条件
西葫芦曲霉病,高温高湿,适宜发生条件
西葫芦曲霉病,土壤温湿度变,适宜发生条件
冬瓜白粉病,雨后,适宜发生条件
冬瓜黑星病,夜温低,适宜发生条件
冬瓜炭疽病,空气湿度大,适宜发生条件
冬瓜叶斑病,温暖多湿,适宜发生条件
冬瓜疫病,地势低洼,适宜发生条件
冬瓜疫病,排水不良,适宜发生条件
冬瓜蔓枯病,通风透光差,适宜发生条件
冬瓜褐腐病,高温高湿,适宜发生条件
冬瓜褐腐病,高湿,适宜发生条件
冬瓜褐腐病,日照不足,适宜发生条件
冬瓜褐腐病,雨后积水,适宜发生条件
冬瓜绵腐病,雨，湿,适宜发生条件
冬瓜(叶点霉)叶斑病,温暖多湿,适宜发生条件
冬瓜裂果,浇水不均,适宜发生条件
冬瓜立枯病,高湿,适宜发生条件
冬瓜立枯病,阴雨,适宜发生条件
冬瓜立枯病,光照不足,适宜发生条件
冬瓜黑斑病,田间管理粗放,适宜发生条件
冬瓜菌核病,相对湿度高于85%,适宜发生条件
冬瓜根腐病,高温,适宜发生条件
冬瓜根腐病,高湿,适宜发生条件
瓠瓜霜霉病,田间湿度大,适宜发生条件
瓠瓜霜霉病,通风不良,适宜发生条件
瓠瓜霜霉病,地势低洼,适宜发生条件
瓠瓜霜霉病,土壤质地差,适宜发生条件
瓠瓜霜霉病,肥料不足,适宜发生条件
瓠瓜霜霉病,栽培过密,适宜发生条件
瓠瓜霜霉病,湿度过高,适宜发生条件
瓠瓜白粉病,空气相对湿度45%,适宜发生条件
瓠瓜白粉病,通风不好,适宜发生条件
瓠瓜白粉病,光照不足,适宜发生条件
瓠瓜白粉病,排水不良,适宜发生条件
瓠瓜白粉病,株间湿度大,适宜发生条件
瓠瓜炭疽病,空气湿度大,适宜发生条件
瓠瓜炭疽病,氮肥过多,适宜发生条件
瓠瓜炭疽病,大水漫灌,适宜发生条件
瓠瓜炭疽病,通风不良,适宜发生条件
瓠瓜灰霉病,湿度大,适宜发生条件
瓠瓜枯萎病,土质黏重,适宜发生条件
瓠瓜枯萎病,地势低洼,适宜发生条件
瓠瓜枯萎病,排水不良,适宜发生条件
瓠瓜枯萎病,地温低,适宜发生条件
瓠瓜枯萎病,耕作粗放,适宜发生条件
瓠瓜枯萎病,土壤过酸,适宜发生条件
瓠瓜褐腐病,高温高湿,适宜发生条件
瓠瓜褐腐病,低温高湿,适宜发生条件
瓠瓜褐腐病,日照不足,适宜发生条件
瓠瓜褐腐病,雨后积水,适宜发生条件
瓠瓜绵腐病,雨，湿,适宜发生条件
瓠瓜褐斑病,湿度高,适宜发生条件
瓠瓜褐斑病,通风不良,适宜发生条件
瓠瓜褐斑病,光照少,适宜发生条件
瓠瓜蔓枯病,通风透光差,适宜发生条件
瓠瓜煤污病,光照弱,适宜发生条件
瓠瓜煤污病,空气湿度大,适宜发生条件
瓠瓜煤污病,高温高湿,适宜发生条件
丝瓜枯萎病,土壤过分干旱,适宜发生条件
丝瓜枯萎病,质地黏重,适宜发生条件
丝瓜绵腐病,阴雨连绵,适宜发生条件
丝瓜绵腐病,地势低洼,适宜发生条件
丝瓜绵腐病,地下水位高,适宜发生条件
丝瓜细菌性角斑病,适宜相对湿度70%以上,适宜发生条件
丝瓜褐斑病,温暖高湿,适宜发生条件
丝瓜疫病,土壤黏重,适宜发生条件
丝瓜疫病,地势低洼,适宜发生条件
南瓜疫病,通风透,适宜发生条件
南瓜白粉病,田间湿度大,适宜发生条件
南瓜枯萎病,土壤过分干旱,适宜发生条件
南瓜白绢病,不利菌丝生长,适宜发生条件
南瓜斑点病,地势低洼,适宜发生条件
南瓜斑点病,株间郁闭,适宜发生条件
南瓜角斑病,多雨,适宜发生条件
南瓜角斑病,高湿,适宜发生条件
南瓜角斑病,大水漫灌,适宜发生条件
南瓜斑枯病,田间多雨,适宜发生条件
南瓜褐腐病,低温高湿,适宜发生条件
南瓜褐腐病,日照不足,适宜发生条件
南瓜化瓜,通风透光差,适宜发生条件
飞碟瓜褐腐病,低温高湿,适宜发生条件
飞碟瓜褐腐病,日照不足,适宜发生条件
飞碟瓜灰霉病,湿度大,适宜发生条件
飞碟瓜枯萎病,土壤过分干旱,适宜发生条件
飞碟瓜脐腐病,湿度低,适宜发生条件
佛手瓜白粉病,空气相对湿度45%,适宜发生条件
佛手瓜白粉病,通风不好,适宜发生条件
佛手瓜白粉病,光照不足,适宜发生条件
佛手瓜白粉病,排水不良,适宜发生条件
佛手瓜白粉病,株间湿度大,适宜发生条件
佛手瓜枯萎病,土质黏重,适宜发生条件
佛手瓜枯萎病,地势低洼,适宜发生条件
佛手瓜枯萎病,排水不良,适宜发生条件
佛手瓜枯萎病,地温低,适宜发生条件
佛手瓜枯萎病,耕作粗放,适宜发生条件
佛手瓜枯萎病,土壤过酸,适宜发生条件
辣椒枯萎病,高温高湿,适宜发生条件
辣椒枯萎病,土壤潮湿,适宜发生条件
辣椒枯萎病,黏重,适宜发生条件
辣椒枯萎病,微酸,适宜发生条件
辣椒枯萎病,排水不良,适宜发生条件
辣椒猝倒病,保温放风不当,适宜发生条件
辣椒猝倒病,地势低洼,适宜发生条件
辣椒猝倒病,排水不良,适宜发生条件
辣椒立枯病,温暖多湿,适宜发生条件
辣椒立枯病,浇水过多,适宜发生条件
辣椒根腐病,空气相对湿度较,适宜发生条件
辣椒细菌性叶斑病,高温高湿,适宜发生条件
辣椒细菌性叶斑病,排水不良,适宜发生条件
辣椒细菌性叶斑病,土壤贫瘠缺肥,适宜发生条件
辣椒青枯病,缺钾肥,适宜发生条件
辣椒病毒病,湿度60%,适宜发生条件
辣椒病毒病,高温,适宜发生条件
辣椒病毒病,干旱少雨,适宜发生条件
辣椒病毒病,土壤缺肥,适宜发生条件
辣椒白斑病,温暖潮湿,适宜发生条件
辣椒枯顶病毒病,管理粗放,适宜发生条件
辣椒枯顶病毒病,缺水,适宜发生条件
辣椒枯顶病毒病,干旱,适宜发生条件
辣椒日灼病,土壤缺水,适宜发生条件
辣椒日灼病,忽雨忽晴,适宜发生条件
辣椒日灼病,多雾,适宜发生条件
辣椒高温病,湿度低或,适宜发生条件
辣椒高温病,土壤缺水,适宜发生条件
茄子白粉病,温暖多湿,适宜发生条件
茄子白粉病,低洼潮湿,适宜发生条件
茄子白粉病,株间郁闭,适宜发生条件
茄子褐纹病,高温多雨,适宜发生条件
茄子褐纹病,地势低洼,适宜发生条件
茄子褐纹病,排水不良,适宜发生条件
茄子褐纹病,夏季多雨,适宜发生条件
茄子叶霉病,管理粗放,适宜发生条件
茄子叶霉病,通风不良,适宜发生条件
茄子炭疽病,地势低洼,适宜发生条件
茄子炭疽病,排水不良,适宜发生条件
茄子炭疽病,氮肥过多,适宜发生条件
茄子炭疽病,植株郁蔽,适宜发生条件
茄子炭疽病,通风不良,适宜发生条件
茄子白绢病,整地不细,适宜发生条件
茄子白绢病,管理粗放,适宜发生条件
茄子白绢病,浇水过多,适宜发生条件
茄子白绢病,地势低洼,适宜发生条件
茄子白绢病,排水不良,适宜发生条件
茄子褐色圆星病,温暖多湿,适宜发生条件
茄子褐色圆星病,低洼潮湿,适宜发生条件
茄子褐色圆星病,株间郁闭,适宜发生条件
茄子绵疫病,地势低洼,适宜发生条件
茄子绵疫病,土壤黏重,适宜发生条件
茄子绵疫病,通风不良,适宜发生条件
茄子猝倒病,低温,适宜发生条件
茄子猝倒病,高湿,适宜发生条件
茄子根腐病,高温,适宜发生条件
茄子根腐病,高湿,适宜发生条件
茄子根腐病,土壤黏重,适宜发生条件
茄子青枯病,高温高湿,适宜发生条件
茄子病毒病,高温干旱,适宜发生条件
茄子病毒病,管理粗放,适宜发生条件
茄子病毒病,田边杂草多,适宜发生条件
茄子交链孢果腐病,通风透光不好,适宜发生条件
茄子交链孢果腐病,肥力不足,适宜发生条件
茄子交链孢果腐病,耕作粗放,适宜发生条件
茄子交链孢果腐病,地势低洼积水,适宜发生条件
茄子交链孢果腐病,排水不良,适宜发生条件
茄子交链孢果腐病,土壤潮湿,适宜发生条件
茄子交链孢果腐病,高温,适宜发生条件
茄子交链孢果腐病,高湿,适宜发生条件
茄子交链孢果腐病,多雨,适宜发生条件
茄子交链孢果腐病,多雾,适宜发生条件
茄子交链孢果腐病,重露,适宜发生条件
茄子交链孢果腐病,日照不足,适宜发生条件
茄子褐斑病,高温高湿,适宜发生条件
茄子黑枯病,多湿,适宜发生条件
茄子赤星病,温暖潮湿,适宜发生条件
茄子细轮纹病,排水不良,适宜发生条件
茄子果实疫病,地势低洼,适宜发生条件
茄子果实疫病,排水不良,适宜发生条件
茄子花腐病,高温高湿,适宜发生条件
茄子花腐病,高湿,适宜发生条件
茄子花腐病,日照不足,适宜发生条件
茄子花腐病,雨后积水,适宜发生条件
茄子黑根霉果腐病,田间湿度大,适宜发生条件
茄子畸形果,氮肥施用过多,适宜发生条件
黄瓜霜霉病,湿度过高,适宜发生条件
黄瓜霜霉病,地势低洼,适宜发生条件
黄瓜霜霉病,土壤质地差,适宜发生条件
黄瓜霜霉病,肥料不足,适宜发生条件
黄瓜霜霉病,栽培过密,适宜发生条件
黄瓜霜霉病,通风不良,适宜发生条件
黄瓜疫病,地势低洼,适宜发生条件
黄瓜疫病,排水不良,适宜发生条件
黄瓜疫病,浇水过多,适宜发生条件
黄瓜黑星病,低温高湿,适宜发生条件
黄瓜黑星病,光照少,适宜发生条件
黄瓜黑星病,通风不良,适宜发生条件
黄瓜白粉病,相对湿度25%,适宜发生条件
黄瓜白粉病,最适相对湿度为75%,适宜发生条件
黄瓜白粉病,雨后干燥,适宜发生条件
黄瓜黑斑病,高温高湿,适宜发生条件
黄瓜黑斑病,通风透气不良,适宜发生条件
黄瓜靶斑病,通风透气不良,适宜发生条件
黄瓜靶斑病,土壤肥沃,适宜发生条件
黄瓜靶斑病,底肥充足,适宜发生条件
黄瓜靶斑病,肥力不足,适宜发生条件
黄瓜靶斑病,土壤贫瘠,适宜发生条件
黄瓜红粉病,光照不足,适宜发生条件
黄瓜红粉病,通风不良,适宜发生条件
黄瓜圆叶枯病,高温高湿,适宜发生条件
黄瓜圆叶枯病,菜地潮湿,适宜发生条件
黄瓜圆叶枯病,通风透光差,适宜发生条件
黄瓜圆叶枯病,肥料不足,适宜发生条件
黄瓜枯萎病,空气湿度大,适宜发生条件
黄瓜枯萎病,相对湿度小,适宜发生条件
黄瓜枯萎病,排水不良,适宜发生条件
黄瓜枯萎病,浇水过多,适宜发生条件
黄瓜枯萎病,土壤过分干旱,适宜发生条件
黄瓜枯萎病,土壤偏酸,适宜发生条件
黄瓜蔓枯病,高温多雨,适宜发生条件
黄瓜蔓枯病,通风不良,适宜发生条件
黄瓜蔓枯病,排水不良,适宜发生条件
黄瓜蔓枯病,密度过大,适宜发生条件
黄瓜蔓枯病,光照不足,适宜发生条件
黄瓜猝倒病,低温,适宜发生条件
黄瓜猝倒病,高湿,适宜发生条件
黄瓜猝倒病,光照不足,适宜发生条件
黄瓜猝倒病,湿度偏大,适宜发生条件
黄瓜菌核病,相对湿度高于85%,适宜发生条件
黄瓜细菌性角斑病,光照不足,适宜发生条件
黄瓜根结线虫病,地势高燥,适宜发生条件
黄瓜根结线虫病,土壤疏松,适宜发生条件
黄瓜根结线虫病,盐分低,适宜发生条件
黄瓜炭疽病,高温高湿,适宜发生条件
黄瓜炭疽病,管理粗放,适宜发生条件
黄瓜炭疽病,偏施氮肥,适宜发生条件
黄瓜灰霉病,高湿,适宜发生条件
黄瓜灰霉病,相对湿度在90%左右,适宜发生条件
黄瓜根腐病,高温,适宜发生条件
黄瓜根腐病,高湿,适宜发生条件
黄瓜细菌性枯萎病,低温高湿,适宜发生条件
黄瓜细菌性枯萎病,通风换气不良,适宜发生条件
黄瓜细菌性枯萎病,相对湿度在85%左右,适宜发生条件
黄瓜病毒病,日照强,适宜发生条件
黄瓜病毒病,干旱,适宜发生条件
黄瓜病毒病,缺水,适宜发生条件
黄瓜病毒病,缺肥,适宜发生条件
黄瓜斑点病,温暖多湿,适宜发生条件
黄瓜花腐病,高温高湿,适宜发生条件
黄瓜花腐病,高湿,适宜发生条件
黄瓜花腐病,日照不足,适宜发生条件
黄瓜花腐病,雨后积水,适宜发生条件
黄瓜软腐病,高温高湿,适宜发生条件
黄瓜叶烧病,相对湿度高于85%,适宜发生条件
黄瓜缺素症,地温低,适宜发生条件
黄瓜缺素症,土壤干旱,适宜发生条件
黄瓜缺素症,土壤多氮或多钾,适宜发生条件
黄瓜缺素症,土壤酸性过重,适宜发生条件
黄瓜花打顶,高温干旱,适宜发生条件
黄瓜花打顶,土壤缺水,适宜发生条件
西葫芦黑星病,右，相对湿度,适宜发生条件
西葫芦黑星病,植株郁闭,适宜发生条件
西葫芦黑星病,多湿,适宜发生条件
西葫芦白粉病,雨后干燥,适宜发生条件
西葫芦白粉病,高温干旱,适宜发生条件
西葫芦炭疽病,空气湿度大,适宜发生条件
西葫芦褐斑病,高温,适宜发生条件
西葫芦褐斑病,高湿,适宜发生条件
蕹菜炭疽病,高温多雨,适宜发生条件
蕹菜细菌性叶枯病,雨量大,适宜发生条件
茴香菌核病,植地低洼,适宜发生条件
茴香霜霉病,高温高湿,适宜发生条件
茴香霜霉病,棚内高湿,适宜发生条件
茴香枯萎病,高温多湿,适宜发生条件
茴香猝倒病,地势低洼,适宜发生条件
茴香猝倒病,积水地,适宜发生条件
茴香猝倒病,湿气滞留,适宜发生条件
茴香白粉病,多露潮湿,适宜发生条件
茴香灰斑病,高温高湿,适宜发生条件
茴香灰斑病,通风透光差,适宜发生条件
茴香细菌性疫病,通风透光不良,适宜发生条件
茴香细菌性疫病,高温,适宜发生条件
茴香细菌性疫病,高湿,适宜发生条件
茼蒿炭疽病,低洼积水,适宜发生条件
茼蒿霜霉病,通风透光不良,适宜发生条件
茼蒿霜霉病,灌水过多,适宜发生条件
茼蒿霜霉病,排水不良,适宜发生条件
茼蒿霜霉病,田间湿度过大,适宜发生条件
茼蒿叶斑病,温暖多湿,适宜发生条件
茼蒿叶斑病,排水不良,适宜发生条件
茼蒿叶斑病,种植过密,适宜发生条件
茼蒿叶斑病,浇水过多,适宜发生条件
茼蒿菌核病,相对湿度高于85%,适宜发生条件
菜粉蝶,相对湿度76%左右,适宜发生条件
香芹斑枯病,浇水多,适宜发生条件
香芹斑枯病,排水不良,适宜发生条件
香芹斑枯病,田间积水,适宜发生条件
香芹斑枯病,土地贫瘠,适宜发生条件
香芹叶斑病,温暖高湿,适宜发生条件
香芹根腐病,排水不良,适宜发生条件
香芹根腐病,地势低洼,适宜发生条件
香芹根腐病,水肥管理不当,适宜发生条件
芫荽灰霉病,浇水过多,适宜发生条件
芫荽灰霉病,施用氮肥过量,适宜发生条件
芫荽灰霉病,环境荫蔽,适宜发生条件
芫荽灰霉病,田间通风不良,适宜发生条件
芫荽细菌性疫病,通风透光不良,适宜发生条件
芫荽细菌性疫病,高温,适宜发生条件
芫荽细菌性疫病,高湿,适宜发生条件
香芹根结线虫病,地势高燥,适宜发生条件
香芹根结线虫病,土质中性沙质,适宜发生条件
芫荽叶斑病,温暖高湿,适宜发生条件
芫荽株腐病,高温多湿,适宜发生条件
芫荽株腐病,低温高湿,适宜发生条件
芫荽株腐病,苗床低洼,适宜发生条件
芫荽株腐病,浇水过量,适宜发生条件
芫荽白粉病,土壤湿度大,适宜发生条件
芫荽白粉病,氮肥偏多,适宜发生条件
芫荽白粉病,缺钾,适宜发生条件
小地老虎,旱涝、雨水,适宜发生条件
叶芥菜黑斑病,相对湿度为72%,适宜发生条件
叶芥菜黑腐病,高温,适宜发生条件
叶芥菜黑腐病,高湿,适宜发生条件
叶芥菜黑腐病,偏施氮肥,适宜发生条件
叶芥菜霜霉病,高湿多雨,适宜发生条件
番茄早疫病,基肥不足,适宜发生条件
番茄早疫病,灌水多,适宜发生条件
番茄早疫病,低洼积水,适宜发生条件
番茄晚疫病,以上，空气湿度,适宜发生条件
番茄晚疫病,地势低洼,适宜发生条件
番茄晚疫病,排水不良,适宜发生条件
番茄叶霉病,高湿适温,适宜发生条件
番茄灰叶斑病,湿度适宜,适宜发生条件
番茄芝麻斑病,高温高湿,适宜发生条件
番茄芝麻斑病,多雨高温,适宜发生条件
番茄芝麻斑病,田间潮湿,适宜发生条件
番茄芝麻斑病,通风透光差,适宜发生条件
番茄芝麻斑病,施肥不足,适宜发生条件
番茄灰霉病,温暖湿润,适宜发生条件
番茄灰霉病,相对湿度要求95%以上,适宜发生条件
番茄灰霉病,氮肥不足,适宜发生条件
番茄白绢病,高温多湿,适宜发生条件
番茄绵疫病,阴雨连绵,适宜发生条件
番茄绵疫病,相对湿度在85%,适宜发生条件
番茄绵疫病,份高温多,适宜发生条件
番茄绵疫病,菜田低洼,适宜发生条件
番茄绵疫病,土质黏重,适宜发生条件
番茄绵疫病,种植过密,适宜发生条件
番茄绵疫病,田间通风透光性差,适宜发生条件
番茄镰刀菌果腐病,通风透光不好,适宜发生条件
番茄镰刀菌果腐病,土壤黏重,适宜发生条件
番茄镰刀菌果腐病,肥力不足,适宜发生条件
番茄镰刀菌果腐病,耕作粗放,适宜发生条件
番茄镰刀菌果腐病,排水不良,适宜发生条件
番茄镰刀菌果腐病,土壤潮湿,适宜发生条件
番茄镰刀菌果腐病,温暖,适宜发生条件
番茄镰刀菌果腐病,高湿,适宜发生条件
番茄镰刀菌果腐病,多雨,适宜发生条件
番茄镰刀菌果腐病,日照不足,适宜发生条件
番茄红粉病,湿度过大,适宜发生条件
番茄红粉病,光照不足,适宜发生条件
番茄红粉病,通风不良,适宜发生条件
番茄猝倒病,光照不好,适宜发生条件
番茄猝倒病,通风不畅,适宜发生条件
番茄立枯病,温暖多湿,适宜发生条件
番茄立枯病,播种过密,适宜发生条件
番茄立枯病,浇水过多,适宜发生条件
番茄枯萎病,土壤湿度过低,适宜发生条件
番茄茎基腐病,土壤湿度大,适宜发生条件
番茄茎基腐病,通风透光条件差,适宜发生条件
番茄菌核病,右，相对湿度在,适宜发生条件
番茄菌核病,地势低洼,适宜发生条件
番茄菌核病,排水不良,适宜发生条件
番茄菌核病,偏施氮肥,适宜发生条件
番茄黄萎病,地势低洼,适宜发生条件
番茄疫霉根腐病,高温,适宜发生条件
番茄疫霉根腐病,高湿,适宜发生条件
番茄溃疡病,高温,适宜发生条件
番茄溃疡病,大雾,适宜发生条件
番茄溃疡病,多雨,适宜发生条件
番茄溃疡病,地块低洼,适宜发生条件
番茄溃疡病,排水通风不良,适宜发生条件
番茄青枯病,高温高湿,适宜发生条件
番茄青枯病,低洼积水,适宜发生条件
番茄青枯病,控水过重,适宜发生条件
番茄青枯病,干湿不均,适宜发生条件
番茄疮痂病,高温,适宜发生条件
番茄疮痂病,高湿,适宜发生条件
番茄疮痂病,多雨,适宜发生条件
番茄细菌性髓部坏死病,排水不良,适宜发生条件
番茄细菌性髓部坏死病,氮肥过量,适宜发生条件
番茄斑萎病毒病,高温,适宜发生条件
番茄蕨叶病毒病,肥力不足,适宜发生条件
番茄根结线虫病,地势高燥,适宜发生条件
番茄根结线虫病,地势低洼,适宜发生条件
番茄(匍柄霉)斑点病,温暖高湿,适宜发生条件
番茄丝核菌果腐病,田间高温,适宜发生条件
番茄丝核菌果腐病,高湿,适宜发生条件
番茄筋腐病,低温,适宜发生条件
番茄筋腐病,多湿,适宜发生条件
番茄筋腐病,二氧化碳不足,适宜发生条件
番茄筋腐病,土壤湿度过大,适宜发生条件
番茄筋腐病,土壤潮湿,适宜发生条件
番茄炭疽病,地势低洼,适宜发生条件
番茄炭疽病,排水不良,适宜发生条件
番茄炭疽病,氮肥过多,适宜发生条件
番茄炭疽病,植株郁蔽,适宜发生条件
番茄炭疽病,通风不良,适宜发生条件
番茄根霉果腐病,温暖潮湿,适宜发生条件
番茄根霉果腐病,湿度大,适宜发生条件
番茄茎枯病,高湿多雨,适宜发生条件
番茄黑点根腐病,通风透光不好,适宜发生条件
番茄黑点根腐病,土壤黏重,适宜发生条件
番茄黑点根腐病,肥力不足,适宜发生条件
番茄黑点根腐病,耕作粗放,适宜发生条件
番茄黑点根腐病,排水不良,适宜发生条件
番茄黑点根腐病,土壤潮湿,适宜发生条件
番茄黑点根腐病,温暖,适宜发生条件
番茄黑点根腐病,高湿,适宜发生条件
番茄黑点根腐病,多雨,适宜发生条件
番茄黑点根腐病,日照不足,适宜发生条件
辣椒绵腐病,低温,适宜发生条件
辣椒绵腐病,高湿,适宜发生条件
辣椒绵腐病,光照不足,适宜发生条件
辣椒绵腐病,湿度偏大,适宜发生条件
辣椒褐腐病,低温高湿,适宜发生条件
辣椒褐腐病,日照不足,适宜发生条件
辣椒褐腐病,雨后积水,适宜发生条件
番茄茶色果和绿背果,土壤干燥,适宜发生条件
番茄网筋果,地温高,适宜发生条件
番茄网筋果,多肥,适宜发生条件
番茄网筋果,土壤过干,适宜发生条件
番茄网筋果,土壤粘重,适宜发生条件
番茄网筋果,土壤氮素多,适宜发生条件
辣椒斑枯病,高温高湿,适宜发生条件
辣椒白星病,高温,适宜发生条件
辣椒白星病,高湿,适宜发生条件
辣椒疫病,高温,适宜发生条件
辣椒疫病,高湿,适宜发生条件
辣椒疫病,种植过密,适宜发生条件
辣椒疫病,通风透光不良,适宜发生条件
辣椒灰霉病,低温,适宜发生条件
辣椒灰霉病,高湿,适宜发生条件
辣椒炭疽病,高温高湿,适宜发生条件
辣椒炭疽病,地势低洼,适宜发生条件
辣椒炭疽病,土质黏重,适宜发生条件
辣椒炭疽病,排水不良,适宜发生条件
辣椒炭疽病,施肥不足,适宜发生条件
辣椒炭疽病,氮肥过多,适宜发生条件
辣椒黑斑病,高湿多雨,适宜发生条件
辣椒黄化条斑病毒病,高温,适宜发生条件
辣椒苜蓿花叶病毒病,地势低洼,适宜发生条件
辣椒苜蓿花叶病毒病,积水,适宜发生条件
辣椒苜蓿花叶病毒病,土壤粘重,适宜发生条件
辣椒苜蓿花叶病毒病,管理粗放,适宜发生条件
辣椒苜蓿花叶病毒病,缺水,适宜发生条件
辣椒苜蓿花叶病毒病,干旱,适宜发生条件
辣椒黑霉病,温暖潮湿,适宜发生条件
辣椒黑霉病,田间管理粗放,适宜发生条件
辣椒叶霉病,浇水过多,适宜发生条件
辣椒叶霉病,管理粗放,适宜发生条件
辣椒叶霉病,通风不良,适宜发生条件
辣椒芽枝果腐病,适宜空气湿度为85%,适宜发生条件
芹菜斑枯病,浇水多,适宜发生条件
芹菜斑枯病,排水不良,适宜发生条件
芹菜斑枯病,田间积水,适宜发生条件
芹菜斑枯病,种植过密,适宜发生条件
芹菜斑枯病,土地贫瘠,适宜发生条件
芹菜早疫病,高温多雨,适宜发生条件
芹菜早疫病,高温干旱,适宜发生条件
芹菜早疫病,排水不良,适宜发生条件
芹菜早疫病,缺水缺肥,适宜发生条件
芹菜早疫病,灌水过多,适宜发生条件
芹菜早疫病,通风不良,适宜发生条件
芹菜黑腐病,多雨潮湿,适宜发生条件
芹菜菌核病,低温潮湿,适宜发生条件
芹菜根结线虫病,地势高燥,适宜发生条件
芹菜根结线虫病,土质中性沙质,适宜发生条件
芹菜叶斑病,高温多雨,适宜发生条件
芹菜叶斑病,高温干旱,适宜发生条件
芹菜叶斑病,大水漫灌,适宜发生条件
芹菜叶斑病,田间积水,适宜发生条件
芹菜叶斑病,排水不良,适宜发生条件
芹菜叶斑病,缺水缺肥,适宜发生条件
芹菜叶斑病,通风不良,适宜发生条件
野蛞蝓,潮湿,适宜发生条件
莴笋霜霉病,土壤潮湿,适宜发生条件
莴笋霜霉病,排水不良,适宜发生条件
莴笋灰霉病,相对湿度高于94%,适宜发生条件
莴笋菌核病,相对湿度高于85%,适宜发生条件
莴笋菌核病,湿度低于70%,适宜发生条件
莴笋菌核病,多雨,适宜发生条件
莴笋菌核病,通风透光条件差,适宜发生条件
莴笋菌核病,排水不良,适宜发生条件
莴笋叶焦病,土壤干燥,适宜发生条件
莴笋叶焦病,盐份浓度高,适宜发生条件
莴笋白粉病,通风不良,适宜发生条件
莴笋白粉病,氮肥偏多,适宜发生条件
莴笋病毒病,肥料不足,适宜发生条件
莴笋病毒病,管理粗放,适宜发生条件
莴笋黑斑病,温暖潮湿,适宜发生条件
莴笋锈病,多雨,适宜发生条件
莴笋锈病,气温低,适宜发生条件
莴笋锈病,肥料不足,适宜发生条件
莴笋腐败病,高温高湿,适宜发生条件
莴笋腐败病,地势低洼,适宜发生条件
莴笋叶缘坏死病,气温低,适宜发生条件
莴笋叶缘坏死病,湿度高湿,适宜发生条件
莴笋褐腐病,湿度大,适宜发生条件
生菜霜霉病,土壤潮湿,适宜发生条件
生菜霜霉病,排水不良,适宜发生条件
生菜轮纹病,温暖潮湿,适宜发生条件
生菜灰霉病,相对湿度高于94%,适宜发生条件
生菜菌核病,相对湿度高于85%,适宜发生条件
生菜菌核病,多雨,适宜发生条件
生菜菌核病,通风透光条件差,适宜发生条件
生菜菌核病,排水不良,适宜发生条件
生菜腐败病,高温高湿,适宜发生条件
生菜腐败病,地势低洼,适宜发生条件
生菜叶焦病,土壤干燥,适宜发生条件
生菜叶焦病,盐份浓度高,适宜发生条件
生菜病毒病,肥料不足,适宜发生条件
生菜病毒病,管理粗放,适宜发生条件
生菜褐腐病,湿度大,适宜发生条件
生菜褐腐病,过高过低,适宜发生条件
苋菜白锈病,阴雨连绵,适宜发生条件
苋菜白锈病,地势低洼,适宜发生条件
苋菜炭疽病,通风透光不好,适宜发生条件
苋菜斑点病,田间湿度大,适宜发生条件
苋菜黑斑病,高湿,适宜发生条件
苋菜黑斑病,多雨,适宜发生条件
蚯蚓,宜的土壤湿度为,适宜发生条件
落葵紫斑病,相对湿度,适宜发生条件
落葵炭疽病,湿度80%,适宜发生条件
落葵黑斑病,田间高湿,适宜发生条件
落葵灰霉病,低温高湿,适宜发生条件
落葵灰霉病,通风不良,适宜发生条件
落葵苗腐病,田地低洼积水,适宜发生条件
落葵苗腐病,湿度高,适宜发生条件
落葵苗腐病,密度大,适宜发生条件
落葵苗腐病,施氮肥多,适宜发生条件
落葵花叶病,高温少雨,适宜发生条件
落葵根结线虫病,相对湿度40%,适宜发生条件
落葵根结线虫病,其繁殖，,适宜发生条件
蕹菜白锈病,温暖潮湿,适宜发生条件
蕹菜灰霉病,低温高湿,适宜发生条件
蕹菜猝倒病,低温高湿,适宜发生条件
蕹菜菌核病,相对湿度高于85%,适宜发生条件
西葫芦绵疫病,通风透光不良,适宜发生条件
西葫芦褐色腐败病,高温多雨,适宜发生条件
西葫芦叶点病,高温,适宜发生条件
西葫芦叶点病,高湿,适宜发生条件
西葫芦叶点病,地势低洼,适宜发生条件
西葫芦叶点病,植物郁闭,适宜发生条件
西葫芦叶点病,通风不良,适宜发生条件
豌豆锈病,温暖潮湿,适宜发生条件
豌豆锈病,空气湿度85%,适宜发生条件
豌豆锈病,低洼积水,适宜发生条件
豌豆锈病,土质黏重,适宜发生条件
豌豆尖镰刀孢萎凋病,湿度过大,适宜发生条件
豌豆芽枯病,株间郁闭,适宜发生条件
豌豆芽枯病,田间湿度大,适宜发生条件
葡萄轮斑病,高温高湿,适宜发生条件
葡萄轮斑病,管理粗放,适宜发生条件
葡萄轮斑病,植株郁闭,适宜发生条件
葡萄轮斑病,通风透光差,适宜发生条件
葡萄灰斑病,多雨潮湿,适宜发生条件
葡萄灰斑病,冷凉,适宜发生条件
葡萄根朽病,雨后积水,适宜发生条件
葡萄蔓割病,多雨,适宜发生条件
葡萄蔓割病,潮湿,适宜发生条件
葡萄蔓割病,地势低洼,适宜发生条件
葡萄蔓割病,土质黏重,适宜发生条件
葡萄蔓割病,排水不良,适宜发生条件
葡萄蔓割病,土层薄,适宜发生条件
葡萄蔓割病,肥水不足,适宜发生条件
葡萄小褐斑病,田间湿度大,适宜发生条件
葡萄小褐斑病,管理粗放,适宜发生条件
葡萄褐斑病,浇水太多,适宜发生条件
葡萄褐斑病,田间湿度大,适宜发生条件
葡萄褐斑病,管理粗放,适宜发生条件
栗疫病,土壤肥力差,适宜发生条件
龙眼藻斑病,土壤贫瘠,适宜发生条件
龙眼藻斑病,通风不良,适宜发生条件
龙眼藻斑病,干旱或水涝,适宜发生条件
龙眼藻斑病,潮湿闷热,适宜发生条件
龙眼灰色叶枯病,高温多雨,适宜发生条件
龙眼根腐病,园因排水不畅,适宜发生条件
蕹菜根腐病,高温高湿,适宜发生条件
甜菜丛根病,沙土轻,适宜发生条件
甜菜苗腐病,地势低洼积水,适宜发生条件
甜菜苗腐病,田间湿度大,适宜发生条件
甜菜细菌性斑枯病,高温高湿,适宜发生条件
甜菜象甲,土质疏松,适宜发生条件
甜菜象甲,通透性良好,适宜发生条件
甜菜象甲,土温较高,适宜发生条件
茶饼病,湿度大,适宜发生条件
茶饼病,管理粗放,适宜发生条件
茶饼病,杂草多,适宜发生条件
茶饼病,施肥不当,适宜发生条件
茶网饼病,高湿,适宜发生条件
茶网饼病,高山多雾,适宜发生条件
茶网饼病,地势低洼,适宜发生条件
茶芽枯病,低温高湿,适宜发生条件
茶芽枯病,相对湿度高,适宜发生条件
茶圆赤星病,平原低洼,适宜发生条件
茶圆赤星病,潮湿,适宜发生条件
茶煤病,荫蔽潮湿,适宜发生条件
茶红锈藻病,保水性差,适宜发生条件
茶膏药病,土壤黏重,适宜发生条件
茶膏药病,排水不良,适宜发生条件
茶膏药病,荫蔽潮湿,适宜发生条件
茶膏药病,管理粗放,适宜发生条件
茶白星病,土壤贫瘠,适宜发生条件
茶白星病,管理不善,适宜发生条件
茶轮斑病,相对湿度85%,适宜发生条件
茶轮斑病,施肥不当,适宜发生条件
茶轮斑病,肥料不足,适宜发生条件
茶轮斑病,土壤板结,适宜发生条件
茶炭疽病,高温高湿,适宜发生条件
茶褐色叶斑病,适温高湿,适宜发生条件
茶藻斑病,荫蔽潮湿,适宜发生条件
茶藻斑病,通风透光不良,适宜发生条件
茶苗白绢病,土壤黏重,适宜发生条件
茶苗白绢病,土质偏酸,适宜发生条件
茶苗白绢病,排水不良,适宜发生条件
茶紫纹羽病,高温多湿,适宜发生条件
茶紫纹羽病,地势低洼,适宜发生条件
茶紫纹羽病,排水不良,适宜发生条件
茶紫纹羽病,土壤黏重或过干,适宜发生条件
茶发毛病,茶园茂密郁闭,适宜发生条件
茶发毛病,通风不良,适宜发生条件
茶线腐病,阴凉多湿,适宜发生条件
茶线腐病,日照短,适宜发生条件
茶线腐病,通风透光差,适宜发生条件
茶根癌病,地势低洼,适宜发生条件
茶根癌病,土壤湿度大,适宜发生条件
茶根癌病,土壤黏重,适宜发生条件
茶胴枯病,地势低洼,适宜发生条件
茶胴枯病,通风透光不良,适宜发生条件
茶枝黑痣病,茶园郁闭,适宜发生条件
茶枝黑痣病,排水不良,适宜发生条件
茶尺蠖,多雾多露,适宜发生条件
茶尺蠖,地势平坦,适宜发生条件
茶尺蠖,土壤湿润,适宜发生条件
茶黑毒蛾,高温干旱,适宜发生条件
茶蚕,高湿,适宜发生条件
茶蚕,凉爽,适宜发生条件
茶网蝽,相对湿度75%,适宜发生条件
茶二叉蚜,相对湿度70%,适宜发生条件
茶芽瘿蚊,日照较少阴凉,适宜发生条件
茶橙瘿螨,相对湿度70%,适宜发生条件
茶叶瘿螨,相对湿度70%,适宜发生条件
茶短须螨,高温,适宜发生条件
烟草炭疽病,阴雨连绵,适宜发生条件
烟草炭疽病,大水漫灌,适宜发生条件
烟草炭疽病,烟苗过密,适宜发生条件
烟草炭疽病,通风不良,适宜发生条件
烟草猝倒病,高湿,适宜发生条件
烟草猝倒病,烟苗过密,适宜发生条件
烟草猝倒病,土壤潮湿,适宜发生条件
烟草猝倒病,空气湿度大,适宜发生条件
烟草赤星病,田间荫蔽,适宜发生条件
烟草蛙眼病,地势低洼,适宜发生条件
烟草蛙眼病,通风透光不良,适宜发生条件
烟草根黑腐病,低温多雨,适宜发生条件
烟草白绢病,通风透光不良,适宜发生条件
烟草菌核病,烟田郁闭,适宜发生条件
烟草菌核病,排水不良,适宜发生条件
烟草低头黑病,高温多雨,适宜发生条件
烟草低头黑病,地势低洼,适宜发生条件
烟草低头黑病,排水不良,适宜发生条件
烟草灰霉病,低温高湿,适宜发生条件
烟草霜霉病,低温高湿,适宜发生条件
烟草霜霉病,低洼,适宜发生条件
烟草霜霉病,排水不良,适宜发生条件
烟草青枯病,高温,适宜发生条件
烟草青枯病,和高,适宜发生条件
烟草青枯病,土壤黏重,适宜发生条件
烟草青枯病,排水不良,适宜发生条件
烟草青枯病,湿度过高,适宜发生条件
烟草野火病,湿度过大,适宜发生条件
烟草角斑病,湿度过大,适宜发生条件
烟草空胫病,高温高湿,适宜发生条件
烟草普通花叶病毒病,气候干旱,适宜发生条件
烟草甜菜曲顶病毒病,低温低湿,适宜发生条件
烟草曲叶病毒病,高温干旱,适宜发生条件
烟草立枯病,地势低洼,适宜发生条件
烟草立枯病,土壤黏重,适宜发生条件
烟草黑胫病,高温高湿,适宜发生条件
烟草黑胫病,土壤黏重,适宜发生条件
烟草胞囊线虫病,湿度在60%,适宜发生条件
烟草气候斑点病,多雨,适宜发生条件
烟草气候斑点病,土壤水分含量高,适宜发生条件
烟草剑叶病,土壤潮湿,适宜发生条件
烟草剑叶病,通气性差,适宜发生条件
烟草剑叶病,排水不畅,适宜发生条件
烟草剑叶病,氮素缺少,适宜发生条件
烟草剑叶病,土壤结构不好,适宜发生条件
烟草剑叶病,整地粗糙,适宜发生条件
烟草剑叶病,排水不良,适宜发生条件
烟草蛀茎蛾,土壤湿度低,适宜发生条件
棉小造桥虫,相对湿度为75％～90%,适宜发生条件
烟草粉螟,间和相对湿度,适宜发生条件
花生黑斑病,田间湿度大,适宜发生条件
花生锈病,高温,适宜发生条件
花生锈病,高湿,适宜发生条件
花生锈病,通风透光不良,适宜发生条件
花生锈病,排水条件差,适宜发生条件
花生疮痂病,低温阴雨,适宜发生条件
花生冠腐病,高温多湿,适宜发生条件
花生冠腐病,管粗放理,适宜发生条件
花生立枯病,高温高湿,适宜发生条件
花生立枯病,排水条件差,适宜发生条件
花生立枯病,土壤湿度大,适宜发生条件
花生炭疽病,温暖高湿,适宜发生条件
花生焦斑病,高温高湿,适宜发生条件
花生焦斑病,田间湿度大,适宜发生条件
花生焦斑病,土壤贫瘠,适宜发生条件
花生焦斑病,偏施氮肥,适宜发生条件
花生茎腐病,低洼积水,适宜发生条件
花生茎腐病,沙性强,适宜发生条件
花生茎腐病,土壤贫瘠,适宜发生条件
花生根腐病,低温阴雨,适宜发生条件
花生根腐病,土壤湿度大,适宜发生条件
花生根腐病,通风透气不良,适宜发生条件
花生菌核病,高湿,适宜发生条件
花生白绢病,温暖高湿,适宜发生条件
花生白绢病,雨后骤停,适宜发生条件
花生白绢病,土壤粘重,适宜发生条件
花生白绢病,排水不良,适宜发生条件
花生白绢病,田间湿度大,适宜发生条件
花生青枯病,雨后骤晴,适宜发生条件
花生青枯病,有机质含量低,适宜发生条件
花生青枯病,排水不良,适宜发生条件
花生青枯病,保水保肥差,适宜发生条件
花生黄花叶病毒病,温度偏低,适宜发生条件
油菜黑胫病,高温,适宜发生条件
油菜黑胫病,高湿,适宜发生条件
油菜立枯病,高温,适宜发生条件
油菜立枯病,光照不足,适宜发生条件
油菜菌核病,地势低洼,适宜发生条件
油菜菌核病,排水不良,适宜发生条件
油菜菌核病,湿气滞留,适宜发生条件
油菜霜霉病,雨水少,适宜发生条件
油菜霜霉病,雨水多,适宜发生条件
油菜霜霉病,田间湿度大,适宜发生条件
油菜霜霉病,排水不良,适宜发生条件
油菜白锈病,雨日多,适宜发生条件
油菜白锈病,相对湿度高,适宜发生条件
油菜白锈病,时冷时暖,适宜发生条件
油菜白锈病,湿度较高,适宜发生条件
油菜炭疽病,高温,适宜发生条件
油菜炭疽病,高湿,适宜发生条件
油菜黑斑病,高温,适宜发生条件
油菜黑斑病,高湿,适宜发生条件
油菜黑斑病,高温多雨,适宜发生条件
油菜黑斑病,地势低洼,适宜发生条件
油菜白粉病,相对湿度25%～80%,适宜发生条件
油菜白粉病,时晴时雨,适宜发生条件
油菜白粉病,高温,适宜发生条件
油菜白粉病,高湿,适宜发生条件
油菜黑腐病,高温多雨,适宜发生条件
油菜黑腐病,地势低洼,适宜发生条件
油菜黑腐病,肥水管理不当,适宜发生条件
油菜软腐病,或高温高,适宜发生条件
油菜萎缩不实病,土壤碱性,适宜发生条件
甘蓝夜蛾,相对湿度70%,适宜发生条件
芝麻立枯病,土壤湿度大,适宜发生条件
芝麻茎点枯病,偏施氮肥,适宜发生条件
芝麻茎点枯病,土壤潮湿,适宜发生条件
芝麻枯萎病,土温高,适宜发生条件
芝麻枯萎病,湿度大,适宜发生条件
芝麻叶枯病,土壤高湿,适宜发生条件
芝麻叶斑病,多雨潮湿,适宜发生条件
芝麻白粉病,温暖多湿,适宜发生条件
芝麻褐斑病,空气湿度90%,适宜发生条件
三点盲蝽,左右，相对湿度,适宜发生条件
向日葵菌核病,地势低洼,适宜发生条件
向日葵菌核病,通风不良,适宜发生条件
向日葵叶枯病,通风透光不好,适宜发生条件
向日葵叶枯病,地势低洼积水,适宜发生条件
向日葵叶枯病,排水不良,适宜发生条件
向日葵叶枯病,土壤潮湿,适宜发生条件
向日葵叶枯病,低温,适宜发生条件
向日葵叶枯病,高湿,适宜发生条件
蓖麻锈病,高温,适宜发生条件
蓖麻锈病,高湿,适宜发生条件
蓖麻白绢病,高温多雨,适宜发生条件
蓖麻枯萎病,高温高湿,适宜发生条件
蓖麻枯萎病,地势低洼,适宜发生条件
蓖麻枯萎病,排水不良,适宜发生条件
蓖麻枯萎病,土壤黏重,适宜发生条件
甘蔗赤腐病,高温多湿,适宜发生条件
甘蔗凤梨病,高温潮湿,适宜发生条件
甘蔗黄斑病,高温,适宜发生条件
甘蔗黄斑病,高湿,适宜发生条件
甘蔗黄斑病,通风透光不良,适宜发生条件
甘蔗黄斑病,地下水位高,适宜发生条件
甘蔗虎斑病,通透不良,适宜发生条件
甘蔗轮斑病,高温高湿,适宜发生条件
甘蔗褐条病,水湿充足,适宜发生条件
甘蔗绵蚜,相对湿度70%,适宜发生条件
甜菜立枯病,土壤温度较低,适宜发生条件
甜菜立枯病,湿度大,适宜发生条件
甜菜立枯病,土壤酸性,适宜发生条件
甜菜立枯病,土质黏重,适宜发生条件
甜菜立枯病,土壤贫瘠,适宜发生条件
甜菜立枯病,排水不良,适宜发生条件
甜菜褐斑病,地势低洼,适宜发生条件
甜菜褐斑病,排水不良,适宜发生条件
甜菜白粉病,干旱少雨,适宜发生条件
甜菜白粉病,土壤干旱,适宜发生条件
甜菜白粉病,肥力不足,适宜发生条件
甜菜白粉病,氮肥过量,适宜发生条件
甜菜白粉病,土壤干旱缺水,适宜发生条件
棉红铃虫,高温,适宜发生条件
棉红铃虫,高湿,适宜发生条件
焦条丽夜蛾,降雨量大,适宜发生条件
棉红蝽,相对湿度为40％～80％,适宜发生条件
棉红蝽,相对湿度37％以上,适宜发生条件
棉根蚜,土壤潮湿,适宜发生条件
棉根蚜,通透性好,适宜发生条件
二斑叶螨,干旱少雨,适宜发生条件
油葫芦,土质疏松潮湿,适宜发生条件
亚麻斑点病,地势低洼,适宜发生条件
红麻、黄麻立枯病,阴雨多湿,适宜发生条件
红麻、黄麻立枯病,春季低温,适宜发生条件
红麻、黄麻立枯病,排水不良,适宜发生条件
红麻、黄麻立枯病,地势低洼,适宜发生条件
红麻炭疽病,地势低洼,适宜发生条件
红麻炭疽病,地下水位高,适宜发生条件
红麻斑点病,多雨高湿,适宜发生条件
红麻斑点病,低洼积水,适宜发生条件
红麻叶霉病,麻田低洼,适宜发生条件
黄麻细菌性斑点病,高温,适宜发生条件
黄麻细菌性斑点病,多湿,适宜发生条件
苎麻炭疽病,高温多雨,适宜发生条件
苎麻疫病,多雨高湿,适宜发生条件
苎麻茎腐病,麻株过密,适宜发生条件
苎麻茎腐病,麻地积水,适宜发生条件
苎麻茎腐病,田间湿度大,适宜发生条件
苎麻白纹羽病,土壤黏重,适宜发生条件
苎麻白纹羽病,板结,适宜发生条件
苎麻白纹羽病,低洼积水,适宜发生条件
苎麻白纹羽病,杂草多,适宜发生条件
苎麻白纹羽病,肥力不足,适宜发生条件
苎麻青枯病,高温多雨,适宜发生条件
苎麻青枯病,雨后骤晴,适宜发生条件
苎麻青枯病,地势低洼,适宜发生条件
苎麻青枯病,保水保肥力差,适宜发生条件
苎麻青枯病,有机质含量低,适宜发生条件
苎麻花叶病,偏施氮肥,适宜发生条件
苎麻花叶病,钾肥不足,适宜发生条件
苎麻花叶病,排水不良,适宜发生条件
苎麻花叶病,耕作粗放,适宜发生条件
大豆霜霉病,低温,适宜发生条件
大豆霜霉病,多雨,适宜发生条件
大豆霜霉病,土温低,适宜发生条件
大豆霜霉病,土壤湿度大,适宜发生条件
大豆枯萎病,高温多湿,适宜发生条件
大豆枯萎病,土质黏重,适宜发生条件
大豆枯萎病,土壤板结,适宜发生条件
大豆疫霉根腐病,地势低洼,适宜发生条件
大豆疫霉根腐病,土壤为黏土,适宜发生条件
大豆疫霉根腐病,排排水不良,适宜发生条件
大豆紫斑病,高温,适宜发生条件
大豆紫斑病,高湿,适宜发生条件
大豆紫斑病,通风透光不良,适宜发生条件
大豆灰斑病,田间杂草多,适宜发生条件
大豆灰斑病,植株郁蔽,适宜发生条件
大豆灰斑病,通风透光差,适宜发生条件
大豆褐斑病,温暖多雨,适宜发生条件
大豆褐斑病,通风透光不好,适宜发生条件
大豆褐斑病,排水不良,适宜发生条件
大豆立枯病,低温多雨,适宜发生条件
大豆立枯病,低洼积水,适宜发生条件
大豆立枯病,高温高湿,适宜发生条件
大豆立枯病,光照不足,适宜发生条件
大豆纹枯病,低温多雨,适宜发生条件
大豆纹枯病,低洼积水,适宜发生条件
大豆纹枯病,高温高湿,适宜发生条件
大豆纹枯病,光照不足,适宜发生条件
大豆黑痘病,多雨湿,适宜发生条件
大豆疫病,地势低洼,适宜发生条件
大豆疫病,土壤为黏土,适宜发生条件
大豆疫病,排排水不良,适宜发生条件
大豆炭疽病,高温多雨,适宜发生条件
大豆菌核病,相对湿度,适宜发生条件
大豆菌核病,通风透光不良,适宜发生条件
大豆茎枯病,高温高湿,适宜发生条件
大豆菟丝子,土温25℃,适宜发生条件
大豆菟丝子,土壤含水量15%,适宜发生条件
大豆菟丝子,相对湿度70%,适宜发生条件
大豆褐纹病,温暖多雨,适宜发生条件
大豆褐纹病,通风透光不好,适宜发生条件
大豆褐纹病,排水不良,适宜发生条件
大豆赤霉病,高温多雨,适宜发生条件
大豆赤霉病,湿度大,适宜发生条件
大豆根腐病,土壤黏重,适宜发生条件
大豆根腐病,排水不良,适宜发生条件
大豆灰星病,相对温度85%,适宜发生条件
大豆菌核疫病,潮湿,适宜发生条件
大豆菌核疫病,土壤湿度大,适宜发生条件
大豆菌核疫病,作物遮荫,适宜发生条件
大豆煤斑病,田间高湿,适宜发生条件
大豆煤斑病,高温,适宜发生条件
大豆煤斑病,多雨,适宜发生条件
斑须蝽,相对湿度80％,适宜发生条件
豆叶螨,干旱,适宜发生条件
豆叶螨,少雨,适宜发生条件
花生褐斑病,高温高湿,适宜发生条件
高粱大斑病,田间湿度大,适宜发生条件
高粱大斑病,排水不良,适宜发生条件
高粱大斑病,通风不良,适宜发生条件
高粱叶点病,高温高湿,适宜发生条件
高粱豹纹病,低洼高湿,适宜发生条件
高粱炭疽病,低洼高湿,适宜发生条件
高粱立枯病,地势低洼,适宜发生条件
高粱立枯病,土质黏重,适宜发生条件
高粱丝黑穗病,墒情不好,适宜发生条件
高粱坚黑穗病,湿度低,适宜发生条件
高粱镰刀菌穗腐病,低温高湿,适宜发生条件
高粱紫斑病,高温多雨,适宜发生条件
高粱纹枯病,地势低洼,适宜发生条件
高粱纹枯病,排水不良,适宜发生条件
高粱纹枯病,土壤湿度大,适宜发生条件
高粱紫轮病,高温潮湿,适宜发生条件
高粱苗枯病,昼暖夜凉,适宜发生条件
高粱苗枯病,植地低洼积水,适宜发生条件
高粱苗枯病,田间郁闭高湿,适宜发生条件
高粱黑束病,通风透光不好,适宜发生条件
高粱黑束病,排水不良,适宜发生条件
高粱黑束病,土壤潮湿,适宜发生条件
高粱黑束病,高温,适宜发生条件
高粱黑束病,高湿,适宜发生条件
高粱炭腐病,田间,适宜发生条件
高粱炭腐病,高温多湿,适宜发生条件
高粱炭腐病,地势低洼,适宜发生条件
高粱炭腐病,土壤湿度,适宜发生条件
高粱长粒黑穗病,土壤温度低,适宜发生条件
高粱细菌性条纹病,高温多雨,适宜发生条件
高粱细菌性条纹病,地势低洼,适宜发生条件
高粱细菌性条纹病,土壤板结,适宜发生条件
桃蛀野螟,多雨高湿,适宜发生条件
黏虫,多雨,适宜发生条件
粟白发病,地温低,适宜发生条件
粟白发病,湿度大,适宜发生条件
粟瘟病,日照不足,适宜发生条件
粟瘟病,通风透光不良,适宜发生条件
粟瘟病,田间湿度过高,适宜发生条件
粟瘟病,土壤湿,适宜发生条件
粟瘟病,土质粘重,适宜发生条件
粟瘟病,地势低洼,适宜发生条件
粟黑鞘病,土质贫瘠,适宜发生条件
粟黑鞘病,水肥不足,适宜发生条件
粟锈病,地势低洼,适宜发生条件
粟纹枯病,高温高湿,适宜发生条件
粟纹枯病,地势低洼,适宜发生条件
粟纹枯病,排水不良,适宜发生条件
粟纹枯病,土壤湿度大,适宜发生条件
粟粒线虫病,土壤黏重,适宜发生条件
粟粒线虫病,地势低洼,适宜发生条件
粟粒线虫病,土壤潮湿,适宜发生条件
粟苗枯病,地势低洼,适宜发生条件
粟苗枯病,排水不良,适宜发生条件
粟胡麻斑病,高温高湿,适宜发生条件
粟胡麻斑病,砂质,适宜发生条件
粟胡麻斑病,保肥性差,适宜发生条件
粟叶斑病,高温高湿,适宜发生条件
粟假黑斑病,土壤潮湿,适宜发生条件
粟假黑斑病,高温,适宜发生条件
粟假黑斑病,高湿,适宜发生条件
粟条点病,管理粗放,适宜发生条件
粟条点病,肥力不足,适宜发生条件
粟条点病,地势低洼,适宜发生条件
粟条点病,排水不良,适宜发生条件
粟条点病,土壤潮湿,适宜发生条件
粟条点病,干旱,适宜发生条件
粟条点病,重雾,适宜发生条件
粟条点病,重露,适宜发生条件
粟条点病,高湿,适宜发生条件
粟条点病,多雨,适宜发生条件
粟黑粉病,土壤过干,适宜发生条件
粟细菌性条斑病,管理粗放,适宜发生条件
粟细菌性条斑病,肥力不足,适宜发生条件
粟细菌性条斑病,地势低洼,适宜发生条件
粟细菌性条斑病,排水不良,适宜发生条件
粟细菌性条斑病,土壤潮湿,适宜发生条件
粟细菌性条斑病,干旱,适宜发生条件
粟细菌性条斑病,高湿,适宜发生条件
粟细菌性条斑病,多雨,适宜发生条件
甘薯黑斑病,地势低洼,适宜发生条件
甘薯黑斑病,土壤粘重,适宜发生条件
甘薯黑斑病,湿度大,适宜发生条件
甘薯黑斑病,通风不好,适宜发生条件
甘薯软腐病,相对湿度76％,适宜发生条件
甘薯瘟病,高温高湿,适宜发生条件
甘薯瘟病,平地洼地,适宜发生条件
甘薯根腐病,高温,适宜发生条件
甘薯紫纹羽病,潮湿,适宜发生条件
甘薯紫纹羽病,低洼潮湿,适宜发生条件
甘薯茎线虫病,湿润,适宜发生条件
甘薯茎线虫病,疏松,适宜发生条件
甘薯黑痣病,土质粘重,适宜发生条件
甘薯黑痣病,地势低洼,适宜发生条件
甘薯黑痣病,排水不良,适宜发生条件
马铃薯癌肿病,日照短,适宜发生条件
马铃薯癌肿病,气候凉爽,适宜发生条件
马铃薯早疫病,高温多湿,适宜发生条件
马铃薯早疫病,阴雨多雾,适宜发生条件
马铃薯晚疫病,日暖夜凉高湿,适宜发生条件
马铃薯晚疫病,空气潮湿,适宜发生条件
马铃薯晚疫病,温暖多雾,适宜发生条件
马铃薯黑胫病,高温高湿,适宜发生条件
马铃薯黑胫病,土壤黏重,适宜发生条件
马铃薯黑胫病,排水不良,适宜发生条件
马铃薯环腐病,阴雨连绵,适宜发生条件
马铃薯环腐病,排水不良,适宜发生条件
马铃薯粉痂病,夏季凉爽,适宜发生条件
马铃薯茎基腐病,土壤水分多,适宜发生条件
马铃薯茎基腐病,光线不足,适宜发生条件
马铃薯软腐病,通风不良,适宜发生条件
马铃薯软腐病,湿度过大,适宜发生条件
马铃薯早死病,地势低洼,适宜发生条件
黄胫小车蝗,低洼易涝,适宜发生条件
黄胫小车蝗,土壤板结,适宜发生条件
马铃薯二十八星瓢虫,相对湿度在80～85%,适宜发生条件
棉苗立枯病,阴雨多湿,适宜发生条件
棉苗立枯病,地势低洼,适宜发生条件
棉苗立枯病,土质黏重,适宜发生条件
棉苗立枯病,排水不良,适宜发生条件
棉花炭疽病,管理粗放,适宜发生条件
棉花红腐病,高湿,适宜发生条件
棉花枯萎病,整地粗放,适宜发生条件
棉花枯萎病,排水不良,适宜发生条件
棉花疫病,相对湿度30%,适宜发生条件
棉花疫病,地势低洼,适宜发生条件
棉花疫病,土质黏重,适宜发生条件
棉花疫病,棉田潮湿郁闭,适宜发生条件
棉铃红粉病,土壤黏重,适宜发生条件
棉铃红粉病,排水不良,适宜发生条件
棉铃软腐病,田间湿度大,适宜发生条件
棉铃灰霉病,湿度大,适宜发生条件
棉铃灰霉病,相对湿度高于90%,适宜发生条件
棉花褐斑病,阴雨,适宜发生条件
棉花褐斑病,空气湿度高,适宜发生条件
棉花轮纹病,阴湿多雨,适宜发生条件
棉花轮纹病,低温,适宜发生条件
麦叶蜂,土壤水分充足,适宜发生条件
大麦网斑病,低温,适宜发生条件
大麦网斑病,高湿,适宜发生条件
玉米大斑病,排水不良,适宜发生条件
玉米大斑病,郁闭,适宜发生条件
玉米大斑病,通风不良,适宜发生条件
玉米弯孢霉叶斑病,土壤贫瘠,适宜发生条件
玉米灰斑病,相对湿度高,适宜发生条件
玉米镰刀菌苗枯病,低温高湿,适宜发生条件
玉米镰刀菌苗枯病,土壤板结,适宜发生条件
玉米镰刀菌苗枯病,通透性差,适宜发生条件
玉米镰刀菌苗枯病,土壤供氧不足,适宜发生条件
玉米镰刀菌苗枯病,雨后土壤板结,适宜发生条件
黄麻苗枯病,低温多雨,适宜发生条件
黄麻苗枯病,光照不足,适宜发生条件
黄麻苗枯病,地势低洼,适宜发生条件
黄麻苗枯病,排水不良,适宜发生条件
黄麻苗枯病,地下水位高,适宜发生条件
黄麻苗枯病,土质黏重,适宜发生条件
黄麻黑点炭疽病,偏施氮肥,适宜发生条件
黄麻黑点炭疽病,排水不良,适宜发生条件
黄麻黑点炭疽病,湿气滞留,适宜发生条件
黄麻叶枯病,地势低洼,适宜发生条件
黄麻叶枯病,排水不良,适宜发生条件
黄麻叶枯病,管理粗放,适宜发生条件
黄麻茎斑病,土壤干燥,适宜发生条件
玉米纹枯病,地势低洼,适宜发生条件
玉米纹枯病,排水不良,适宜发生条件
玉米纹枯病,土壤湿度大,适宜发生条件
玉米锈病,高温多湿,适宜发生条件
玉米锈病,多雾,适宜发生条件
玉米锈病,光照不足,适宜发生条件
玉米褐斑病,高温高湿,适宜发生条件
玉米褐斑病,土壤瘠薄,适宜发生条件
玉米疯顶病,地势低洼,适宜发生条件
玉米疯顶病,土壤湿度大,适宜发生条件
玉米疯顶病,地势较高,适宜发生条件
玉米疯顶病,排水良好,适宜发生条件
玉米疯顶病,土壤湿度较低,适宜发生条件
玉米茎腐病,土壤湿度大,适宜发生条件
玉米茎腐病,田间郁闭,适宜发生条件
玉米茎腐病,通风透光不良,适宜发生条件
玉米圆斑病,地势低洼,适宜发生条件
玉米圆斑病,田间通风透光不良,适宜发生条件
玉米丝黑穗病,土壤含水量12％,适宜发生条件
黄麻立枯病,阴雨多湿,适宜发生条件
黄麻立枯病,春季低温,适宜发生条件
黄麻立枯病,排水不良,适宜发生条件
黄麻立枯病,地势低洼,适宜发生条件
黄麻炭疽病,地势低洼,适宜发生条件
黄麻枯腐病,地势低洼,适宜发生条件
黄麻枯腐病,湿度大,适宜发生条件
黄麻枯萎病,地势低洼,适宜发生条件
黄麻枯萎病,排水不良,适宜发生条件
黄麻枯萎病,土壤贫瘠,适宜发生条件
黄麻枯萎病,偏施氮肥,适宜发生条件
向日葵褐斑病,湿度大,适宜发生条件
向日葵褐斑病,地势低洼,适宜发生条件
向日葵褐斑病,田间通风透光差,适宜发生条件
向日葵褐斑病,排水不良,适宜发生条件
向日葵白粉病,通风不良,适宜发生条件
向日葵白粉病,氮肥偏多,适宜发生条件
向日葵霜霉病,低温高湿,适宜发生条件
向日葵霜霉病,地下水位高,适宜发生条件
向日葵根茎腐病,田间,适宜发生条件
向日葵根茎腐病,高温多湿,适宜发生条件
向日葵根茎腐病,地势低洼,适宜发生条件
向日葵根茎腐病,土壤湿度,适宜发生条件
向日葵白绢病,高温,适宜发生条件
向日葵白绢病,高湿,适宜发生条件
向日葵细菌性茎腐病,雨水多,适宜发生条件
向日葵细菌性茎腐病,湿度大,适宜发生条件
向日葵细菌性茎腐病,管理粗放,适宜发生条件
向日葵细菌性茎腐病,氮肥施用不当,适宜发生条件
向日葵细菌性茎腐病,地势地洼,适宜发生条件
魔芋软腐病,土壤湿度过大,适宜发生条件
魔芋炭疽病,温暖多湿,适宜发生条件
魔芋炭疽病,田间湿度大,适宜发生条件
姜枯萎病,排水不良,适宜发生条件
姜枯萎病,土质黏重,适宜发生条件
青花菜细菌性黑斑病,高湿,适宜发生条件
葱炭疽病,排水不良,适宜发生条件
葱黄矮病,高温干旱,适宜发生条件
大白菜霜霉病,高湿多雨,适宜发生条件
大白菜炭疽病,高湿,适宜发生条件
大白菜炭疽病,地势低洼,适宜发生条件
大白菜炭疽病,通风透光差,适宜发生条件
大白菜褐腐病,培土过多过湿,适宜发生条件
大白菜黑斑病,相对湿度为72%,适宜发生条件
青花菜黑胫病,高温高湿,适宜发生条件
青花菜黑胫病,雨后高温,适宜发生条件
大白菜黑胫病,潮湿多雨,适宜发生条件
大白菜黑胫病,雨后高温,适宜发生条件
青花菜霜霉病,高温高湿度,适宜发生条件
青花菜霜霉病,光照不足,适宜发生条件
青花菜霜霉病,空气湿度,适宜发生条件
玉米霜霉病,气候潮湿,适宜发生条件
玉米霜霉病,雨水充沛,适宜发生条件
玉米霜霉病,地势低洼,适宜发生条件
玉米链格孢菌叶枯病,通风透光不好,适宜发生条件
玉米链格孢菌叶枯病,排水不良,适宜发生条件
玉米链格孢菌叶枯病,土壤潮湿,适宜发生条件
玉米链格孢菌叶枯病,高温,适宜发生条件
玉米链格孢菌叶枯病,高湿,适宜发生条件
玉米斑枯病,冷凉潮湿,适宜发生条件
玉米炭疽病,高温,适宜发生条件
玉米炭疽病,高湿,适宜发生条件
玉米立枯丝核菌根腐病,土温低,适宜发生条件
玉米立枯丝核菌根腐病,湿度大,适宜发生条件
玉米平脐蠕孢茎基腐病,高湿,适宜发生条件
玉米平脐蠕孢茎基腐病,雨后骤晴,适宜发生条件
玉米平脐蠕孢茎基腐病,土壤湿度大,适宜发生条件
玉米平脐蠕孢茎基腐病,田间郁闭,适宜发生条件
玉米平脐蠕孢茎基腐病,通风透光不良,适宜发生条件
玉米种子霉烂,排水不良,适宜发生条件
玉米种子霉烂,温及土壤湿,适宜发生条件
玉米全蚀病,高温,适宜发生条件
玉米全蚀病,高湿,适宜发生条件
玉米细菌性条纹病,高温多雨,适宜发生条件
玉米细菌性条纹病,地势低洼,适宜发生条件
玉米细菌性条纹病,土壤板结,适宜发生条件
玉米细菌性茎腐病,高温高湿,适宜发生条件
玉米细菌性茎腐病,地势低洼,适宜发生条件
玉米细菌性茎腐病,排水不良,适宜发生条件
玉米细菌性茎腐病,土壤板结,适宜发生条件
稻瘟病,适温高湿,适宜发生条件
稻瘟病,雨天多,适宜发生条件
稻瘟病,多雨,适宜发生条件
水稻云形病,连绵阴雨,适宜发生条件
水稻云形病,适温多湿,适宜发生条件
水稻菌核秆腐病,排水不好,适宜发生条件
水稻纹枯病,雨，田间湿度在,适宜发生条件
水稻纹枯病,田间郁闭,适宜发生条件
水稻纹枯病,湿度大,适宜发生条件
水稻胡麻斑病,高温高湿,适宜发生条件
水稻胡麻斑病,土壤酸性,适宜发生条件
水稻胡麻斑病,砂质,适宜发生条件
水稻胡麻斑病,保肥性差,适宜发生条件
稻螟蛉,阴雨天多,适宜发生条件
水稻叶鞘腐败病,田间湿度高,适宜发生条件
水稻叶鞘腐败病,通透性,适宜发生条件
水稻紫鞘病,高温多雨,适宜发生条件
水稻窄条斑病,缺磷,适宜发生条件
水稻窄条斑病,土壤通气性差,适宜发生条件
稻曲病,田间郁,适宜发生条件
稻曲病,通风透光差,适宜发生条件
稻曲病,相对湿度高,适宜发生条件
稻粒黑粉病,通风透光不良,适宜发生条件
水稻白叶枯病,多雨,适宜发生条件
水稻白叶枯病,田间郁闭,适宜发生条件
水稻白叶枯病,湿度大,适宜发生条件
水稻白叶枯病,地势低洼,适宜发生条件
水稻白叶枯病,排水不良,适宜发生条件
水稻细菌性褐条病,高温,适宜发生条件
水稻细菌性褐条病,高湿,适宜发生条件
水稻细菌性褐条病,阴雨,适宜发生条件
水稻细菌性褐斑病,偏施氮肥,适宜发生条件
水稻橙叶病,素：高温,适宜发生条件
水稻细菌性基腐病,地势低,适宜发生条件
水稻条纹叶枯病,降雨少,适宜发生条件
水稻赤枯病,排水不良,适宜发生条件
直纹稻弄蝶,温度低,适宜发生条件
直纹稻弄蝶,高温低湿,适宜发生条件
直纹稻弄蝶,气温32,适宜发生条件
直纹稻弄蝶,盛夏不热,适宜发生条件
稻秆潜蝇,阳光不足,适宜发生条件
稻秆潜蝇,环境潮湿,适宜发生条件
稻秆潜蝇,田水温度低,适宜发生条件
褐飞虱,、湿度8,适宜发生条件
褐飞虱,晚秋不冷,适宜发生条件
褐飞虱,夏秋多雨,适宜发生条件
白背飞虱,相对湿度为80％～90%,适宜发生条件
白背飞虱,地势低洼,适宜发生条件
白背飞虱,氮肥过多,适宜发生条件
白背飞虱,田间郁闭,适宜发生条件
灰飞虱,郁闭,适宜发生条件
灰飞虱,透风透光不良,适宜发生条件
白翅叶蝉,相对湿对85%～90%,适宜发生条件
小麦秆枯病,施肥不足,适宜发生条件
小麦秆枯病,土壤瘠薄,适宜发生条件
小麦全蚀病,土质疏松,适宜发生条件
小麦全蚀病,肥力低,适宜发生条件
小麦炭疽病,肥料不足,适宜发生条件
小麦炭疽病,土壤碱,适宜发生条件
小麦白粉病,相对湿度大,适宜发生条件
小麦秆锈病,地势低洼,适宜发生条件
小麦秆锈病,土质黏重,适宜发生条件
小麦秆锈病,排水不良,适宜发生条件
小麦叶锈病,雪层厚,适宜发生条件
小麦叶锈病,土壤湿度大,适宜发生条件
小麦纹枯病,田间湿度过大,适宜发生条件
小麦霜霉病,地势低洼,适宜发生条件
小麦霜霉病,耕作粗放,适宜发生条件
小麦雪霉叶枯病,低温湿度,适宜发生条件
小麦雪霉叶枯病,潮湿多雨,适宜发生条件
小麦雪霉叶枯病,地下水位高,适宜发生条件
小麦雪霉叶枯病,田间湿度大,适宜发生条件
小麦白秆病,低温多雨,适宜发生条件
小麦白秆病,田间湿度大,适宜发生条件
小麦根腐病,土温20℃上,适宜发生条件
小麦根腐病,土质贫瘠,适宜发生条件
小麦根腐病,水肥不足,适宜发生条件
小麦赤霉病,高温高湿,适宜发生条件
小麦赤霉病,潮湿多雾,适宜发生条件
小麦赤霉病,地势低洼,适宜发生条件
小麦赤霉病,排水不良,适宜发生条件
小麦赤霉病,土质粘重,适宜发生条件
小麦赤霉病,偏施氮肥,适宜发生条件
小麦赤霉病,田间潮湿郁闭,适宜发生条件
小麦颖枯病,高温多雨,适宜发生条件
小麦颖枯病,土质贫瘠,适宜发生条件
小麦斑枯病,低温,适宜发生条件
小麦斑枯病,高湿,适宜发生条件
小麦斑枯病,土壤瘠薄,适宜发生条件
小麦斑枯病,施氮过多,适宜发生条件
小麦链格孢叶枯病,低洼潮湿,适宜发生条件
小麦黑颖病,通风不良,适宜发生条件
小麦黑颖病,整地不平,适宜发生条件
小麦梭条斑花叶病,土壤湿度较低,适宜发生条件
小麦细菌性条斑病,通风透光不好,适宜发生条件
小麦黄矮病,干旱,适宜发生条件
小麦黄矮病,土壤贫瘠,适宜发生条件
小麦黄矮病,管理粗放,适宜发生条件
小麦禾谷胞囊线虫病,沙壤土较粘土,适宜发生条件
大麦白粉病,相对湿度大,适宜发生条件
