Entity,English entity
Ïã½¶¹Ú¸¯²¡,Banana crown rot
Ïã½¶ºÚ´øÏó¼×,Banana stem borer weevil
Ğ±ÎÆÒ¹¶ê,Cotton leaf worm£¬Common cutworm£¬Cluster caterpillar£¬Tobacco semi-looper
Ïã½¶Åªµû,Banana leaf skipper
²İİ®¿İÎ®²¡,Strawberry blight
²İİ®¸ù¸¯²¡,Strawberry root rot
²İİ®Ì¿¾Ò²¡,Strawberry Anthracnose
²İİ®ÉßÑÛ²¡,nan
²İİ®°×·Û²¡,Strawberry powdery mildew
²İİ®ºÖ°ß²¡,Strawberry brown spot
²İİ®»ÒÃ¹²¡,Strawberry gray mold
²İİ®Çà¿İ²¡,Strawberry bacterial wilt
²İİ®Ï¸¾úĞÔÒ¶°ß²¡,Strawberry angular leaf spot
²İİ®²¡¶¾²¡,Strawberry virus disease
²İİ®»ûĞÎ¹û,Strawberry irregular fruit
²İİ®È±ËØÖ¢,nan
²İİ®VĞÍºÖ°ß²¡,Gnomonia fructicola (Arnaud) Fall
²İİ®(Ë¿ºË¾ú)Ñ¿¿İ²¡,nan
²İİ®(ÖÕ¼«¸¯Ã¹)ÀÃ¹û²¡,nan
²İİ®¸ï¸¯²¡,Strawberry leather rot
²İİ®»Ò°ß²¡,Strawberry Phyllosticta leaf spot
²İİ®Á­æßÃ¹¹û¸¯²¡,nan
²İİ®ÂÖ°ß²¡,nan
ÌÒÑÁ,Green Peach aphid
ÂÜ²·ÑÁ,turnip aphid
Ğ¡µØÀÏ»¢,Black cutworm
¶«·½ò÷òÁ,African mole cricket
òÓó©,grub
Ôæ³ßó¶,Zizyphus geometrid
»Æ´Ì¶ê,Oriental moth
ÔæŞÈ´Ì¶ê,nan
ÔæÌÒÁùµãÌì¶ê,Peach hornworm
ÌÒĞ¡Ê³ĞÄ³æ,Peach fruit borer
ĞÇÌìÅ£,Mulberry white-spotted longicorn
ÀæÔ²ò»,San Jose scale
²İÂÄò»,Giant mealy bug
ÈÕ±¾¹êÀ¯ò»,Japanese wax scale
¿µÊÏ·Ûò»,Comstock mealy bug
Ôæ±ÚÊ­,nan
ºÚÈŞ½ğ¹ê×Ó,Smaller velvety chafer
°Ëµã¹ã³áÀ¯²õ,nan
ÊÁ·è²¡,Persimmon witches broom
ÊÁÌ¿¾Ò²¡,Kaki Persimmon anthracnose
ÊÁ»ÒÃ¹²¡,Persimmon gray mold
ÊÁ½Ç°ß²¡,Kaki Persimmon angular spot
ÊÁÔ²°ß²¡,Persimmon leaf spot
ÊÁºìÒ¶¿İ²¡,nan
ÊÁºÚĞÇ²¡,Persimmon scab
ÊÁ¸É¿İ²¡,Persimmon canker
ÊÁ°×ÎÆÓğ²¡,Persimmon white root rot
ÊÁµÙ³æ,Persimm fruit worm
ÊÁĞÇ³ßó¶,Large black-spotted geometrid
Îè¶¾¶ê,Gypsy moth
ÕÛ´ø»Æ¶¾¶ê,Oriental tussock moth
ºÖµã·ÛµÆ¶ê,nan
ÊÁĞ¡Ò¶²õ,Red-maculated leafhopper
ÊÁÈŞò»,Persimmon mealy bug
ÊÁ³¤Ãà·Ûò»,Elongate cottony scale
ÊÁÉÒÓ¥Ò¹¶ê,nan
Æ»¹ûÉÒÒ¹¶ê,nan
Ä¾˜÷³ßó¶,Walnut geometrid
ºÚÔ²½Ç²õ,Globular treehopper
Í­ÂÌÀö½ğ¹ê,Blue chafer
Ê¯Áñ¸É¸¯²¡,Pomegranate dry rot
Ê¯ÁñºÚ°ß²¡,Pomegranate leaf spot
Ê¯Áñ¸ù½áÏß³æ²¡,Pomegranate root£­knot nematode disease
Ê¯Áñ½íÒ¹¶ê,Thick-legged moth
´óËò¶ê,Cotton bagworm
Ê¯Áñ¾¥´°¶ê,nan
Ê¯Áñ´¯ğè²¡,pomegranate stem scab
Ê¯ÁñÁÑ¹û,nan
ÌÒÖûÃø,"yellow peach moth£¬Peach pyralid moth,cone moth"
éË²Ï¶ê,Philosamia cynthia
Ê¯ÁñÈŞò»,Grape myrtle scale
ÂéÆ¤òí,Yellow marmorated stink bug
¸ÌéÙ´¯ğè²¡,Citrus scab
¸ÌéÙÖ¬µã»Æ°ß²¡,Greasy yellow spot of citrus
¸ÌéÙÌ¿¾Ò²¡,Citrus anthracnose
¸ÌéÙÁÑÆ¤²¡,Citrus exocortis
¸ÌéÙÒßÃ¹²¡,Citrus brown rot
¸ÌéÙÃºÎÛ²¡,Citrus sooty mold
¸ÌéÙ»ÆÁú²¡,Citrus yellow shoot
¸ÌéÙÀ£Ññ²¡,Citrus canker
¸ÌéÙË¥ÍË²¡,Citrus tristeza virus
¸ÌéÙ³àÒÂ²¡,Citrus pink disease
¸ÌéÙºÚ¸¯²¡,Citrus black rot
¸ÌéÙÊ÷Ö¬²¡,Citrus melanose
×ìºøÒ¹¶ê,fruit-piercing moth
Äñ×ìºøÒ¹¶ê,fruit£­piercing moth
¸ÌéÙ»¨ÀÙÇù,Citrus blossom midge
¸ÌéÙÇàÃ¹²¡,Citrus blue mold
¸ÌéÙĞ¡ÊµÓ¬,Oriental fruit fly
¸ÌéÙ´óÊµÓ¬,Chinese citrus fly
éÙ¶ş²æÑÁ,Black citrus aphid
éÙÑÁ,Tropical Citrus aphid
´óÂÌòí,nan
¹ÏºÖòí,Nine incense bug
¸ÌéÙ·ÛÊ­,citrus whiefly
ºÚ´Ì·ÛÊ­,Citrus spiny white fly
¸ÌéÙÄ¾Ê­,Citrus psylla
´µÃàò»,Cottony cushion scale
¶ÑÀ¯·Ûò»,Citrus mealy bugs
Ê¸¼âò»,Arrowhead scale
ºìÀ¯ò»,Red wax Scale
ºÖÔ²ò»,Florida red scale
¿·Æ¬ò»,Chaff scale
¸ÌéÙÈ«×¦òı,Citrus red mite
¸ÌéÙÊ¼Ò¶òı,nan
¸ÌéÙ·ïµû,Citrus swallowtail
ÄâĞ¡»Æ¾íÒ¶¶ê,Citrus leaf-rollers
²èËò¶ê,Tea bagworm
ÓÍÍ©³ß¶ê,nan
´ïÄ¦·ïµû,chequered swallowtail butterfly£¬lemon butterfly
Óñ´ø·ïµû,White-banded swallowtails
¸ÌéÙ¶ñĞÔÒ¶¼×,nan
ÂÌÁÛÏó¼×,Cotton green weevil
¸ÌéÙ»ÒÏó¼×,nan
¸ÌéÙÇ±Ò¶¶ê,Citrus leaf miner
¸ÌéÙ±¬Æ¤³æ,flatheaded citrus borer
¸ÌéÙÁïÆ¤³æ,Citrus buprestids
éÙºÖÌìÅ£,nan
¹â¶ÜÂÌÌìÅ£,nan
ºÚ³áÍÁ°×ÒÏ,Formosan subterranean termite
ÀóÖ¦ËªÒßÃ¹²¡,Litchi downy blight
ÀóÖ¦Ì¿¾Ò²¡,Litchi anthracnose
ÀóÖ¦Ëá¸¯²¡,Litchi sour rot
ÀóÖ¦Ôå°ß²¡,Litchi algal spot¡£
ÀóÖ¦¹íÖã²¡,Litchi witches¡¯broom
ÀóÖ¦Ò¶°ß²¡,Litchi brown blotch
ºÚòÆ²õ,Black cicada
ÁúÑÛºÖ°ß²¡,Longan brown blotch
ÇÅÒ¹¶ê,Anomis mesogona Walker
ÀóÖ¦°ßµã²¡,Litchi Coniothyrium leaf spot
ÀóÖ¦¿Ç¶şæßÒ¶°ß²¡,nan
ÀóÖ¦ÃºÑÌ²¡,Litchi sooty mold
ÀóÖ¦Ò¶¿İ²¡,Litchi leaf blight
ÀóÖ¦µØÒÂ²¡,nan
ÀóÖ¦ÁÑ¹û,nan
ÀóÖ¦òí,Litchi stink-bug
ÀóÖ¦ñ¨òı,nan
ÁúÑÛ½Ç¼ÕÄ¾Ê­,Longan psyllid
ºì´ø»¬ĞØÕë¼»Âí,nan
ÀóÖ¦È×¶¾¶ê,Litchi pale tussock moth
°×¶êÀ¯²õ,Mango cicada
ÁúÑÛ»Ò°ß²¡,Psstalozzia leaf spot
ÁúÑÛËá¸¯²¡,nan
Ë«ÏßµÁ¶¾¶ê,Cashew hairy catepillar
Ğ¡°×ÎÆ¶¾¶ê,Small tussock moth
Ø³ÎÆÏ¸¶ê,nan
±ÍÂéÒ¹¶ê,nan
Ã«³áÒ¹¶ê,Rose of Sharon leaf-like moth
ÂäÒ¶Ò¹¶ê,nan
²è¾íÒ¶¶ê,nan
ÓÍÍ©³ßó¶,nan
¿§·ÈÄ¾ó¼¶ê,Red coffee borer
°×ÄÒËò¶ê,White psychid
ÒøÃ«´µÃŞò»,Okada cottony-cushion scale
ÁúÑÛ¼¦,Longan lantern-fly
½ÇÀ¯ò»,Indian wax scale
çêòí,Brown-winged green bug
µã·äÔµòí,Been bug
Ğ¡Çà»¨½ğ¹ê,Smaller green flower chafer
°×ĞÇ»¨½ğ¹ê,White-spotted flower chafer
Ã¢¹ûÌ¿¾Ò²¡,Mango anthracnose
Ã¢¹û´¯ğè²¡,Mango scab
Ã¢¹ûÁ÷½º²¡,Mango gummosis
Ã¢¹ûÏ¸¾úĞÔºÚ°ß²¡,nan
Ã¢¹û°×·Û²¡,Mango powdery mildew
Ã¢¹ûºÚÉ«µÙ¸¯²¡,Mango storage Dothiorella rot
Ã¢¹ûºÖÉ«µÙ¸¯²¡,Phomopsismangiferae Ahmad
Ã¢¹ûºáÎÆÎ²Ò¹¶ê,Mango shoot-borer
ºÖ±ßÂÌ´Ì¶ê,Green cochlid
¼¹ĞØÌìÅ£,nan
–x¹û±âà¹Ò¶²õ,nan
´óÇàÒ¶²õ,Green leafhopper
»ÆºÖÌìÄ»Ã«³æ,common lackey moth
èÁèË»Ò°ß²¡,Loquat gray leaf spot
èÁèË°ßµã²¡,Loquat Phyllosticta leaf spot
èÁèËÌ¿¾Ò²¡,Loquat anthracnose
èÁèËºúÂéÉ«°ßµã²¡,Loquat Entomosporium leaf spot
èÁèË»ÆÃ«³æ,Loquat nolid
»ÆĞÇÌìÅ£,yellow-spotted longicorn beetle
Ïã½¶½»ÂöÑÁ,banana aphid
²İİ®ÒßÃ¹¹û¸¯²¡,nan
Ïã½¶°ÍÄÃÂí¿İÎ®²¡,Banana Panama disease
Ïã½¶»ÒÎÆ²¡,Banana cordana leaf spot
Ïã½¶ºÖÔµ»Ò°ß²¡,Banana cercospora leaf spot
Ïã½¶ÃºÎÆ²¡,Banana helminthosporium leaf spot
Ïã½¶ºÚĞÇ²¡,Banana freckle disease
Ïã½¶Ì¿¾Ò²¡,Banana anthracnose
Ïã½¶Öá¸¯²¡,nan
Ïã½¶»¨Ò¶ĞÄ¸¯²¡,Banana mosaic disease
Ïã½¶Êø¶¥²¡,Banana bunchy top
°ßĞëòí,Sugarbeet stink bug
Ó£ÌÒºÖ°ß²¡,Cherry shothole brown spot
ÀæĞ¡Ê³ĞÄ³æ,Oriental fruit moth
ÀîĞ¡Ê³ĞÄ³æ,Plum fruit moth
ËÄÎÆÀö½ğ¹ê,Four spotted beetle
Ğ¡»Æ¾íÒ¶¶ê,nan
¶¥Ñ¿¾í¶ê,Apple fruit licker
ÌÒ°ß¶ê,Ume bud moth
É½é«Ò¶òı,Hawthorn spider mite
Àî¿İÒ¶¶ê,Plum leaf-like moth
ÌìÄ»Ã«³æ,Tent caterpillar
¹â¼çĞÇÌìÅ£,Glabrous spotted willow borer
Á£¼çÌìÅ£,Mulberry longicorn
ÌÒ·Û´óÎ²ÑÁ,Mealy Plum aphid
³¯ÏÊÇò¼áò»,Korean lÈéÓÍanium
É£°×ò»,White peach scale
ĞÓÇò¼áò»,Korean lecanium
Ó£ÌÒºÖ¸¯²¡,Sweet cherry brown rot
Ó£ÌÒÌ¿¾Ò²¡,Sweet cherry anthracnose
Ó£ÌÒ»ÒÃ¹²¡,Sweet cherry gray mold
Ó£ÌÒÊ÷»ÒÉ«¸àÒ©²¡,Sweet cherry gray felt disease
Ó£ÌÒÓ×¹û¾úºË²¡,nan
Ó£ÌÒĞ¡¹û²¡,nan
Ó£ÌÒ»µËÀĞâ°ß²µ²¡,Cherry rusty mottle
Ó£ÌÒÊ÷¾¥¹µ²Û²¡,nan
Ó£ÌÒ°ßÁ÷½º²¡,Cherry gummosis
Ó£ÌÒËõ¹û²¡,nan
¹û½£ÎÆÒ¹¶ê,Cherry dagger moth
Æ»ÕÆÖÛ¶ê,Cherry caterpillar
Æ»ÒÏÖÛ¶ê,Japanese prominent
ÌÒÌì¶ê,Peach hornworm
ÌÒÇ±Ò¶¶ê,Peach leaf miner
Ó£ÌÒÊµ·ä,nan
ÌÒºì¾±ÌìÅ£,Peach longicorn beetle
òÆ²õ,nan
ºÚĞÇÂó¶ê,nan
ĞÓ°×´øÂó¶ê,nan
Ã·Ä¾¶ê,Isshiki xylorictid
ÌÒ°×Ìõ×Ï°ß¶ê,nan
Ó£ÌÒÕ³Ò¶·ä,cherrysawfly
Ó£ÌÒ¾íÒ¶ÑÁ,nan
Ó£ÌÒñ¨ÁöÍ·ÑÁ,nan
Ã·ÁöÑÁ,nan
Ã·»ÒÃ¹²¡,Ume plum gray mold
Ğ¡ÂÌÒ¶²õ,Smaller green leafhopper
²è³áòí,Yellow-brown stink bug
ÀæÍøòí,pear lace bug
Ã·À£Ññ²¡,Ume plum canker
Ã·Ò¶Ì¿¾Ò²¡,Ume plum anthracnose
Ã·ºÚĞÇ²¡,Ume plum scab
Ã·Ö¦¿İ²¡,Ume plum shoot blight
ºì¸¹çË¹ÜÑÁ,rice root aphid
ÆÏÌÑºÚ¸¯²¡,Grape black rot
ÆÏÌÑÃºµã²¡,nan
ÆÏÌÑÄâ¾¥µãÃ¹¸¯ÀÃ²¡,nan
ÆÏÌÑ°×¸¯²¡,Grape white rot
ÆÏÌÑËëÖáºÖ¿İ²¡,Grape Alternaria spot
ÆÏÌÑÌ¿¾Ò²¡,Grape ripe rot
ÆÏÌÑ·¿¿İ²¡,Caucasus grape black rot
ÆÏÌÑ´ó·¿¿İ²¡,nan
ÆÏÌÑºÚ¶»²¡,Grape spot anthracnose
ÆÏÌÑ¿à¸¯²¡,Grape bitter rot 
ÆÏÌÑËªÃ¹²¡,Grape downy milde
ÆÏÌÑ»ÒÃ¹²¡,Grape gray mold
ÆÏÌÑ°×·Û²¡,Grape powdery mildew
ÆÏÌÑÅÌ¶àÃ«æßÂû¿İ²¡,nan
ÆÏÌÑĞâ²¡,Grape rust
ÆÏÌÑÆ¤¶ûË¹²¡,Grape pierce¡¯disease
ÆÏÌÑ¸ù°©²¡,Grape tumor
ÆÏÌÑ¾íÒ¶²¡,Grape leaf roll
ÆÏÌÑÉÈÒ¶²¡,Grape fan leaf
ÆÏÌÑ»Æµã²¡,Grape yellow spot
ÆÏÌÑË¨Æ¤²¡,Grape corky bark virus
ÆÏÌÑ¾¥¶»²¡,Grape stem pitting
ÆÏÌÑ°ßµã²¡,nan
ÆÏÌÑ»Æ½ğ²¡,Grape yellow leaf
ÆÏÌÑÎ®Ëõ²¡,nan
ÆÏÌÑ»ÆÂö²¡,Grapevine yellow vein
ÆÏÌÑ»¨Ò¶²¡,nan
ÆÏÌÑ¸ù¸¯Ïß³æ²¡,nan
ÆÏÌÑ¸ù½áÏß³æ²¡,Grape root-knot nematode
ÆÏÌÑ½£Ïß³æ²¡,nan
ÆÏÌÑ×ªÉ«²¡,nan
ÆÏÌÑËá¸¯²¡,nan
ÆÏÌÑÈÕ×Æ²¡,Grape sunscald
ÆÏÌÑÉúÀíĞÔÁÑ¹û²¡,nan
ÆÏÌÑ»ÆÒ¶²¡,Grape yellow leaf
ÆÏÌÑÈ±Ìú²¡,nan
ÆÏÌÑÈ±Ã¾²¡,Grape magnesium deficiency
ÆÏÌÑÈ±ÅğËõ¹û²¡,nan
ÆÏÌÑÈ±¼Ø²¡,nan
ÆÏÌÑÈ±Ğ¿²¡,nan
ÆÏÌÑ³¤Ğë¾í¶ê,Long-palpi tortrix
ÆÏÌÑÌì¶ê,Grape horn worm
È¸ÎÆÌì¶ê,Small hawk moth
ÆÏÌÑ°ß¶ê,Grape leaf worm
ĞıÄ¿Ò¹¶ê,Velvety huge-comma
ÆÏÌÑ»¢¶ê,Boston ivy tiger-moth
Ì¨Íå»Æ¶¾¶ê,Taiwan yellow moth
ÆÏÌÑÊ®ĞÇÒ¶¼×,Grape leaf beetle
ÆÏÌÑñ¨ÎÃ,nan
ÆÏÌÑ¸ùÁöÑÁ,Grape phylloxera
ÆÏÌÑ°ßÒ¶²õ,Grape leafhopper
ÌÒÒ»µã°ßÒ¶²õ,Peach leafhopper
°ßÒÂÀ¯²õ,Chinese blisteringcicada
ÑÌ¼»Âí,Onion thrips
ÆÏÌÑ¶ÌĞëòı,nan
ÆÏÌÑ»¢ÌìÅ£,Grape borer
ÆÏÌÑÍ¸³á¶ê,Grape clear wing moth
°ßà¹Àö½ğ¹ê,Chestnut brown chafer
â¨ºïÌÒºÖÉ«Âé°ß²¡,Yangtao Pseudocercospora leaf spot
â¨ºïÌÒºÖ¸¯²¡,Yangtao brown rot
â¨ºïÌÒºÖ°ß²¡,Yangtao Mycosphoerella leaf spot
â¨ºïÌÒ»ÒÃ¹²¡,Yangtao gray mold rot
â¨ºïÌÒÀ£Ññ²¡,Yangtao canker
â¨ºïÌÒ¹ûÊµÈí¸¯²¡,Yangtao bacterial soft rot
ÀõÄ¾¸¯²¡,Chestnut Schizophyllum rot
ÀõÖ¦¿İ²¡,Chestnut twig blight
Àõ¸É¿İ²¡,Chestnut canker
Àõ°×·Û²¡,Chestnut powdery milde
ÀõºìğàÖ¦¿İ²¡,nan
ÀõÌ¿¾Ò²¡,Chestnut anthracnose
ÀõÖÖÈÊ°ßµã²¡,Chestnut seed mold rot
ÀõÀ£Ññ²¡,Chestnut bacterial canker
ÀõÒ¶¿İ²¡,nan
Àõ´óÑÁ,Large chestnut aphid
ÀõĞ¡×¦òı,spruce spider mite£¬conifer spinning mite
ÀõÊµÏó³æ,Chestnut weevil
ÀõÍ¸³á¶ê,Chinese chestnut clearwing moth
Àõñ¨·ä,Chestnut gall wasp
ÒøĞÓ´ó²Ï¶ê,Giant silk moth
ºËÌÒÊ÷¸¯ÀÃ²¡,Walnut Cytospora canker
ºËÌÒºÚÁ£Ö¦¿İ²¡,Walnut Melanconis disease
ºËÌÒ»Ò°ß²¡,Walnut leaf blight
ºËÌÒºÚ°ß²¡,Walnut bacterial blight
ºËÌÒ°×·Û²¡,Walnut powdery milde
ºËÌÒÌ¿¾Ò²¡,Walnut anthracnose
ºËÌÒºÖ°ß²¡,Walnut brown spot
ºËÌÒ¾ÙÖ«¶ê,Walnut sun moth
ºËÌÒ×ºÒ¶Ãø,nan
ÔÆ°ßÌìÅ£,Whitestriped longicorn beetle
ºËÌÒÒ¶¼×,nan
ÃÀ¹ú°×¶ê,Fall webworm
ºËÌÒºÚ°ßÑÁ,walnut aphid
ÔæĞâ²¡,Common Jujube rust
ÔæºÚ¸¯²¡,Jujube black rot
Ôæ½¹Ò¶²¡,Jujube leafscorch
ÔæÌ¿¾Ò²¡,Jujube anthracnose
ÔæÂÖÎÆ²¡,Jujube perennial canker
Ôæ»Ò°ß²¡,Jujube gray leaf spot
ÔæÒ¶ºÚ°ß²¡,Jujube leaf blackspot
ÔæÊ÷Ö¦¿İ²¡,Jujube tree twig blight
ÔæÃç¾¥¸¯²¡,Jujube ashy-stem blight
ÔæÊ÷¸ùĞà²¡,Armillaria root rot
ÔæÊ÷¸¯ÀÃ²¡,Jujube canker
Ôæ¹ûÇàÃ¹²¡,Jujube blue mold
ÔæËõ¹û²¡,Jujube fruit Erwinia rot
ÔæÊ÷¸ù°©²¡,Jujube crown gall
Ôæ°×¸¯²¡,Jujube white rot
Ôæ¹ûĞâ²¡,nan
ÔæÁÑ¹û²¡,Jujube fruit split
Ôæ·è²¡,Jujube witches broom
ÔæÊ÷»¨Ò¶²¡,Jujube mosaic
Ôæñ¨ÎÃ,Jujube midge
Ôæ·ÉÏó,Bud-eating Weevil
ºìÔµÌìÅ£,Red£­striped longicorn
ÀæÒ¶·ä,nan
Àæ¶ş²æÑÁ,Pear aphid
Àæ´óÑÁ,nan
Àæ»Æ·ÛÑÁ,Pear phylloxer
Àæ±±¾©Ô²Î²ÑÁ,nan
ÀæóÒÔ²¶Üò»,San Jose scale
Àæòí,Pear stink bug
ÖĞ¹úÀæÄ¾Ê­,Chinese pear jumping plant lice
ÀæËõÒ¶±ÚÊ­,nan
ÀæÇ±Æ¤Ï¸¶ê,Pear bark miner
ÀæÒ¶Ö×ñ¨òı,Pear leaf blister mite
Àæñ¨»ª¶ê,Pear twig gall moth
Àæ¾¥·ä,Pear twig girdler
ÀæÑÛÌìÅ£,Blue pear twig borer
ÀæĞ¡¼ª¶¡³æ,Pear branch borer
Àæ½ğÔµ¼ª¶¡,Yellow-margined buprestid
Àæ½£ÎÆÒ¹¶ê,Sorrel cut worm
Àæ»Æ¾í¶ê,Asiatic leaf roller
ÀæÊ³Ñ¿¶ê,Pear budmoth
¹ûºìÈ¹±âÉíÒ¹¶ê,Striped black moth
Àæ´óÒ¶·ä,nan
Àæ´óÂÌÑÁ,Pear green aphid
ÑÎÔ´Æ¬¶Üò»,nan
ÁÉÀæÄ¾Ê­,nan
É½é«°×·Û²¡,Japanese hawthorn powery milde
É½é«Ğâ²¡,Japanese hawthorn rust
É½é«Ò¶°ß²¡,Chinese hawthorn Phyllosticta leaf spot
É½é«»¨¸¯²¡,Hawthorn blossom blight
É½é«¸¯ÀÃ²¡,Hawthorn Valsa canker
É½é«¿İÉÒ²¡,Hawthorn fruit-bearing shoot withering
É½é«¸É¿İ²¡,Hawthom trunk blotch
É½é«ºÚĞÇ²¡,Hawthorn scab
É½é«Á¢¿İ²¡,nan
É½é«ÈÕ×Æ²¡,nan
É½é«Ğ¡Ê³ĞÄ³æ,lesser hawthorn fruit moth 
°×Ğ¡Ê³ĞÄ³æ,Larger apple fruit moth
É½é«¾î·Ûµû,Black-veined white butterfly
É½é«»¨Ïó¼×,nan
É½é«Ó©Ò¶¼×,nan
½ğ»·ºú·ä,Yellow jacket
É½é«¿¦Ä¾Ê­,nan
Ñ¿°×Ğ¡¾í¶ê,Apple fruit licker
»Æ°ß³¤³á¾íÒ¶¶ê,Yellow tortrix
ÀæĞÇÃ«³æ,Pear leaf worm
ÃŞÁå³æ,Cotton boll worm
Æ»¹ûÇòò»,Globular Apple scale
½ğÔµ¼ª¶¡³æ,Yellow-margined buprestid
ĞıÎÆÇ±Ò¶¶ê,Pear leaf blistermoth
±â´Ì¶ê,Nettle grub
ºì×Ø»ÒÒ¹¶ê,Muberry caterpillar
É£ñŞ³á³ßó¶,Mulberry looper
Æ»Ã«Àö½ğ¹ê,Proagopertha lucidula
ÃŞ»¨»¡Àö½ğ¹ê,Mutant Japanese beetle
¶«·½¿øò»,nan
ÌÒºÖ°ß´©¿×²¡,Peachbrown  spot shot hole
ĞåÏß¾ÕÑÁ,Citrus aphid
ÌÒÊ÷¸¯ÀÃ²¡,Peachtree canker
ÌÒËõÒ¶²¡,Peachtree leaf curl
ÌÒÃ¹°ß´©¿×²¡,Peach Clasterosporium shot hole
ÌÒºÚĞÇ²¡,Peach scab
ÌÒºÚ°ß²¡,Peach black spot
ÌÒÀ£Ññ²¡,Peach Cylindrocladium canker
ÌÒÒß¸¯²¡,Peach collar rot
ÌÒÌ¿¾Ò²¡,Peach anthracnose
ÌÒÊµ¸¯²¡,Peach fruit rot
ÌÒÏ¸¾úĞÔ´©¿×²¡,Peach bacterial shot hole
ÌÒ°×·Û²¡,Peach powdery mildew
ÌÒÊ÷·ÇÇÖÈ¾ĞÔÁ÷½º²¡,Peach gummosis
ÌÒÊ÷ÇÖÈ¾ĞÔÁ÷½º²¡,Peachtree Botryosphaeria gummosis
ÌÒÃºÎÛ²¡,Peach tree sooty blotch
ÌÒÍÊÂÌÒ¶°ß²¡,Peach chlorotic leafspot virus
Æ»Ã«³æ,Apple caterpillar
ÌÒÊ÷Ä¾¸¯²¡,Peach tree wood rot
ÌÒÊ÷¸ùĞà²¡,Peach root decay
ÌÒºÖ¸¯²¡,Peach brown rot
ÌÒÇúÃ¹²¡,Peach aspergillosis
ÌÒºÖĞâ²¡,Peach brown rust
ÌÒ°×Ğâ²¡,Peach white rust
ÌÒÈí¸¯²¡,Peach soft rot
ÌÒ»ÒÃ¹²¡,Peach gray mold
ÌÒ°×ÎÆÓğ²¡,Peach tree white root rot
ÌÒÊ÷°×¾î²¡,Peach tree southern blight
ÌÒºì·Û²¡,Peach pink milde
ÌÒ¸ù°©²¡,Peach crown gall
ÌÒÇ±Òş»¨Ò¶²¡,Peach latent mosaic
ÌÒÊ÷ºìÒ¶²¡,Peach tree red leaf
ÌÒ»µËÀ»·°ß²¡,Peach necrotic ringspot virus
ÌÒÔ°¸ù½áÏß³æ²¡,Peach tree root-knot nematode disease
ÌÒñ¨òı»û¹û²¡,Peach mite deformed fruit
ÌÒÊ÷È±µªÖ¢,Peach nitrogen deficiency
ÌÒÊ÷È±Á×Ö¢,Peach phosphorus deficiency
ÌÒÊ÷È±¼ØÖ¢,Peach potassium deficiency
ÌÒÊ÷È±ÌúÖ¢,Peach tree iron deficiency
ÌÒÊ÷È±Ğ¿Ö¢,Peach tree Zn-deficiency
ÌÒÊ÷È±¸ÆÖ¢,Peach tree Ca-deficiency
ÌÒÊ÷È±Í­Ö¢,Peach tree Cu-deficiency
ÌÒÊ÷È±ÃÌÖ¢,Peach tree Mn-deficiency
ÌÒÊ÷È±ÅğÖ¢,Peach tree B-deficiency
ÌÒ½£ÎÆÒ¹¶ê,Apple dagger moth
É£½£ÎÆÒ¹¶ê,Large dagger moth
À¶Ä¿Ìì¶ê,Cherry horn worm
ºÖ´Ì¶ê,Thosea haibarana
Ë«³İÂÌ´Ì¶ê,Dlum stinging caterpillar
ÖĞ¹úÂÌ´Ì¶ê,Chines ecochlid
°×Ñî¿İÒ¶¶ê,nan
»Æ°ß¾í¶ê,Yellow tortrix
Ë®Ä¾¼áò»,brown elm scale£¬fruit lecanium
ÌÒĞ¡ó¼,nan
º£ÌÄÍ¸³á¶ê,Chinese crabapple aegeriid
ÌÒÈÊ·ä,nan
ÌÒÁöÑÁ,Peach aphid
Àî´ü¹û²¡,Plum pockets
Àîºìµã²¡,Plum leaf blister
ÀîºÖ¸¯²¡,Plum brown rot
ÀîÏ¸¾úĞÔ´©¿×²¡,Plum black spot or bacterial leaf spot
ÀîÏßÎÆ²¡,Plum line pattern
ÀîÊ÷Á÷½º²¡,Plum tree gummosis
»Æ°ß¾íÒ¶¶ê,Yellow tortrix
ĞÓÏó¼×,Peach curculio
Æ»Ğ¡¾íÒ¶¶ê,Adoxophyes orana Fischer von Rosleratamm
Í­ÂÌÀö½ğ¹ê×Ó,Blue chafer
Àî¶ÌÎ²ÑÁ,leaf curl plum aphid£¬leafcurling plum aphid£¬plum aphid
ĞÓÊ÷¸¯ÀÃ²¡,Apricot tree canker
ĞÓğÛ²¡,Apricot pox
ĞÓºÖ¸¯²¡,Apricot brown rot
ĞÓºÚÁ£Ö¦¿İ²¡,Apricot shoot blight
ĞÓÊ÷Á÷½º²¡,Apricot tree gummosis
ĞÓ¸É¿İ²¡,nan
ĞÓÏ¸¾úĞÔ´©¿×²¡,Apricot bacterial shot hole
Æ»¹ûÂÖÎÆ²¡,Apple ring spot
Æ»¹ûÌ¿¾ÒÀ£Ññ²¡,Apple Cryptosporiopsis Canker
Æ»¹û»Ò°ß²¡,Apple gray spot
Æ»¹û°×ĞÇ²¡,Apple Coniothyrium leaf spot
Æ»¹ûÂÖ°ß²¡,Apple ring spot
Æ»¹ûÊ÷Ö¦À£Ññ²¡,Apple twig canker
Æ»¹ûÊ÷ÅİĞÔÀ£Ññ²¡,Apple tree blister canker
Æ»¹û¸É¿İ²¡,Apple tree Phomopsis
Æ»¹ûÊ÷Ö¦¿İ²¡,Apple tree twig blight
Æ»¹ûÊ÷Ä¾¸¯²¡,Apple tree Schizophyllum rot
Æ»¹ûĞâ²¡,Apple rust
Æ»¹ûÃ¹ĞÄ²¡,Apple mouldy core
Æ»¹û»¨¸¯²¡,Apple blossom blight
Æ»¹ûÌ¿¾Ò²¡,Apple anthracnose
Æ»¹ûÒß¸¯²¡,Apple collar rot
Æ»¹ûÃºÎÛ²¡,Apple sooty blotch
Æ»¹ûÓ¬·à²¡,Apple fly speck
Æ»¹ûÔ²°ß²¡,Apple fruit blotch
Æ»¹ûºÚµã²¡,Apple fruit spot
Æ»¹ûºÚ¸¯²¡,Apple black rot
Æ»¹ûºÚĞÇ²¡,Apple scab
Æ»¹ûğåĞÔÀ£Ññ²¡,Apple tree blister canker
Æ»¹ûºÖ°ß²¡,Apple brown spot
Æ»¹û°ßµãÂäÒ¶²¡,Apple Alternaria leaf spot
Æ»¹û°×·Û²¡,Apple powdery milde
Æ»¹û»·ÎÆÒ¶¿İ²¡,Apple zonate leaf sopt
Æ»¹ûÒøÒ¶²¡,Apple silver leaf
Æ»¹ûÊ÷³àÒÂ²¡,Apple tree pink disease
Æ»¹ûÊ÷»ÒÉ«¸àÒ©²¡,Apple tree gray felt disease
Æ»¹ûÊ÷ºÖÉ«¸àÒ©²¡,Apple tree brown felt disease
Æ»¹ûºÖ¸¯²¡,Apple brown rot
Æ»¹ûÊ÷°×ÎÆÓğ²¡,Apple tree white root rot
Æ»¹ûÊ÷µØÒÂ²¡,Apple lichen
Æ»¹û´ÔÖ¦²¡,Apple witches¡¯broom
Æ»¹ûÈ±Á×Ö¢,Apple phosphorus deficiency
Æ»¹ûÊ÷¸ùĞà²¡,Apple clitocybe root rot and Armillaria root rot
Æ»¹ûÊ÷×ÏÎÆÓğ²¡,Apple purple root rot
Æ»¹ûÊ÷°×¾î²¡,Apple tree southern blight
Æ»¹ûÔ²°ß¸ù¸¯²¡,Apple Fusarium root rot
Æ»¹ûÃçÁ¢¿İ²¡,Apple seedling stem rot
Æ»¹ûÅİ°ß²¡,Apple blister spot
Æ»¹ûÃ«¸ù²¡,Apple hairy root
Æ»¹û¸ù°©²¡,Apple crown gall
Æ»¹û´ÖÆ¤¹û²¡,Apple rough bark
Æ»¹ûÂÌÖå¹û²¡,Apple green crinkle
Æ»¹û»¨Ò¶²¡,Apple mosaic
Æ»¹ûÖåÒ¶²¡,Apple leaf pucker
Æ»¹û¾¥¶»²¡,Apple stem pitting
Æ»¹û¾¥¹µ²¡,Apple stem grooving
Æ»¹û±âÖ¦²¡,Apple tree flat limb
Æ»¹û¸ß½ÓË¥ÍË²¡,Apple tree decline
Æ»¹ûĞâ¹û²¡,Apple rough skin
Æ»¹û»·°ß¹û²¡,Apple ring spot
Æ»¹ûÍÊÂÌÒ¶°ß²¡,Apple chlo rotic leaf spot
Æ»¹û¸ù½áÏß³æ²¡,Apple tree root-knot nematode disease
Æ»¹û¸ù¸¯Ïß³æ²¡,nan
Æ»¹ûÊ÷ÔÙÖ²²¡,nan
Æ»¹ûĞ¡¹û²¡,Apple chat fruit
Æ»¹ûÖ¦¸¯²¡,nan
Æ»¹ûÊ÷´ÖÆ¤²¡,Apple tree rough bark
Æ»¹ûÈ±Ìú»Æ»¯Ö¢,Apple tree iron deficiency
Æ»¹ûĞ¡Ò¶²¡,Apple tree little leaf
Æ»¹û¿à¶»Ö¢,Apple bitter pit
Æ»¹û¶»°ßÖ¢,Apple bitter pit
Æ»¹ûÈíÖ¦²¡,nan
Æ»¹û´ó¹ûº£ÌÄÁÛÆ¤²¡,nan
Æ»¹ûğåÆ¤²¡,nan
Æ»¹ûË®ĞÄÖ¢,Apple water core
Æ»¹ûÈ±Ã¾Ö¢,Apple tree magnesium deficiency
Æ»¹ûÈ±µªÖ¢,Apple nitrogen deficiency
Æ»¹ûÈ±¼ØÖ¢,Apple potassium deficiency
Æ»¹ûÈ±ÅğËõ¹ûÖ¢,Apple fruit wrinkle
Æ»¹ûÈ±¸ÆÖ¢,Apple tree Ca-deficiency
Æ»¹ûÈ±ÃÌÖ¢,Apple tree Mn-deficiency
Æ»¹û¹ûĞâ,Apple fruit rust
Æ»¹ûÇàÃ¹²¡,Apple blue mold
Æ»Ğ¡Ê³ĞÄ³æ,Lesser Apple fruit borer
Æ»¹ûĞ¡¾í¶ê,Smaller apple leaf roller
Æ»ºÖ¾íÒ¶¶ê,Apple brown tortrix
Æ»¹û¾í¶ê,Large apple leaf roller
É£ºÖ´Ì¶ê,Thosea haibarana
Æ»¹ûó¼¶ê,Codling moth
µÁ¶¾¶ê,Mulberry tussock moth
Æ»¹û³²¶ê,Apple ermine moxh
Æ»¹ûÍ¸³á¶ê,Conopia hector
Áø¸ÉÄ¾ó¼¶ê,Oriental carpenter moth
µ­ºÖ³²¶ê,Alutaceous ermine moth
½ğÎÆÏ¸¶ê,Asiaticapple leaf miner
Æ»¹ûÁöÑÁ,Apple leaf curing aphid
Æ»¹û¸ùÃàÑÁ,nan
ÂÌÃ¤òí,Cotton mirids
Æ»¹ûÃàÑÁ,Apple woolly aphid
Æ»¹ûÈ«×¦òı,Europeanred mite
¹ûÌ¦òı,brown mite
¶ş°ßÒ¶òı,Two spotted spider mite
Æ»¹ûĞ¡¼ª¶¡,Apple branch borer
Áù°ß¼ª¶¡³æ,sixspotted buprestid
±¡³á¾âÌìÅ£,Thin-winged longicorn
Æ»ÈÆÊµÓ¬,Apple maggot
Æ»ºÚğëĞ¡¾í¶ê,Black headed fire worm
Æ»¹ûµñ³á¶ê,Apple leaf skeletonizer
Æ»¹ûÇÊ¶ê,Apple pistolcasebearer
Æ»¹ûËşÒ¶²õ,nan
Æ»¹ûÀ¶Ìø¼×,nan
Ã±°ßÌìÅ£,Black-spotted red longicorn
ÀæÊ÷¸¯ÀÃ²¡,Pear canker
ÀæºÚĞÇ²¡,Pear scab
ÀæÊ÷¸É¿İ²¡,Pear tree Phomopsis twig blight
ÀæÊ÷Ö¦¿İ²¡,Pear tree twig blight
ÀæÊ÷Ä¾¸¯²¡,Pear tree Schizophyllum rot
ÀæÊ÷¸É¸¯²¡,Pear tree die back
Àæ»ğÒß²¡,Pear tree fire blight
ÀæĞâË®²¡,nan
ÀæĞâ²¡,Pear rust
Àæ°×·Û²¡,Pear tree powdery milde
ÀæÊ÷Òß²¡,Pear Phytophthara crown and root rot
ÀæÌ¿¾Ò²¡,Pear anthracnose
ÀæºÖ°ß²¡,Pear brown spot
Àæ»Ò°ß²¡,Pear phyllosticta leaf spot
ÀæÒ¶Òß²¡,Pear leaf blight and fruit spot
ÀæÂÖÎÆ²¡,Pear perennial canker
ÀæÒßÃ¹²¡,Pear Phytophthora crown and root rot
Àæ¹ûºì·Û²¡,Pear pink rot
ÀæºÚ°ß²¡,Pear black spot
ÀæºÚ¸¯²¡,Pear black rot
ÀæÃºÎÛ²¡,Pear sooty blotch
ÀæºÖ¸¯²¡,Pear brown rot
Àæ°×ÎÆÓğ²¡,Pear tree white root rot
Àæ×ÏÎÆÓğ²¡,Pear purple root rot
Àæ¸ùĞà²¡,Pear clitocybe root rot
ÀæÊ÷¸ù¸¯²¡,Pear tree root rot
ÀæÊ÷¸ù°©²¡,Pear crowngall
ÀæÊ¯¶»²¡,Pear stone pit virus
Àæ»·ÎÆ»¨Ò¶²¡,Pear tree chlorotic leaf spot
ÀæÒ¶Âö»Æ»¯²¡,Pear veinyellows
Àæ¸ù½áÏß³æ²¡,Pear tree root-knot nematode disease
Àæ¹ûÇàÃ¹²¡,Pear blue mold
ÀæÈí¸¯²¡,Pear Mucor fruit rot
Àæ¶¥¸¯²¡,Pear diplodia rot
ÀæÊ÷Ë¥ÍË²¡,Pear tree decline
ÀæÏ¸¾úĞÔ»¨¸¯²¡,Pear tree bacterial blossom blight
ÀæÒ¶Õî²¡,Pear leaf spot
ÀæËõÒ¶²¡,Pear leaf curl
Àæ»ÒÉ«¸àÒ©²¡,Pear gray felt fungus
ÀæÀÃ¹û²¡,Pear fruit rot
ÀæÁÑ¹û²¡,Pear fruit split
Àæ´óÊ³ĞÄ³æ,Pear fruit moth
Àæ³ßó¶,nan
ÀæÏó¼×,Pear curcuclio
ÀæÌú¼×,nan
ÀæÒ¶¼×,nan
Àæ¾íÒ¶Ïó¼×,Hazel leafroller weevil
Ä¢¹½ÂÌÃ¹²¡,Mushroom Trichoderma
Ä¢¹½¾ú¸Ç°ßµã²¡,Mushroom pileus spot disease
Ä¢¹½¸É¸¯²¡,Mushroom dry rot
Ä¢¹½Èí¸¯²¡,Mushroom soft rot
Ä¢¹½Ï¸¾úĞÔ°ßµã²¡,Mushroom bacteroidal spot disease
Ä¢¹½²¡¶¾²¡,Mushroom virus disease
Ä¢¹½Ïß³æ²¡,Mushroom nemathelminthiasis
Ä¢¹½¾úË¿Í½³¤,Mushroom mycelium vain growth
Ä¢¹½»ûĞÎ,Mushroom malformation
Ä¢¹½ËÀ¹½,Mushroom lose plant
À¼ÊÏ²¼Â×òı,nan
ºìÖ©Öë,nan
¶Ì½ÇÌø³æ,nan
ºÚ¸¹¹ûÓ¬,Drosophila melanogaster
²İ¹½ÕÛ³á¾úÎÃ,nan
Ãö¹½³ÙÑÛŞ¦ÎÃ,nan
Æ½¹½À÷ÑÛŞ¦ÎÃ,nan
ÖĞ»ªĞÂŞ¦ÎÃ,nan
¾Â²Ë³ÙÑÛŞ¦ÎÃ,Bradysia odoriphaga
Ê³¾úñ¨ÎÃ,nan
Ğ¡¾úÎÃ,nan
Æ½¹½ÇàÃ¹²¡,Cap fungus blue mould
Æ½¹½Èí¸¯²¡,Cap fungus soft rot
Ë«ÏßÊÈğ¤òÒòõ,Land slug
Æ½¹½²¡¶¾²¡,Cap fungus virus disease
Æ½¹½Î®¹½,Cap fungus withered
Æ½¹½Ó×¹½Î®Ëõ¸É¿İ²¡,Cap fungus bud kraurosis
Ïã¹½ºÖ¸¯²¡,Champignon brown rot
Ïã¹½ÖëÍøË¿Ö¦Ã¹²¡,Champignon Aphanocladium mildew
Ïã¹½ÂÌÃ¹²¡,Champignon green mold
Ïã¹½»ûĞÎ¹½,Champignon deformity
¼¦ÍÈ¹½ºì·Û²¡,Coprinus comatus Thichothecium
¼¦ÍÈ¹½ÂÌÃ¹²¡,Coprinus comatus Thichoderma
¼¦×¦¾ú,Xylaria
¼¦ÍÈ¹½¸ÉÁÑ,Coprinus comatus season check
ĞÓ±«¹½ÇàÃ¹²¡,Pleurotus eryngii Penicillium
ĞÓ±«¹½»ûĞÎ,Pleurotus eryngii deformity
Ä¾Ã¹,Trichoderma
ÇàÃ¹,Penicillium
»ÆÁöæßÃ¹,Sepedonium
¿É±ä·ÛæßÃ¹,Oidium
ºúÌÒÈâ×´¾ú,Dichliomyces
Êø¹£æßÃ¹,Doratomyces
Ö¸æßÃ¹,Dactylium
ÂöæßÃ¹,Neurospora
Õ³¾ú,Myxomycetes
·àÉúÖãÃ¹,Scopulariopsis
¹íÉ¡,Coprinuscomatus
µØÍë¾ú,Peziza
Î÷¹ÏÂû¿İ²¡,Water-melon gummy stem blight
Î÷¹Ï¿İÎ®²¡,Water-melon Fusarium wilt
Î÷¹ÏÌ¿¾Ò²¡,Water-melon anthracnose
Î÷¹ÏÒß²¡,Water-melon Phytophthora blight
Î÷¹ÏË¿ºË¾úÁ¢¿İ²¡,Watermelon Rhizoctonia rot
Î÷¹Ï°ßµã²¡,Water-melon Cercospora leaf spot
Î÷¹ÏÒ¶¿İ²¡,Water-melon Alternaria blight
Î÷¹ÏÃà¸¯²¡,Water-melon damping off
Î÷¹ÏºÖÉ«¸¯°Ü²¡,Water-melon Phytophthora brown rot
Î÷¹ÏºÖ¸¯²¡,Water-melon brown rot
Î÷¹Ï¾úºË²¡,Water-melon Sclerotinia disease
Î÷¹ÏÏ¸¾úĞÔ½Ç°ß²¡,Water-melon bacterial angular spot
Î÷¹ÏÏ¸¾úĞÔ¹û°ß²¡,Water-melon bacterial fruit blotch
Î÷¹Ï²¡¶¾²¡,Water-melon virus disease
Î÷¹ÏÂÌ°ß²µ»¨Ò¶²¡,Watermelon green mottle mosaic
Î÷¹Ï¸ù½áÏß³æ²¡,Watermelon root-knotnematode disease
Î÷¹Ïâ§µ¹²¡,Water-melon damping-off
Î÷¹ÏºÚ°ß²¡,Water-melon black leaf spoot
Î÷¹Ï°×·Û²¡,Watermelon powdery mildew
Î÷¹ÏÁ­µ¶¾ú¸ù¸¯²¡,Watermelon Fusarium root rot
Î÷¹Ï°×¾î²¡,Water-melon Sclerotium blight
Î÷¹ÏÕ³¾ú²¡,nan
Î÷¹ÏÏ¸¾úºÖ°ß²¡,nan
Î÷¹ÏÈ±ËØÖ¢,nan
Î÷¹ÏÒ¶°×¿İ²¡,nan
Î÷¹Ï¿Õ¶´¹ûºÍ±äĞÎ¹û,nan
Î÷¹ÏÅ½¸ù,nan
Î÷¹Ï´ÖÂû²¡,nan
Î÷¹ÏÈâÖÊ¶ñ±ä¹û,nan
Î÷¹ÏÃºÎÛ²¡,Water-melon Cerospora
Î÷¹ÏÆê¸¯²¡,nan
Î÷¹Ï»¯¹Ï,nan
Î÷¹ÏÁÑ¹ûÖ¢×´,Water-melon fruit cracking
Î÷¹ÏÈÕ×Æ,Water-melon suncald
¹Ï¾îÃø,Indian cabbage moth
ºùÂ«Ò¹¶ê,nan
»Æ×ã»ÆÊØ¹Ï,Yellow melon leaf beetle
»Æ×ãºÚÊØ¹Ï,Black yellow legged melon leafbeetle
ÎÂÊÒ°×·ÛÊ­,Greenhouse whitefly
ÃÀÖŞ°ßÇ±Ó¬,Vegetable leafminer
¹ÏÑÁ,Catton aphid
ÑÌ·ÛÊ­,Cotton white fly
²è»Æòı,Yellow tea mite
ÖìÉ°Ò¶òı,Carmine spider mite
»ÆĞØ¼»Âí,Yellow chest thrips
»ª±±ò÷òÁ,nan
Í¬ĞÍ°ÍÎÏÅ£,Smooth top snail
Ò°òÒòõ,Wild slugs
¹µ½ğÕë³æ,Grooved click beetle
Ìğ¹Ï´ó°ß²¡,Muskmelon Alternaria leaf blight
Ìğ¹ÏºÚĞÇ²¡,Muskmelon scab
Ìğ¹Ï°×·Û²¡,Muskmelon powdery milde
Ìğ¹ÏËªÃ¹²¡,Muskmelon downy milde
Ìğ¹ÏÒß²¡,Muskmelon Phytophthora blight
Ìğ¹ÏÈí¸¯²¡,Muskmelon bacterial soft rot
Ìğ¹Ïâ§µ¹²¡,Muskmelon damping off
Ìğ¹ÏÌ¿¾Ò²¡,Muskmelon anthracnose
Ìğ¹ÏÒ¶¿İ²¡,nan
Ìğ¹ÏÂû¿İ²¡,Muskmelon gummy stem blight
Ìğ¹Ï¿İÎ®²¡,Muskmelon Fusarium wilt
Ìğ¹ÏÏ¸¾úĞÔÒ¶¿İ²¡,Muskmelon bacterial leaf spot
Ìğ¹Ï²¡¶¾²¡,Muskmelon virus disease
Ìğ¹ÏÁ¢¿İ²¡,Muskmelon Rhizoctonia rot
Ìğ¹ÏºÚµã¸ù¸¯²¡,nan
Ìğ¹ÏÌ¿¸¯²¡,Muskmelon Macrophomina rot
Ìğ¹ÏÎ®Äè²¡,Muskmelon bacterial wilt
Ìğ¹ÏºÚ°ß²¡,Muskmelon Alternaria spot
Ìğ¹Ïºì·Û²¡,Muskmelon pind mold rot
Ìğ¹ÏË¿ºË¾ú¹û¸¯²¡,Muskmelon Rhizoctonia fruit rot
Ìğ¹ÏÁ­µ¶¾ú¹û¸¯²¡,Muskmelon Fusarium fruit rot
Ìğ¹ÏÏ¸¾úĞÔ½Ç°ß²¡,Muskmelon angular leaf spot
Ìğ¹ÏËúÑí,nan
Ìğ¹ÏÏ¸¾úĞÔÒ¶°ß²¡,nan
Ìğ¹ÏÃºÎÛ²¡,Muskmelon Cerospora
Ìğ¹Ï¹ÏóÇÃ¹¹û¸¯²¡,Muskmelon fruit rot
ÑÌÇà³æ,Tobacco budworm
ÒøÎÆÒ¹¶ê,"Threespotted plusia,Mentha semilooper"
Ìğ²ËÒ¹¶ê,Beet armyworm
»ÆÇúÌõÌø¼×,striped flea beetle
ÂíÁåÊíÆ°³æ,twenty-eight-spotted ladybird£¬Potato lady beetle
·¬ÇÑ°ßÇ±Ó¬,Tomato leafminer
¹ÏÊµÓ¬,Melon fly
ÓÍºùÂ«,Field cricket
ºÚÈŞ½ğ¹ê,Smaller velvety chafer
Æ»¹ûÊ÷¸¯ÀÃ²¡,Apple canker
Æ»¹ûÊ÷¸É¸¯²¡,Apple black fruit rot
Íã¶¹Ì¿¾Ò²¡,Pea anthracnose
Íã¶¹»¨Ò¶²¡,Pea mosaic 
¶¹¸ÑºÚÇ±Ó¬,Soybean fly
Íã¶¹Ï¸¾úĞÔÒ¶°ß²¡,Pea bacterial leaf blight
Íã¶¹²ÊÇ±Ó¬,Vegetable leafminer£¬Pea leaf miner
¶Ë´ó¼»Âí,Peanut thrips
»¨¼»Âí,flower thrips
Íã¶¹Ïó,Pea weevil
Ìõ·äÔµòí,Legume pod bug
ôø¶¹¼ÔÃø,Bean pod borer
¶¹¼Ô°ßÃø,Limabean pod borer
Éö¶¾¶ê,Pear tussock moth
Íã¶¹ĞŞÎ²ÑÁ,Vicia aphid
¶¹ÑÁ,Cowpea aphid
±â¶¹ºÖ°ß²¡,Hyacinth dolichos brown spot
±â¶¹½Ç°ß²¡,Hyacinth dolichos angular leaf spot
±â¶¹»¨¸¯²¡,Hyacinth dolichos blossom rot
±â¶¹Ì¿¾Ò²¡,Hyacinth dolichos anthracnose
±â¶¹¾¥¿İ²¡,Hyacinth dolichos stem blight
±â¶¹Ï¸¾úĞÔÒß²¡,Hyacinth dolichos bacterial common blight
±â¶¹Á¢¿İ²¡,Hyacinth dolichos Rhizoctonia rot
±â¶¹ºì°ß²¡,Hyacinth dolichos Cercospora leaf spot
±â¶¹Ğâ²¡,Hyacinth dolichos rust
±â¶¹ºÚ°ß²¡,Hyacinth dolichos Alternaria blight
±â¶¹°ßµã²¡,Hyacinth dolichos Phyllosticta leaf spot
±â¶¹µ­ºÖ°ß²¡,Hyacinth dolichos Ascochyta blight
±â¶¹ÂÖÎÆ°ß²¡,Hyacinth dolichos zonate spot
±â¶¹ÃàÒß²¡,Hyacinth dolichos brown rot
±â¶¹°×¾î²¡,nan
±â¶¹¿İÎ®²¡,nan
±â¶¹¾úºË²¡,nan
±â¶¹²¡¶¾²¡,nan
±â¶¹Óğ¶ê,bonavist plume moth
±â¶¹Ò¹¶ê,nan
¶¹¾íÒ¶Ãø,Bean leaf webber
²İµØÃø,Beet webworm
ÂÌ¶¹Ïó,Chinese cowpea bruchid
±â¶¹Ğ¡»Òµû,Beam butterfly
»Ò°ÍÎÏÅ£,Taper top snail
²Ï¶¹Ğâ²¡,Broad bean rust
²Ï¶¹ºÖ°ß²¡,Broad bean brown spot
²Ï¶¹³à°ß²¡,Broad bean chocolate spot
²Ï¶¹Òß²¡,Broad Bean Phytophthora blight
²Ï¶¹°×·Û²¡,Broad bean powdery milde
²Ï¶¹¾¥»ù¸¯²¡,Broad bean stem wilt
²Ï¶¹ÓÍºø»ğÖ×²¡,Broad Bean Olpidium blight
²Ï¶¹¸ù¸¯²¡,Broad bean Thielaviopsis root rot
²Ï¶¹¿İÎ®²¡,Broad bean Fusarium wilt
²Ï¶¹Ì¿¾Ò²¡,Broad bean anthracnose
²Ï¶¹ËªÃ¹²¡,Broad bean downy milde
²Ï¶¹¾¥Òß²¡,Broad bean bacterial stem blight
²Ï¶¹ÂÖÎÆ²¡,Broad bean Cercospora leaf spot
²Ï¶¹»ÆÎ®²¡,Broad bean Verticillium wilt
²Ï¶¹Á¢¿İ²¡,Broad bean Rhizoctonia rot
²Ï¶¹¾úºË²¡,Broadbean cottony soft rot
²Ï¶¹Ò¶ÉÕ²¡,Broad bean bacterial leaf blight
²Ï¶¹(BYMV)»¨Ò¶²¡,nan
²Ï¶¹Î®Äè²¡¶¾²¡, Broad bean wilt
²Ï¶¹ºËÅÌ¾ú¾¥¸¯²¡,Bean Sclerotinia ashy-stem blight
²Ï¶¹È¾É«²¡¶¾(BBSV)²¡,nan
°ßÔµ¶¹·Ûµû,Asian pale clouded yellow
²Ï¶¹Ïó,Broadbean weevil
²Ï¶¹ĞŞÎ²ÑÁ,Vicia aphid
»Æ»¨²ËĞâ²¡,nan
»Æ»¨²Ë°×¾î²¡,nan
»Æ»¨²ËÒ¶¿İ²¡,nan
»Æ»¨²ËºÚ°ß²¡,nan
»Æ»¨²ËÌ¿¾Ò²¡,nan
»Æ»¨²ËÃ¹¸Ë²¡,nan
»Æ»¨²Ë¸ù¸¯²¡,nan
»Æ»¨²Ë²¡¶¾²¡,nan
´Ì×ã¸ùòı,nan
èÛè½°×·Û²¡,Lycium powdery mildew
èÛè½Ì¿¾Ò²¡,Lycium anthracnose
èÛè½»Ò°ß²¡,Lycium grey spot
èÛè½¸ù¸¯²¡,Lycium root rot
èÛè½¸ºÄà³æ,Ten-spotted Iema
èÛè½ÑÁ³æ,nan
èÛè½Ä¾Ê­,nan
ÈıµãÃ¤òí,nan
Â«Ëñ¾¥¿İ²¡,nan
Â«Ëñ×Ï°ß²¡,nan
Â«Ëñ¹Ú¸¯²¡,nan
Â«ËñÌ¿¾Ò²¡,nan
Â«ËñÁ¢¿İ²¡,nan
Â«Ëñ»ÒÃ¹²¡,nan
Â«ËñÒ¶¿İ²¡,nan
Â«ËñÒßÃ¹¸ù¸¯²¡,nan
Â«Ëñ°ßµã²¡,nan
Â«Ëñ×ÏÎÆÓğ²¡,nan
Â«Ëñ²¡¶¾²¡,nan
¸ÊÀ¶Ò¹¶ê,Cabbage moth
Õ³³æ,oriental armyworm£¬rice armyworm£¬rice earcutting caterpillar
Ğ¡ÔìÇÅ³æ,Yellow cotton moth
´óÔìÇÅ³æ,Mugwort looper
ÑÇÖŞÓñÃ×Ãø,Asiatic corn borer
ÃÉ¹ÅÍÁÏó,nan
Ê®ËÄµã¸ºÄà¼×,nan
»ÒµØÖÖÓ¬,Seed maggot
Á«Åº¸¯°Ü²¡,Lotus root rhizome rot
Á«ÅºÎ²æßºÖ°ß²¡,Lotus Cercospora leaf spot
Á«ÅººÖÎÆ²¡,Lotus root Alternaria leaf spot
Á«ÅºÌ¿¾Ò²¡,Lotus root anthracnose
Á«ÅºÒ¶Òß²¡,Lotus leaf blight
Á«ÅºÒ¶µãÃ¹ÀÃÒ¶²¡,Lotus Phyllosticta leaf spot
Á«Åº°ôæßºÖ°ß²¡,Lotus brown leaf spot
Á«Åº¼ÙÎ²æßºÖ°ß²¡,Lotus root Pseudocercospora brown spot
Á«ÅºĞ¡¾úºËÒ¶¸¯²¡,Lotus Sclerotium leaf rot
Á«Åº²¡¶¾²¡,nan
Á«çË¹ÜÑÁ,Water lily aphid
Á«Ç±Ò¶Ò¡ÎÃ,lotus lily midge
Üú°×ÎÆ¿İ²¡,Water bamboo sheath blight
Üú°×ÎÁ²¡,Water bamboo Pyricularia leaf spot
Á«Åº¸ù½ğ»¨³æ,rice rootworm
Üú°×ºúÂé°ß²¡,Water bamboo Helminthosporium leaf spot
Üú°×Ğâ²¡,Water bamboo leaf rust
Üú°×ºÚ·Û²¡,Water bamboo rhizome smut
¶ş»¯Ãø,Asiatic rice borer
³¤ÂÌ·ÉÊ­,Green slender planthopper
°×±³·ÉÊ­,White-backed planthopper
»Ò·ÉÊ­,rice planthopper
´È¹ÃºÚ·Û²¡,Arrowhead leaf smut
´È¹Ã°ßÎÆ²¡,Arrowhead Cercospora leaf spot
´È¹ÃºÖ°ß²¡,Arrowhead brown leaf spot
´È¹Ã×êĞÄ³æ,nan
İ©Üù¸Ë¿İ²¡,Chufa stem rot
İ©ÜùÇò¾¥»ÒÃ¹²¡,nan
İ©Üù¿İÎ®²¡,nan
İ©Üù¾¥¸¯²¡,nan
İ©Üù°×ºÌÃø,Mat-rush pyralid
»ÆÉ«°×ºÌÃø,nan
ÖĞ»ªòÆòì,nan
Ä¢¹½ºÖ¸¯²¡,Mushroom tan rot
Ä¢¹½ºÖ°ß²¡,Mushroom tan disease
Ä¢¹½â§µ¹²¡,Mushroom damping off
·ğÊÖ¹ÏÂû¿İ²¡,Chayote Ascochyta stem blight
·ğÊÖ¹ÏÒ¶µã²¡,Chayote Phyllosticta leafspot
¿à¹Ï°×°ß²¡,Balsam pear Cercospora leaf spot
¿à¹Ï°×·Û²¡,Balsam pear powdery milde
¿à¹ÏËªÃ¹²¡,Balsam pear downy milde
¿à¹ÏÌ¿¾Ò²¡,Balsam pear anthracnose
¿à¹ÏÒ¶¿İ²¡,Balsam pear Alternaria blight
¿à¹Ï°ßµã²¡,Balsam pear Phyllosticta leaf spot
¿à¹ÏÒß²¡,Balsam pear Phytophthora blight
¿à¹Ï¿İÎ®²¡,Balsam pear Fusarium wilt
¿à¹Ï¸ù¸¯²¡,Balsam pear Fusarium root rot
¿à¹Ï°×¾î²¡,nan
¿à¹Ïâ§µ¹²¡,nan
¿à¹Ï¾úºË²¡,Balsam pear Sclerotinia rot
¿à¹Ï¸ù½áÏß³æ²¡,Balsam pear root-knot nematode disease
¿à¹Ï»Ò°ß²¡,Balsam pear gray leaf spot
¿à¹ÏÂû¿İ²¡,Balsam pear gummy stem blight
¿à¹ÏÁ¢¿İ²¡,Balsam pear Rhizoetonia rot
¿à¹ÏÏ¸¾úĞÔ½Ç°ß²¡,Balsam pear angular leaf spot
¿à¹Ï²¡¶¾²¡,Balsam pear mosaic disease
¿à¹Ï¸ùÃ¹¹û¸¯²¡,Balsam pear Rhizopus rot
¿à¹ÏÁÑ¹û,nan
²Ë¶¹ºì°ß²¡,Bean Cercospora leaf spot
²Ë¶¹°×¾î²¡,Bean southern blight
²Ë¶¹Ì¿¸¯²¡,Bean charcoal rot
²Ë¶¹¾¥»ù¸¯²¡,Bean Rhizoctonia rot
²Ë¶¹»ÒÃ¹²¡,Bean gray mold
²Ë¶¹ÂÖÎÆ²¡,Bean zonate spot
²Ë¶¹Ğâ²¡,Bean rust
²Ë¶¹Ì¿¾Ò²¡,Bean anthracnose
²Ë¶¹ºÚ°ß²¡,Bean leaf spot
²Ë¶¹¾úºË²¡,Bean Sclerotinia blight
²Ë¶¹ºÖ°ß²¡,Bean Cercospora leaf spot
²Ë¶¹¸ù¸¯²¡,Bean Fusarium root-rot
²Ë¶¹¿İÎ®²¡,Bean Fusarium wilt
²Ë¶¹½Ç°ß²¡,Bean angular leaf spot
²Ë¶¹Ï¸¾úĞÔÒß²¡,Bean bacterial common blight
²Ë¶¹Ï¸¾úĞÔÔÎÒß²¡,Bean bacterial halo-blight
²Ë¶¹»¨Ò¶²¡,Bean virus disease
²Ë¶¹°ßµã²¡,Bean Phyllosticta leaf spot
²Ë¶¹°×·Û²¡,Bean powdery mildo
²Ë¶¹¸¯Ã¹²¡,Bean Pythium rot
²Ë¶¹ÎÛÃº²¡,Bean Cercospora leaf spot
²Ë¶¹¸ùÃ¹Èí¸¯²¡,Bean Rhizopus soft rot
²Ë¶¹(Á´¸ñæß)ºÚ°ß²¡,Bean Alternaria leaf spot
²Ë¶¹Ï¸¾úĞÔÒ¶°ß²¡,Bean bacterial leaf spot
Ï¡µãÑ©µÆ¶ê,White-wing blake-dotted moth
°×Ñ©µÆ¶ê,Snowy-white tiger moth
Ë«°ßÓ©Ò¶¼×,Double-spotted leaf beetle
°ßÇÊ¶¹Ò¶¼×,Bean leaf beetle
¶¹Ò¶òı,Sagami spider mite
½ØĞÎÒ¶òı,Ishil spider mite
ôø¶¹Òß²¡,Co¿ÉÊªĞÔ·Û¼Áea Phytophthora blight
ôø¶¹ÃºÃ¹²¡,Co¿ÉÊªĞÔ·Û¼Áea sooty blotch
ôø¶¹¿İÎ®²¡,Co¿ÉÊªĞÔ·Û¼Áea Fusarium wilt
ôø¶¹Ğâ²¡,Co¿ÉÊªĞÔ·Û¼Áea rust
ôø¶¹°×·Û²¡,Co¿ÉÊªĞÔ·Û¼Áea powdery milde
ôø¶¹°×¾î²¡,Co¿ÉÊªĞÔ·Û¼Áea southern blight
ôø¶¹»ù¸¯²¡,Co¿ÉÊªĞÔ·Û¼Áea Rhizoctonia rot
ôø¶¹¸ù¸¯²¡,Co¿ÉÊªĞÔ·Û¼Áea Fusarium root rot
ôø¶¹»ÒÃ¹²¡,Co¿ÉÊªĞÔ·Û¼Áea gray mold
ôø¶¹ºÖ°ß²¡,Co¿ÉÊªĞÔ·Û¼Áea brown leaf spot
ôø¶¹ºì°ß²¡,Co¿ÉÊªĞÔ·Û¼Áea Cercospora leaf spot
ôø¶¹¾úºË²¡,Co¿ÉÊªĞÔ·Û¼Áea Sclerotinia blight
ôø¶¹°ß¿İ²¡,Co¿ÉÊªĞÔ·Û¼Áea Septoria leaf spot
ôø¶¹Á¢¿İ²¡,Co¿ÉÊªĞÔ·Û¼Áea Rhizoctonia rot
ôø¶¹¸ù½áÏß³æ²¡,Co¿ÉÊªĞÔ·Û¼Áea root-knot nematode disease
ôø¶¹Ï¸¾úĞÔÒß²¡,Co¿ÉÊªĞÔ·Û¼Áea bacterial common blight
ôø¶¹Ì¿¾Ò²¡,Co¿ÉÊªĞÔ·Û¼Áea anthracnose
ôø¶¹ÂÖÎÆ²¡,Co¿ÉÊªĞÔ·Û¼Áea zonate leaf spot
ôø¶¹½Ç°ß²¡,Co¿ÉÊªĞÔ·Û¼Áea angular leaf spot
ôø¶¹¾¥¿İ²¡,Co¿ÉÊªĞÔ·Û¼Áea ashy-stem blight
ôø¶¹»Ò°ß²¡,Co¿ÉÊªĞÔ·Û¼Áea Corynespora leaf spot
ôø¶¹²¡¶¾²¡,Co¿ÉÊªĞÔ·Û¼Áea mosaic
ôø¶¹Àà¾úÔ­Ìå´ÔÖ¦²¡,Co¿ÉÊªĞÔ·Û¼Áea witches¡¯broom
Ã«¶¹Ğâ²¡,Young soya bean rust
Ã«¶¹Ò¶°ß²¡,Young soya bean leaf spot
Ã«¶¹Òß²¡,Young soya bean Phytophthora blight
ºìÔµµÆ¶ê,Red-costate tiger moth
¶¹¸ËºÚÇ±Ó¬,Soybean fly
É¸¶¹¹êòí,Globular stink bug
¶¹Í»ÑÛ³¤òí,Small bean bug
Ã«¶¹ºÖ°ß²¡,Young soya bean brown leaf spot
Ã«¶¹ºÚ°ß²¡,Young soya bean Alternaria leaf spot
Ã«¶¹»Ò°ß²¡,Young soya bean Cercospora leaf spot
Ã«¶¹ËªÃ¹²¡,Young soya bean downy milde
Ã«¶¹°Òµã²¡,Young soya bean Corynespora leaf spot
Ã«¶¹Ì¿¾Ò²¡,Young soya bean anthracnose
Ã«¶¹¸ù¸¯²¡,Young soya bean Fusarium root rot
Ã«¶¹¼Ô¿İ²¡,Young soya bean pod rot
Ã«¶¹³àÃ¹²¡,Young soya bean Fusarium blight
Ã«¶¹¿İÎ®²¡,Young soya bean Fusarium wilt
Ã«¶¹Ï¸¾ú°ßÕî²¡,Young soya bean bacterial pustule
Ã«¶¹²¡¶¾²¡,Young soya bean mosaic
Ã«¶¹æßÄÒÏß³æ²¡,nan
Ã«¶¹¾úºË²¡,Young soya bean sclertiniose
Ã«¶¹â§µ¹²¡,Soybean damping off
Ã«¶¹Á¢¿İ²¡,Soybean soreshin blight
Ã«¶¹ºÚµã²¡,Soybean black spot
Ã«¶¹ÂÖÎÆ²¡,Soybean zonate spot
Ã«¶¹°×·Û²¡,Young soya bean powdery milde
Ã«¶¹»ÒĞÇ²¡,Young soya bean Phyllosticta leaf spot
Ã«¶¹¾¥¿İ²¡,nan
Ã«¶¹¾úºËÒß²¡,Young soya bean sclerotium rot
Ã«¶¹Ãº°ß²¡,Young soya bean sooty blotch
Ã«¶¹Ï¸¾úĞÔ°ßµã²¡,Soybean bacterial blight disease
Ã«¶¹È±¼Ø,nan
Ã«¶¹ĞßÎ®²¡,nan
Ã«¶¹×Ï°ß²¡,Young soya bean purple blotch
Ã«¶¹×ØÉ«Ò¶°ß²¡,Young soya bean Macrophoma leaf spot
Íã¶¹ºÖ°ß²¡,Pea Ascochyta blight
Íã¶¹ºÖÎÆ²¡,Pea Mycosphaerella blight
Íã¶¹ËªÃ¹²¡,Pea downy milde
Íã¶¹°×·Û²¡,Pea powdery milde
Íã¶¹»Æ¶¥²¡,Pea yellow top virus
Íã¶¹»ù¸¯²¡,Pea Rhizoctonia rot
Íã¶¹ºÚ¸ù²¡,Pea Aphanomyces root rot
Î÷ºùÂ«»ÒÃ¹²¡,Summer squash gray mold
Î÷ºùÂ«¿İÎ®²¡,Summer squash Fusarium wilt
Î÷ºùÂ«Âû¿İ²¡,Summer squash gummy stem blight
Î÷ºùÂ«Ãà¸¯²¡,Summer squash damping off
Î÷ºùÂ«¾úºË²¡,Vegetable marrow Sclerotinia  fruit  rot
Î÷ºùÂ«ºÖ¸¯²¡,Summer squash brown rot
Î÷ºùÂ«Èí¸¯²¡,Summer squash bacterial soft rot
Î÷ºùÂ«²¡¶¾²¡,Summer squash virus disease
Î÷ºùÂ«ÇúÃ¹²¡,Summer squash Aspergillus rot
Î÷ºùÂ«Á­µ¶¾ú¹û¸¯²¡,Summer squash Fusarium fruit rot
Î÷ºùÂ«ÈÕ×Æ²¡,Summer squash suncald
Î÷ºùÂ«»ûĞÎ¹Ï,nan
Î÷ºùÂ«»¯¹Ï,Summer squash physiological abortion
¶¬¹Ï°×·Û²¡,Chinese waxgourd powdery milde
¶¬¹ÏºÚĞÇ²¡,nan
¶¬¹ÏËªÃ¹²¡,Chinese waxgourd downy milde
¶¬¹ÏºÖ°ß²¡,Chinese waxgourd Corynespora leaf spot
¶¬¹ÏÌ¿¾Ò²¡,Chinese waxgourd anthracnose
¶¬¹ÏÒ¶°ß²¡,Chinese waxgourd leaf spot
¶¬¹ÏÒß²¡,Chinese waxgourd Phytophthora blight
¶¬¹Ï¿İÎ®²¡,Chinese waxgourd Fusarium wilt
¶¬¹ÏÂû¿İ²¡,Chinese waxgourd gummy stem blight
¶¬¹ÏºÖ¸¯²¡,Chinese waxgourd brown rot
¶¬¹ÏÃà¸¯²¡,nan
¶¬¹ÏÏ¸¾úĞÔ½Ç°ß²¡,Chinese waxgourd angular leaf spot
¶¬¹ÏÈí¸¯²¡,Chinese waxgourd bacterial soft rot
¶¬¹Ï(Ò¶µãÃ¹)Ò¶°ß²¡,Chinese waxgourd Phyllosticta leaf spot
¶¬¹ÏÈÕ×Æ²¡,Chinese waxgourd sunscald
¶¬¹ÏÁÑ¹û,nan
¶¬¹Ï²¡¶¾²¡,Chinese waxgourd mosaic disease
¶¬¹Ï»Ò°ß²¡,Chinese waxgourd gray leaf spot
¶¬¹ÏÁ¢¿İ²¡,Chinese waxgourd Rhizoctonia rot
¶¬¹ÏºÚ°ß²¡,Chinese waxgourd Alternaria blight
¶¬¹ÏÃàÒß²¡,nan
¶¬¹Ï¾úºË²¡,Chinese waxgourd Sclerotinia rot
¶¬¹ÏÅ½¸ù,nan
¶¬¹Ï¸ù¸¯²¡,Chinese waxgourd root rot
»Æ¼»Âí,Honeysuckle thrips
ğ­¹ÏËªÃ¹²¡,Clavated calabash downy milde
ğ­¹Ï°×·Û²¡,Clavated calabash powdery milde
ğ­¹ÏÌ¿¾Ò²¡,Clavated calabash anthracnose
ğ­¹Ï»ÒÃ¹²¡,Clavated calabash gray mold
ğ­¹Ï¿İÎ®²¡,Clavated calabash gourd Fusarium wilt
ğ­¹ÏºÖ¸¯²¡,Clavated calabash brown rot
ğ­¹ÏÃà¸¯²¡,Clavated calabash cottony leak
ğ­¹ÏÏ¸¾úĞÔ½Ç°ß²¡,Clavated calabash angular leaf spot
ğ­¹ÏºÖ°ß²¡,Clavated calabash Cercospora leaf spot
ğ­¹ÏÂû¿İ²¡,Clavated calabash gummy stem blight
ğ­¹Ï²¡¶¾²¡,Clavated calabash virus disease
ğ­¹Ï¹û°ß²¡,Clavated calabash fruit blotch
ğ­¹ÏÃºÎÛ²¡,Clavated calabash Cerospora
ğ­¹Ï»¯¹Ï,Clavated calabash physiological abortion
Ë¿¹ÏËªÃ¹²¡,Vegetable sponge downy milde
Ë¿¹Ï°×·Û²¡,Vegetable sponge powdery milde
Ë¿¹Ï°×°ß²¡,Vegetable sponge Cercospora leaf spot
Ë¿¹Ï¿İÎ®²¡,Vegetable sponge Fusarium wilt
Ë¿¹ÏÂû¿İ²¡,Vegetable sponge gummy stem blight
Ë¿¹ÏÃà¸¯²¡,Vegetable sponge cottony leak
Ë¿¹ÏÏ¸¾úĞÔ½Ç°ß²¡,Vegetable sponge angular leaf spot
Ë¿¹Ï²¡¶¾²¡,Vegetable sponge mosaic disease
Ë¿¹ÏÌ¿¾Ò²¡,Vegetable sponge anthracnose
Ë¿¹ÏºÖ°ß²¡,Vegetable sponge leaf spot
Ë¿¹ÏÒß²¡,Vegetable sponge Phytophthora blight
Ë¿¹ÏÂÖÎÆ°ß²¡,Vegetable sponge Diplodia leaf spot
Ë¿¹Ï¹û¸¯²¡,Vegetable sponge Rhizopus fruit rot
Ë¿¹Ï¸ù½áÏß³æ²¡,Vegetable sponge root-nematode disease
Ë¿¹Ï»¯¹Ï,Vegetable sponge abortion
½Ú¹Ï¼»Âí,Palm thrips
ÄÏ¹ÏºÚĞÇ²¡,Pumpkin scab
ÄÏ¹ÏÒß²¡,Pumpkin Phytophthora rot
ÄÏ¹Ï°×·Û²¡,Pumpkin powdery milde
ÄÏ¹Ï¿İÎ®²¡,Pumpkin Fusarium wilt
ÄÏ¹Ï°×¾î²¡,Pumpkin southern blight
ÄÏ¹Ï²¡¶¾²¡,Pumpkin mosaic disease
ÄÏ¹Ï°ßµã²¡,Pumpkin leaf spot
ÄÏ¹ÏËªÃ¹²¡,Pumpkin downy milde
ÄÏ¹Ï½Ç°ß²¡,Pumpkin angular leaf spot 
ÄÏ¹Ï»Ò°ß²¡,Pumpkin Cercospora leaf spot
ÄÏ¹ÏºÚ°ß²¡,Pumpkin Alternaria black spot
ÄÏ¹ÏÌ¿¾Ò²¡,Pumpkin anthracnose
ÄÏ¹ÏÂû¿İ²¡,Pumpkin gummy stem blight
ÄÏ¹Ï¸ù½áÏß³æ²¡,Pumpkin root-knot nematode disease
ÄÏ¹Ï°ß¿İ²¡,pumpkin spot blight
ÄÏ¹Ï¸ùÃ¹¹û¸¯²¡,Summer squash Rhizopus rot
ÄÏ¹ÏºÖ¸¯²¡,Pumpkin brown rot
ÄÏ¹ÏÏ¸¾úĞÔÔµ¿İ²¡,Pumpkin marginal blight
ÄÏ¹ÏÒøÒ¶²¡,Pumpkin silverleaf disease
ÄÏ¹Ï»¯¹Ï,Pumpkin physiological abortion
·Éµú¹Ï²¡¶¾²¡,UFO squash mosaic disease
·Éµú¹Ï¸ùÃ¹¹û¸¯²¡,UFO squash Rhizopus rot
·Éµú¹ÏºÖ¸¯²¡,nan
·Éµú¹Ï»ÒÃ¹²¡,UFO squash gray mold
·Éµú¹Ï¿İÎ®²¡,UFO squash Fusarium wilt
·Éµú¹ÏÂû¿İ²¡,UFO squash stem blight
·Éµú¹ÏÆê¸¯²¡,UFO squash blossom end rot
·Éµú¹ÏÈí¸¯²¡,UFO squash bacterial soft rot
·Éµú¹Ï»¯¹Ï,UFO squash abortion
·ğÊÖ¹Ï°×·Û²¡,Chayote powdery milde
·ğÊÖ¹Ï¿İÎ®²¡,Chayote Fusarium wilt
À±½·¿İÎ®²¡,Pepper Fusarium wilt
À±½·â§µ¹²¡,Pepper damping off
À±½·Á¢¿İ²¡,Pepper Rhizoctonia rot
À±½·¸ù¸¯²¡,Pepper root rot
À±½·°×¾î²¡,Pepper Sclerotium blight
À±½·»ÆÎ®²¡,Pepper Verticillium wilt
À±½·Ï¸¾úĞÔÒ¶°ß²¡,Pepper bacterial leaf spot
À±½·Çà¿İ²¡,Pepper southern bacterial wilt
À±½·´¯ğè²¡,Pepper bacterial spot
À±½·Èí¸¯²¡,Pepper soft rot
À±½·²¡¶¾²¡,Pepper mosaic virus disease
À±½·Ò¶¿İ²¡,Pepper Stemphylium leaf blight
À±½·°×°ß²¡,Pepper Stemphylium leaf spot
À±½·ËªÃ¹²¡,Pepper downy milde
À±½·¿İ¶¥²¡¶¾²¡,Sweet peper and Peper top blight virus
À±½·×Ï°ß²¡,Pepper cyanidine
À±½·¡°»¢Æ¤¡±²¡,nan
À±½·ÈÕ×Æ²¡,Pepper sunscald
À±½·ÃçÆÚÅ½¸ù,nan
À±½·µÍÎÂÀäº¦ºÍ¶³º¦,Pepper chilling and freezing injury
À±½·¸ßÎÂ²¡,Pepper high temperature injury
ÇÑÎŞÍøÑÁ,nan
À±½·ÊµÓ¬,solanum fruit fly
ÇÑ×Ó°×·Û²¡,Eggplant powdery mildew
ÇÑ×ÓÔçÒß²¡,Eggplant early blight
ÇÑ×Ó°ôæßÒ¶°ß²¡,Eggplant Corynespora leaf spot
ÇÑ×ÓºÖÎÆ²¡,Eggplant Phomopsis rot
ÇÑ×ÓÒ¶Ã¹²¡,Eggplant Fulvia leaf mold
ÇÑ×Ó»ÒÃ¹²¡,Eggplant gray mold
ÇÑ×Ó¾úºË²¡,Eggplant Sclerotinia rot
ÇÑ×ÓÌ¿¾Ò²¡,Eggplant anthracnose
ÇÑ×ÓºÚ°ß²¡, Eggplant black spot 
ÇÑ×Ó°×¾î²¡,Eggplant Sclerotium blight
ÇÑ×ÓºÖÉ«Ô²ĞÇ²¡,Eggplant Cercospora leaf spot
ÇÑ×ÓÃàÒß²¡,Eggplant Phytophthora rot
ÇÑ×Óâ§µ¹²¡,Eggplant damping-off
ÇÑ×Ó¸ù¸¯²¡,Eggplant root rot
ÇÑ×Ó»ÆÎ®²¡,Eggplant Verticillium wilt
ÇÑ×ÓÇà¿İ²¡,Eggplant southern bacterial wilt
ÇÑ×ÓÈí¸¯²¡,Eggplant soft rot
ÇÑ×Ó²¡¶¾²¡,Eggplant mosaic virus disease
ÇÑ×Ó°ß¿İ²¡,Eggplant Septoria spot
ÇÑ×Ó½»Á´æß¹û¸¯²¡,Eggplant Alternaria fruit rot
ÇÑ×Ó°ßÎ®²¡¶¾²¡,Eggplant spotted wilt virus
ÇÑ¸ù½áÏß³æ²¡,Eggplant root-knot nematode disease
ÇÑ×ÓºÖ°ß²¡,Eggplant Phyllosticta brown leaf spot
ÇÑ×ÓºÚ¿İ²¡,Eggplant black rot
ÇÑ×ÓÄâºÚ°ß²¡,Eggplant black spot
ÇÑ×Ó³àĞÇ²¡,Eggplant Septoria leaf spot
ÇÑ×ÓÏ¸ÂÖÎÆ²¡,Eggplant Phoma leaf spot
ÇÑ×ÓºÖÂÖÎÆ²¡,Eggplant Ascochyta leaf spot
ÇÑ×ÓÃº°ß²¡,Eggplant Pseudocercospora leaf spot
ÇÑ×Óºì¸¯²¡,Eggplant Fusarium rot
ÇÑ×Ó¹ûÊµÒß²¡,Eggplant Phtyophthora fruit rot
ÇÑ×Ó»¨¸¯²¡,Eggplant Choanephora blossom rot
ÇÑ×ÓºÚ¸ùÃ¹¹û¸¯²¡,Eggplant Rhizopus fruit rot
ÇÑ×Ó¿İÎ®²¡,Eggplant Fusarium wilt
ÇÑ×ÓºÚµã¸ù¸¯²¡,Eggplant black-dot root rot
ÇÑ×ÓÏ¸¾úĞÔºÖ°ß²¡,Eggplant necrotic leaf spot
ÇÑ×ÓÁÑ¹û,Eggplant cracking fruit
ÇÑ×Ó»ûĞÎ»¨,nan
ÇÑ×Ó×ÅÉ«²»Á¼,nan
ÇÑ×ÓÂä»¨,Eggplant deflorating
ÇÑ×Ó½©¹û,Eggplant stiff fruit
ÇÑ×Ó»ûĞÎ¹û,Eggplant malformed fruit
ÇÑ×ÓµÍÎÂÕÏ°­,Eggplant low temperature injury
ÇÑ×ÓÈ±ËØÖ¢,nan
ÇÑ»Æ°ßÃø,Eggplant borer
ÇÑ¶şÊ®°ËĞÇÆ°³æ,Eggplant lady beetle
ÜÙŞ£Ò¹¶ê,flax budworm
»ÆÁìÂéÎÆµÆ¶ê,Mulberry tiger moth
ÇÑÔéÌø¼×,nan
»Æ¹ÏÅ½¸ù,Cucumber steeping root
»Æ¹Ï°×¾î²¡,Cucumber southern blight
»Æ¹ÏÒ¶°ß²¡,Cucumber leaf spot
»Æ¹ÏËªÃ¹²¡,Cucumber downy milde
»Æ¹ÏÒß²¡,Cucumber Phytophthora blight
»Æ¹ÏºÚĞÇ²¡,Cucumber scab
»Æ¹Ï°×·Û²¡,Cucumber powdery milde
»Æ¹ÏºÚ°ß²¡,Cucumber Alternaria blight
»Æ¹Ï°Ğ°ß²¡,Cucumber Corynespora target leaf spot
»Æ¹Ï»ÒÉ«Òß²¡,Cucumber Phytophthora rot
»Æ¹Ïºì·Û²¡,Cucumber pink mold rot
»Æ¹ÏÔ²Ò¶¿İ²¡,Cucumber circle leaf blight
»Æ¹Ï¿İÎ®²¡,Cucumber Fusarium wilt
»Æ¹ÏÂû¿İ²¡,Cucumber gummy stem blight
»Æ¹Ïâ§µ¹²¡,Cucumber damping off
»Æ¹ÏÁ¢¿İ²¡,Cucumber Rhizoctonia rot
»Æ¹Ï¾úºË²¡,Cucumber Sclerotinia rot
»Æ¹ÏÏ¸¾úĞÔ½Ç°ß²¡,Cucumber angular leaf spot
»Æ¹Ï¸ù½áÏß³æ²¡,Cucumber root-knot nematode disease
»Æ¹ÏÌ¿¾Ò²¡,Cucumber anthracnose
»Æ¹Ï»ÒÃ¹²¡,Cucumber gray mold
»Æ¹Ï¸ù¸¯²¡,Cucumber Fusarium root rot
»Æ¹ÏÏ¸¾úĞÔÔµ¿İ²¡,Cucumber marginal blight
»Æ¹ÏÏ¸¾úĞÔ¿İÎ®²¡,Cucumber bacterial wilt
»Æ¹Ï²¡¶¾²¡,Cucumber mosaic disease
»Æ¹Ï°ßµã²¡,Cucumber leaf blotch
»Æ¹ÏÓ×Ãç¸¯Ã¹¸ù¸¯²¡,Cucumber seedling Pythium root rot
»Æ¹ÏÒ¶µãÃ¹Ò¶°ß²¡,Cucumber Phyllosticta leaf spot
»Æ¹Ï»¨¸¯²¡,Cucumber blossom blight
»Æ¹ÏÈí¸¯²¡,Cucumber bacterial soft rot
»Æ¹ÏÏ¸¾úĞÔÔ²°ß²¡,Cucumber bacterial round spot
»Æ¹ÏÂÌ°ß»¨Ò¶²¡,Cucumber green mottle
»Æ¹ÏÕæ»¬ÈĞÏß³æ²¡,nan
»Æ¹ÏÒ¶ÉÕ²¡,Cucumber leaf burn
»Æ¹ÏÉúÀíĞÔÎ®Äè,Cucumber non-infectious wilt
»Æ¹ÏÒ¶Æ¬¼±ĞÔµ÷Î®,Cucumber acute leaf wilt
»Æ¹Ï¸ßÎÂÕÏ°­,Cucumber high temperature injury
»Æ¹ÏÅİÅİ²¡,nan
»Æ¹ÏÆğËª¹ûºÍÁÑ¹û,nan
»Æ¹ÏÈ±ËØÖ¢,nan
»Æ¹Ï»Æ»¯Ò¶,nan
»Æ¹Ï½¹±ßÒ¶,nan
»Æ¹Ï»¨°ßÒ¶,Cucumber blotch leaf
»Æ¹Ï»ûĞÎ¹ÏºÍ¿àÎ¶¹Ï,nan
»Æ¹Ï»¨´ò¶¥,Cucumber blossom top
»Æ¹Ï»¯¹Ï,Cucumber abortion
»Æ¹ÏµÍÎÂÕÏ°­,Cucumber low temperature injury
»Æ¹ÏºÖÂöÒ¶,Cucumber brown vein
»Æ¹Ï¹ÏÀĞ,Cucumber ¡°little¡± fruit
»Æ¹ÏÃç¡°´÷Ã±¡±,Cucumber seedling ¡°cap¡±
Î÷ºùÂ«ºÚĞÇ²¡,Summer squash scab
Î÷ºùÂ«°×·Û²¡,Summer squash powdery milde
Î÷ºùÂ«Ì¿¾Ò²¡,Vegetable marrow anthracnose
Î÷ºùÂ«ºÖ°ß²¡,Summer squash Cercospora leaf spot
Ş³²Ë¸¯°Ü²¡,Waterspinach Rhizoctonia rot
Ş³²Ë²¡¶¾²¡,nan
Ş³²ËÌ¿¾Ò²¡,Waterspinach anthracnose
Ş³²ËÏ¸¾úĞÔÒ¶¿İ²¡,Waterspinach bacterual leaf blight
¸ÊÊíÂó¶ê,Sweetpotato leaf-folder
¸ÊÊíÌì¶ê,Sweetpotato hornworm
¸ÊÊíĞ¤Ò¶¼×,Sweetpotato leaf beetle
ÜîÏã¾úºË²¡,Fennel Sclerotinia stem rot
ÜîÏãËªÃ¹²¡,Fennel downy milde
ÜîÏã¿İÎ®²¡,Fennel Fusarium wilt
ÜîÏãâ§µ¹²¡,Fennel damping off
ÜîÏãÁ¢¿İ²¡,Fennel Rhizoctonia rot
ÜîÏã°×·Û²¡,Fennel powdery milde
ÜîÏã»Ò°ß²¡,Fennel gray spot
ÜîÏãÏ¸¾úĞÔÒß²¡,Fennel bacterial common blight
ÜîÏã²¡¶¾²¡,Fennel virus disease
ÜîÏãİËË¿×ÓÎ£º¦,nan
ÜîÏã·ïµû,Yellow swallowtail bottomerfly
³àÌõòí,Red-striped stink bug
ÜíİïÒ¶¿İ²¡,Garden chrysanthemum leaf blight
ÜíİïÌ¿¾Ò²¡,Garden chrysanthemum anthracnose
ÜíİïËªÃ¹²¡,Garden chrysanthemum downy milde
ÜíİïÒ¶°ß²¡,Garden chrysanthemum Phyllosticta leaf spot
ÜíİïÁ¢¿İ²¡,Crowndaisy chrysanthemum Rhizoctonia rot
Üíİï¾úºË²¡,Crowndaisy chrysanthemum Sclerotinia disease
ÜíİïÏ¸¾úĞÔÎ®Äè²¡,nan
Üíİï²¡¶¾²¡,Garden chrysanthemum virus disease
²Ë·Ûµû,Cabbage butterfly
²ËÃø,Cabbage webworm
Ğ¡²Ë¶ê,Diamondback moth
ÏãÇÛ»¨Ò¶²¡,Parsley mosaic disease
ÏãÇÛÈí¸¯²¡,Parsley bacterial soft rot
ÏãÇÛ°ß¿İ²¡,Parsley late blight
ÏãÇÛÒ¶°ß²¡,Parsley early blight
ÏãÇÛ¸ù¸¯²¡,Parsley early Fusarium root rot
ÏãÇÛ°×»¯±äÒì,Parsley moisture stress
Ü¾İ´Á¢¿İ²¡,Coriander Rhizoctonia rot
Ü¾İ´»ÒÃ¹²¡,Coriander gray mold
Ü¾İ´Ï¸¾úĞÔÒß²¡,Coriander bacterial common blight
Ü¾İ´»¨Ò¶²¡¶¾²¡,nan
ÏãÇÛ¸ù½áÏß³æ²¡,Parsley root-knot nematode
ÏãÇÛ·Êº¦,Parsley fertilizer iniury
Ü¾İ´Ò¶°ß²¡,Coriander leaf spot
Ü¾İ´¾úºË²¡,Coriander Sclerotinia rot
Ü¾İ´Öê¸¯²¡,Coriander Fusarium rot
Ü¾İ´°×·Û²¡,Coriander powdery milde
Ü¾İ´Èí¸¯²¡,Coriander bacterial soft rot
Ò¶½æ²ËºÚ°ß²¡,Leafmustard Alternaria leaf spot
Ò¶½æ²ËºÚ¸¯²¡,Leafmustard black rot
Ò¶½æ²ËËªÃ¹²¡,Leafmustard downy milde
·¬ÇÑÔçÒß²¡,Tomato early blight
·¬ÇÑÍíÒß²¡,Tomato late blight
·¬ÇÑÒ¶Ã¹²¡,Tomato leaf mold
·¬ÇÑ»ÒÒ¶°ß²¡,Tomato grey leaf spot
·¬ÇÑ»Ò°ß²¡,Tomato grey spot
·¬ÇÑÃºÎÛ²¡,Tomato sooty blotch
·¬ÇÑ°×·Û²¡,Tomato powdery milde
·¬ÇÑ°ß¿İ²¡,Tomato Septoria leaf spot
·¬ÇÑÃºÃ¹²¡,Tomato Cercospora leaf mold
·¬ÇÑÖ¥Âé°ß²¡,Tomato Helminthosporium leafspot
·¬ÇÑ»ÒÃ¹²¡,Tomato gray mold
·¬ÇÑ°×¾î²¡,Tomato southern blight
·¬ÇÑºÚ°ß²¡,Tomato nail head spot
·¬ÇÑ¼ÙºÚ°ß²¡,Tomato Alternaria black leaf spot
·¬ÇÑÃà¸¯²¡,Tomato cottony leak
·¬ÇÑÃàÒß²¡,Tomato brown rot
·¬ÇÑÁ­µ¶¾ú¹û¸¯²¡,Tomato Fusarium fruit rot
·¬ÇÑËá¸¯²¡,Tomato water soft rot
·¬ÇÑºì·Û²¡,Tomato pink-mold rot
·¬ÇÑâ§µ¹²¡,Tomato damping-off
·¬ÇÑÁ¢¿İ²¡,Tomato Rhizoctonia rot
·¬ÇÑ¿İÎ®²¡,Tomato Fusarium wilt
·¬ÇÑ¾¥»ù¸¯²¡,Tomato basal stem rot
·¬ÇÑ´ÔÖ¦²¡,Tomato witches broom disease
·¬ÇÑ¾úºË²¡,Tomato stem rot
·¬ÇÑ¼Ùµ¥°û¹û¸¯²¡,Tomato bacterial fruit rot
·¬ÇÑ»ÆÎ®²¡,Tomato Verticillium wilt
·¬ÇÑÒßÃ¹¸ù¸¯²¡,Tomato Phytophthora root rot
·¬ÇÑÏ¸¾úĞÔ°ßÕî²¡,Tomato bacterial leaf spot
·¬ÇÑÀ£Ññ²¡,Tomato bacterial canker
·¬ÇÑÇà¿İ²¡,Tomato bacterial wilt
·¬ÇÑ´¯ğè²¡,Tomato bacterial scab
·¬ÇÑÏ¸¾úĞÔËè²¿»µËÀ²¡,Tomato bacterial pith necrosis
·¬ÇÑÈí¸¯²¡,Tomato soft rot
·¬ÇÑÌõ°ß²¡¶¾²¡,Tomato streak virus disease
·¬ÇÑ°ßÎ®²¡¶¾²¡,Tomato spotted wilt virus disease
·¬ÇÑŞ§Ò¶²¡¶¾²¡,Tomato brake leaf virus disease
·¬ÇÑ»¨Ò¶²¡¶¾²¡,Tomato mosaic virus disease
·¬ÇÑ¸ù½áÏß³æ²¡,Tomato root-knot nematode disease
·¬ÇÑ°ßµã²¡,nan
·¬ÇÑ(Ùé±úÃ¹)°ßµã²¡,Tomato Corynespora leaf spot
·¬ÇÑË¿ºË¾ú¹û¸¯²¡,nan
·¬ÇÑ¹ûÊµÅ£ÑÛ¸¯²¡,Tomato Phytophthora fruit rot
·¬ÇÑÆê¸¯²¡,Tomato navel rot
·¬ÇÑ½î¸¯²¡,Tomato striped rot
·¬ÇÑÌ¿¾Ò²¡,Tomato anthracnose
·¬ÇÑÔ²ÎÆ²¡,Tomato fruit rot
·¬ÇÑ¸ùÃ¹¹û¸¯²¡,Tomato Rhizopus fruit rot
·¬ÇÑÇàÃ¹¹û¸¯²¡,Tomato blue mold fruit rot
·¬ÇÑ¾¥¿İ²¡,Tomato stem blight
·¬ÇÑºÖÉ«¸ù¸¯²¡,nan
·¬ÇÑºÚµã¸ù¸¯²¡,Tomato black¡ª¡ªdot root rot
·¬ÇÑÇú¶¥²¡¶¾²¡,Tomato curly top virus disease
·¬ÇÑ¾ŞÑ¿²¡,Tomato big-bud virus disease
·¬ÇÑÁÑ¹û,Tomato cracking fruit
·¬ÇÑ±äĞÎ¹û,Tomato deformed fruit
·¬ÇÑ»ûĞÎ¹û,nan
·¬ÇÑ¶¥ÁÑ¹û,Tomato cracking fruit apex
·¬ÇÑ»ûĞÎ»¨,Tomato deformed flower
·¬ÇÑ¿Õ¶´¹û,Tomato empty fruit
·¬ÇÑ2£¬4¡ªDÒ©º¦,Tomato 2£¬4¡ªD injury
·¬ÇÑÁ¬×÷ÕÏ°­,Tomato continuous cropping injury
À±½·Ãà¸¯²¡,Pepper soft stale disease
À±½·ºÖ¸¯²¡,Pepper brown rot
·¬ÇÑÉúÀíĞÔ¾íÒ¶²¡,Tomato non-infectious leaf roll
·¬ÇÑÑ¿¿İ²¡,nan
·¬ÇÑµÍÎÂÕÏ°­ºÍ¶³º¦,Tomato low-temperature injury and freezing injury
·¬ÇÑ¸ßÎÂÕÏ°­,Tomato high-temperature injury
·¬ÇÑÈ±ËØÖ¢,nan
·¬ÇÑ·Êº¦,nan
·¬ÇÑ²èÉ«¹ûºÍÂÌ±³¹û,Tomato dark brown fruit and green back fruit
·¬ÇÑÏ¸¾úĞÔºÖ°ß²¡,Tomato bacterial leaf spot
·¬ÇÑÍø½î¹û,nan
·¬ÇÑÂä»¨Âä¹û,Tomato blossom and fruit drop
À±½·°ß¿İ²¡,Pepper Septoria leaf spot
À±½·°×ĞÇ²¡,Pepper Phyllosticta blight
À±½·Òß²¡,Pepper Phytophthora blight
À±½·ÔçÒß²¡,Pepper early blight
À±½·ºÖ°ß²¡,Pepper brown leaf spot
À±½·»ÒÃ¹²¡,Pepper gray mold
À±½·¾úºË²¡,Pepper Sclerotinia rot
À±½·Ì¿¾Ò²¡,Pepper anthracnose
À±½·ºÚ°ß²¡,Pepper black fruit spot
À±½·»Æ»¯Ìõ°ß²¡¶¾²¡,Sweet peper and Peper spotted wilt virus disease
À±½·ÜÙŞ£»¨Ò¶²¡¶¾²¡,Sweet pepper and Pepper alfalfa mosaic virus disease
À±½·´ÔÖ¦²¡,Pepper witches' broom
À±½·Æê¸¯²¡,Pepper blossom end rot
À±½·ºÚÃ¹²¡,Pepper black fruit mould
À±½·ÎÛÃ¹²¡,Pepper Cladosporium grease (leaf)mold
À±½·Ò¶Ã¹²¡,Pepper leaf mold
À±½·°×·Û²¡,Pepper powdery milde
À±½·Ñ¿Ö¦¹û¸¯²¡,Pepper Cladosporium fruit rot
²¤²Ë¸ù½áÏß³æ²¡,Spinach root knot nematode
²¤²ËÖê¸¯²¡,nan
²¤²Ë²¡¶¾²¡,Spinach virus disease
²¤²Ë°«»¨Ò¶²¡,nan
²¤²ËµÍÎÂÕÏ°­,nan
ò÷òÁ,mole criket and Pillbug
ÇÛ²Ë°ß¿İ²¡,Celery late blight
ÇÛ²ËÔçÒß²¡,Celery early blight
ÇÛ²ËºÚ°ß²¡,Celery Alternaria leaf spot
ÇÛ²ËÁ¢¿İ²¡,Celery Rhizoctonia rot
ÇÛ²ËºÚ¸¯²¡,Celery black rot
ÇÛ²Ë»ÒÃ¹²¡,Celery gray mold
ÇÛ²Ë¾úºË²¡,Celery stem rot
ÇÛ²ËÈí¸¯²¡,Celery bacterial soft rot
ÇÛ²ËÏ¸¾úÒ¶¿İ²¡,Celery bacterial leaf blight
ÇÛ²Ë¸ù½áÏß³æ²¡,Celery root-knot nematode disease
ÇÛ²ËĞÄ¸¯²¡,Celery heart rot
ÇÛ²Ë²¡¶¾²¡,Celery mosaic disease
ÇÛ²Ë»ÆÎ®²¡,Celery Fusarium wilt
ÇÛ²ËÒ¶°ß²¡,Celery early blight
ºúÂÜ²·Î¢¹ÜÑÁ,Celery aphid
İ«ËñËªÃ¹²¡,Stem-cating lettuce frost mould disease
İ«Ëñ»ÒÃ¹²¡,Stem-cating lettuce gray mold
İ«Ëñ¾úºË²¡,Stem-cating lettuce Sclerotinia disease
İ«ËñÒ¶½¹²¡,Stem-cating lettuce leaf are burnt and ill
İ«ËñÂÖÎÆ²¡,nan
İ«Ëñ°×·Û²¡,Lettuce powdery mildew
İ«Ëñ²¡¶¾²¡,Stem-cating lettuce virus disease
İ«ËñºÖ°ß²¡,Stem-cating lettuce Cercospora brown leaf spot
İ«ËñÈí¸¯²¡,Stem-cating lettuce bacterial soft rot
İ«ËñÂÖ°ß²¡,Lettuce Altemaria leaf spot
İ«ËñºÚ°ß²¡,Stem-cating lettuce Stemphylium leaf spot
İ«ËñĞâ²¡,Lettuce rust
İ«Ëñ¸¯°Ü²¡,Stem-cating lettuce bacterial leaf spot
İ«ËñÒ¶Ôµ»µËÀ²¡,Stem-cating lettuce leaf reason decays disease
İ«ËñºÖ¸¯²¡,Stem-cating lettuce brown rot
İ«ÜÄ¶¬Ò¹¶ê,lettuce noctuid
İ«ËñÖ¸¹ÜÑÁ,Taiwan lettuce aphid
Éú²ËËªÃ¹²¡,Asparagus lettuce and lettuce downy milde
Éú²ËºÖ°ß²¡,Asparagus lettuce and lettuce Cercospora brown leaf spot
Éú²ËÂÖÎÆ²¡,Asparagus lettuce and lettuce ship veins disease
Éú²Ë»ÒÃ¹²¡,Head garden lettuce gray mold
Éú²Ë¾úºË²¡,Head garden lettuce Sclerotinia disease
Éú²ËÂÖ°ß²¡,Asparagus lettuce and lettuce ship spot disease
Éú²Ë¸¯°Ü²¡,Head garden lettuce bacterial leaf spot
Éú²ËÈí¸¯²¡,Head garden lettuce bacterial soft rot
Éú²ËÒ¶½¹²¡,Head garden lettuce leaf burnt and ill
Éú²Ë²¡¶¾²¡,Asparagus lettuce and lettuce mosaic
Éú²ËºÖ¸¯²¡,Head garden lettuce brown rot
ÜÈ²Ë°×Ğâ²¡,Amaranth white rust
ÜÈ²ËºÖ°ß²¡,Amaranth Phyllosticta leaf spot
ÜÈ²ËÌ¿¾Ò²¡,Amaranth anthracnose
ÜÈ²Ë²¡¶¾²¡,Amaranth virus disease
ÜÈ²Ë¸ù½áÏß³æ²¡,Amaranth root£­knot nematode disease
ÜÈ²Ë°ßµã²¡,Amaranth leaf mold
ÜÈ²ËºÚ°ß²¡,Amaranth black spot
ÜÈ²Ë»ÒÃ¹²¡,Amaranth gray mold
ÜÈ²ËÓ×Ãçâ§µ¹²¡,Amaranth seedling damping off
òÇò¾,Earthworm
Âä¿û×Ï°ß²¡,Malabar spinach Ramularia leaf spot
Âä¿û¾¥¸¯²¡,Malabar spinach stem rot
Âä¿ûÔ²°ß²¡,Malabar spinach circular leaf spot
Âä¿ûÌ¿¾Ò²¡,Malabar spinach anthracnose
Âä¿ûÒ¶°ß²¡,Malabar spinach Diplodia leaf spot
Âä¿ûºÚ°ß²¡,Malabar spinach Alternaria black leaf spot
Âä¿û»ÒÃ¹²¡,Malabar spinach gray mold
Âä¿ûÃç¸¯²¡,Malabar spinach seeding rot
Âä¿ûÉßÑÛ²¡,Malabar spinach Phyllosticta leaf spot
Âä¿û»¨Ò¶²¡,Malabar spinach mosaic disease
Âä¿ûÒ¶µãÃ¹×Ï°ß²¡,nan
Âä¿û¸ù½áÏß³æ²¡,Malabar spinach root?rot nematode disease
Ş³²ËÂÖ°ß²¡,Waterspinach Phyllosticta leaf spot
Ş³²Ë°×Ğâ²¡,Waterspinach white rust
Ş³²ËºÖ°ß²¡,Waterspinach leaf spot
Ş³²Ë»ÒÃ¹²¡,Waterspinach gray mold
Ş³²Ëâ§µ¹²¡,Water spinach damping off
Ş³²Ë(ÖùÅÌæß)Ò¶°ß²¡,nan
Ş³²Ë(ÇÑÙë±úÃ¹)Ò¶°ß²¡,nan
Ş³²Ë(µÛÎÆÎ²æß)Ò¶°ß²¡,nan
Ş³²Ë(ÇòÇ»¾ú)ºÖ°ß²¡,nan
Ş³²Ë¾úºË²¡,Water¡ªspinach Sclerotinia
Î÷ºùÂ«ÃàÒß²¡,Summer squash Phytophthora rot
Î÷ºùÂ«Ï¸¾úĞÔÒ¶¿İ²¡,Summer squash bacterial leaf spot
Î÷ºùÂ«¸ùÃ¹¹û¸¯²¡,Summer squash Rhizopus rot
Î÷ºùÂ«ºÖÉ«¸¯°Ü²¡,nan
Î÷ºùÂ«Ò¶¿İ²¡,Summer squash Alternaria spot
Î÷ºùÂ«Ò¶µã²¡,Summer squash Phyllosticta spot
Î÷ºùÂ«ËªÃ¹²¡,Summer squash downy mildew
Î÷ºùÂ«ÒøÒ¶²¡,Summer squash Silverleaf disease
Íã¶¹Ğâ²¡,Pea rust
Íã¶¹»ÒÃ¹²¡,Pea gray mold
Íã¶¹¾úºË²¡,Pea Sclerotinia rot
Íã¶¹¸ù¸¯²¡,Pea root rot
Íã¶¹²¡¶¾²¡,Pea wilt virus
Íã¶¹¸ù´®ÖéÃ¹¸ù¸¯²¡,Pea Thielaviopsis root rot
Íã¶¹ºÚ°ß²¡,Pea Ascochyta blight
Íã¶¹¼âÁ­µ¶æßÎ®µò²¡,Pea Fusarium wilt
Íã¶¹Ñ¿¿İ²¡,Pea Choanephora rot
ÆÏÌÑÂÖ°ß²¡,Grape verticil spot
ÆÏÌÑ»Ò°ß²¡,Grape gray leaf spot
ÆÏÌÑ¸ùĞà²¡,Grape root rot
ÆÏÌÑ°×ÎÆÓğ²¡,Grape white root rot
ÆÏÌÑÂÖÎÆ²¡,Grape perennial canker
ÆÏÌÑÂû¸î²¡,Grape deadarm
ÆÏÌÑÒ¶°ß²¡,Grape Septoria leaf spot
ÆÏÌÑĞ¡ºÖ°ß²¡,Grape Phaeoramularia spo
ÆÏÌÑºÖ°ß²¡,Grape Phaeoisariopsis spot
½Ç°ß¹Å¶¾¶ê,Red-spotted tussock moth
éÙ»ÒÏó¼×,Citrus weevils
ºÚ¶î¹âÒ¶¼×,nan
ÀõÒß²¡,Chestnut blight
ÀóÖ¦ÄâÄ¾ó¼¶ê,nan
ÁúÑÛ¹íÖã²¡,Longan witches' broom¡£
ÁúÑÛÔå°ß²¡,Longan algal
ÁúÑÛ»ÒÉ«Ò¶¿İ²¡,Longan Phomopsis leaf spot
ÁúÑÛ¸ù¸¯²¡,Longan root rot
ÁúÑÛÌ¿¾Ò²¡,Longan anthracnose¡£
ÁúÑÛºÚ°ß²¡,Longan black spot
Ş³²Ë¸ù¸¯²¡,Waterspinach Fusarium root rot
°Ëµã»ÒµÆ¶ê,Grey mulberry hairy caterpillar
´ó²Ë·Ûµû,Large white
²ËÒ¶·ä,Cabbage sawfly
¶Ì¶î¸º»È,Brevis front grasshopper
²ËÇ±Ó¬,Serpentine leafminer
¸ÊÀ¶ÑÁ,Cabbage aphid
»ÆÏÁÌõÌø¼×,Barley flea beetle
»Æ¿íÌõÌø¼×,Broad flea beetle
ÓÍ²ËÔéÌø¼×,Cabbage flea beetle
Ğ¡Ô³Ò¶¼×,Daikon leaf beetle
´óÔ³Ò¶¼×,Cabbage leaf beetle
²Ëòí,Cabbage bug
ºáÎÆ²Ëòí,Transverse striation stink bug
¸ÊÀ¶»ÆÒ¶²¡,Cabbage Fusarium wilt
¸ÊÀ¶¸ùÖ×²¡,Cabbage club root
ÂÜ²·µØÖÖÓ¬,Turnip root fly
Ã«Î²µØÖÖÓ¬,Smaller turnip maggot
»ÆĞÄÎÚºÚ¸¯²¡,Yellow heart cabbage black rot
»ÆĞÄÎÚÏ¸¾úĞÔºÚ°ß²¡,Yellow heart cabbage bacterial black spot
»ÆĞÄÎÚÈí¸¯²¡,Yellow heart cabbage soft rot
»ÆĞÄÎÚËªÃ¹²¡,Yellow heart cabbage downy milde
»ÆĞÄÎÚºÚ°ß²¡,Yellow heart cabbage Alternaria leaf spot
»ÆĞÄÎÚÒ¶¸¯²¡,Yellow heart cabbage Rhizoctonia leaf rot
¸ÊÀ¶ËªÃ¹²¡,Cabbage downy milde
¸ÊÀ¶ºÚ¸ù²¡,Cabbage Rhizoctonia rot
¸ÊÀ¶ºÚëÖ²¡,Cabbage black leg
¸ÊÀ¶¾úºË²¡,Cabbage Sclerotinia disease
¸ÊÀ¶â§µ¹²¡,Cabbage damping off
¸ÊÀ¶Èí¸¯²¡,Cabbage bacterial soft rot
¸ÊÀ¶ºÚ¸¯²¡,Cabbage black rot
¸ÊÀ¶»ÒÃ¹²¡,Cabbage gray mold
¸ÊÀ¶Ï¸¾úĞÔºÚ°ß²¡,Cabbage bacterial black spot
¸ÊÀ¶Ë®Ö×²¡,Cabbage edema
¸ÊÀ¶²¡¶¾²¡,Cabbage virus disease
¸ÊÀ¶ºÚ°ß²¡,Cabbage Alternaria leaf spot
»¨Ò¬²ËÈí¸¯²¡,Cauliflower bacterial soft rot
»¨Ò¬²Ë²¡¶¾²¡,cauliflower virus disease
»¨Ò¬²ËºÚ¸¯²¡,Cauliflower black rot
»¨Ò¬²ËÏ¸¾úĞÔºÚ°ß²¡,Cauliflower bacterial black spot
»¨Ò¬²ËËªÃ¹²¡,Cauliflower downy milde
»¨Ò¬²Ëâ§µ¹²¡,Cauliflower seedling damping off
»¨Ò¬²ËºÚ¸ù²¡,Cauliflower Rhizoctonia rot
»¨Ò¬²ËºÚ°ß²¡,Cauliflower black leaf spot
»¨Ò¬²ËºÖ°ß²¡,Cauliflower Alternaria leaf spot
»¨Ò¬²Ë¾úºË²¡,Cauliflower stem rot
»¨Ò¬²Ë»¨ÇòÉ¢»¨,Cauliflower ball-flower looseness
»¨Ò¬²ËÃ«»¨,Cauliflower lanatoside
»¨Ò¬²ËÇà»¨,Cauliflower sporophyll exceptional growth
»¨Ò¬²Ë×Ï»¨,Cauliflower Purple ball-flower
»¨Ò¬²ËÈ±îâ,Cauliflower molybdenum deficiency
»¨Ò¬²ËÈ±Åğ,Cauliflower boron deficiency
Çà»¨²Ë²¡¶¾²¡,Broccoli virus disease
Çà»¨²Ë½Ç°ß²¡,Broccoli angular leaf spot
Çà»¨²Ë¶³º¦,Broccoli freezing injury
Çà»¨²ËÁ¢¿İ²¡,Broccoli Rhizoctonia rot
Çà»¨²Ëâ§µ¹²¡,Broccoli seedling damping off
Çà»¨²ËÒ¶Ã¹²¡,Broccoli Cladosporium leaf mold
Çà»¨²ËºÖ°ß²¡,Broccoli Alternaria leaf spot
Çà»¨²ËºÚ¸¯²¡,Broccoli black rot
Çà»¨²Ë¾úºË²¡,Broccoli stem rot
Çà»¨²ËÏ¸¾úĞÔ°ßµã²¡,Broccoli bacterial leafspot
Çà»¨²Ë¾¥Áö²¡,Broccoli stem gall
Çà»¨²ËÒ¶¸¯²¡,nan
Çà»¨²Ë½¹ÀÙºÍ»Æ»¯,Broccoli button burn and yellows
Çà»¨²Ë²»Á¼»¨Çò,Broccoli undesirable ball-flower
Çà»¨²Ë¼ĞÒ¶»¨Çò,Broccoli sporophyll exceptional growth
Çà»¨²ËÉ¢ĞÎ»¨Çò,Broccoli ball-flower looseness
Çà»¨²ËÒ¶¹£¿ªÁÑ,nan
×Ï¸ÊÀ¶ºÚ¸¯²¡,Purple Cabbage black rot
×Ï¸ÊÀ¶Èí¸¯²¡,Purple Cabbage bacterial soft rot
×Ï¸ÊÀ¶¾úºË²¡,Purple Cabbage Sclerotinia disease
×Ï¸ÊÀ¶ÁÑÇò,Purple Cabbage crackin gcore
×Ï¸ÊÀ¶¸ÉÉÕĞÄ²¡,Purple Cabbage heart rot
½æÀ¶²¡¶¾²¡,Kailan virus disease
²¤²ËÒ¶°ß²¡,Spinach Cercospora leaf spot
²¤²Ë°×Ğâ²¡,Spinach white rust
ÇÛ²ËÏ¸¾úÒ¶°ß²¡,"Celery bacterial leaf spot
"
½æÀ¶ºÚ¸¯²¡,Kailan black rot
½æÀ¶Èí¸¯²¡,Kailan soft rot
½æÀ¶ºÚ°ß²¡,Kailan Black Spot
½æÀ¶ËªÃ¹²¡,Kailan downy mildew
½æÀ¶¾úºË²¡,Kailan stalk break
²¤²ËËªÃ¹²¡,Spinach downy milde
²¤²Ë»ÒÃ¹²¡,Spinach gray mold
²¤²Ëâ§µ¹²¡,Spinach damping off
²¤²ËĞÄ¸¯²¡,Spinach heart rot
²¤²ËÌ¿¾Ò²¡,Spinach anthracnose
²¤²Ë°ßµã²¡,Spinach leaf mold
²¤²Ë¿İÎ®²¡,Spinach Fusarium wilt
²¤²Ë¾¥¿İ²¡,nan
²¤²ËÒ¶µã²¡,Spinach Phyllosticta leaf spot
²¤²ËÎÛÃ¹²¡,nan
²¤²ËºÚ°ß²¡,Spinach Alternaria leaf spot
Å£İò³¤¹ÜÑÁ,burdock long-homed aphid
½ğÕë³æ,nan
½ªÑÛ°ß²¡,Ginger eye spot
½ªÎÆ¿İ²¡,Ginger summer blight
½ªÈí¸¯²¡,Ginger soft rot
ÓóÂÖ°ß²¡,Taro target spot
É½Ò©Á­µ¶¾ú¿İÎ®²¡,nan
É½Ò©¸ù¸¯²¡,Chinese yam Fusarium root rot
½ªÎÁ²¡,Ginger blast
½ªÒ¶¿İ²¡,Ginger leaf spot
½ª°ßµã²¡,Ginger leaf spot
½ªÌ¿¾Ò²¡,Ginger Colletotrichum leaf spot
½ª¸¯Ã¹²¡,Ginger root rot
½ª¸¯ÀÃ²¡,Ginger blast
½ª»¨Ò¶²¡¶¾²¡,Ginger mosaic
½ªÏ¸¾úÈí¸¯²¡,Ginger bacterial soft rot
½ªÏ¸¾úĞÔÒ¶°ß²¡,Ginger bacterial leafspot
½ªÅªµû,nan
ÓóÒß²¡,Taro Phytophthora blight
ÓóÎÛ°ß²¡,Taro leaf mold
ÓóÈí¸¯²¡,Dasheen bacterial soft rot
Óó¿İÎ®²¡,Taro Fusarium wilt
Óó»Ò°ß²¡,Taro Cercospora leaf spot
ÓóÌ¿¾Ò²¡,Dasheen anthracnose
Óó»ÆÎ®²¡,Taro Verticillium Wilt
ÓóºÚ°ß²¡,Taro Alternaria black spot
ÓóÒ¶Òß²¡,Taro leaf blight
ÓóÏ¸¾úĞÔ°ßµã²¡,Taro bacterial spot disease
Óó»È,Dasheen grasshopper
É½Ò©ºÖ°ß²¡,Chinese yam Phyllosticta leafspot
É½Ò©Ì¿¾Ò²¡,Chinese yam leaf spot
É½Ò©°ßÎÆ²¡,Chinese yam Cylindrosporium leaf spot
É½Ò©°ß¿İ²¡,Chinese yam Septoria leaf spot
É½Ò©ºì°ß²¡,Yam red spot
É½Ò©ºÖ¸¯²¡,Yam brown rot
É½Ò©»Ò°ß²¡,Chinese yam Cercospora leafspot
É½Ò©ÇàÃ¹Èí¸¯²¡,Chinese yam Penicillium soft rot
¾ÕÓó°×·Û²¡,Topinamber powdery mildew
¾ÕÓó°ß¿İ²¡,Topinamber spot blight
¾ÕÓóºÖ°ß²¡,Topinamber Cercospora brown spot
´ĞĞâ²¡,Onion rust
´ĞËªÃ¹²¡,Onion downy milde
´Ğ»ÒÃ¹²¡,Onion gray mold
´Ğ°×¸¯²¡,Onion white rot
´ĞºÖ°ß²¡,Onion Mycosphaerella blight
´Ğ×Ï°ß²¡,Onion Alternaria leaf spot
´Ğ°×É«Òß²¡,Onion white tip
´ĞÒß²¡,Onion Phytophthora blight
´ĞºÚ°ß²¡,Onion leaf blight
´ĞĞ¡¾úºË²¡,Onion Sclerotinia rot
´ĞµØÖÖÓ¬,Onion fly
´ĞĞëÁÛ¶ê,nan
´Ğ¼»Âí,Onion thrips
´óËâ×Ï°ß²¡,Garlic Alternaria leaf spot
´óËâÒ¶¿İ²¡,Garlic tip blight
´óËâĞâ²¡,Garlic rust
´óËâ°×¸¯²¡,Garlic white rot
´óËâÒß²¡,Garlic Phytophthora blight
´óËâÈí¸¯²¡,Garlic bacterial soft rot
´óËâ²¡¶¾²¡,Garlic virus disease
´óËâ¸É¸¯²¡,Garlic Fusarium basal rot
´óËâºì¸ù¸¯²¡,Garlic red thoroughly stale disease
´óËâÃº°ß²¡,Garlic Cladosporium blight
´óËâ»ÒÒ¶°ß²¡,Garlic grey leaf spot
´óËâÒ¶Òß²¡,Garlic leaf blight
´óËâ»ÒÃ¹²¡,Garlic gray mold
´óËâºì¸¯²¡,Garlic Fusarium rot
´óËâºÚÍ·²¡,nan
´óËâ»¨Ò¶²¡,Garlic virus disease
´óËâÇàÃ¹²¡,nan
´óËâºÚ·Û²¡,nan
´óËâÇúÃ¹²¡,nan
´óËâÍÊÂÌÌõ°ß²¡¶¾²¡,nan
´óËâ»ÆÒ¶ºÍ¸É¼â,nan
´Ğ°ßÇ±Ó¬,Onion leafminer
´Ğ»Æ¹ÑÃ«Ìø¼×,Onion flea bettle
¾Â²Ë»ÒÃ¹²¡,Chinese chives gray mold
¾Â²ËÒß²¡,Chinese chives Phytophthora blight
¾Â²ËĞâ²¡,Chinese chives rust
¾Â²ËÈí¸¯²¡,Chinese chives bacterial soft rot
¾Â²Ë¾úºË²¡,Chinese chives white rot
¾Â²Ë¾¥¿İ²¡,nan
¾Â²Ë°×¾î²¡,chinese chives Sclerotium blight
¾Â²ËºÚ°ß²¡,Leek blight
¾Â²Ë²¡¶¾²¡,chinese chives virus
¾Â²Ë»ÆÒ¶ºÍ¸É¼â,nan
ÖÖÓ¬,Seed maggot
´ó°×²ËºÚ¸¯²¡,Chinese cabbage black rot
´ó°×²ËÈí¸¯²¡,Chinese cabbage soft rot
´ó°×²Ë²¡¶¾²¡,Chinese cabbage virus disease
´ó°×²ËºÖ°ß²¡,Chinese cabbage brown spot
´ó°×²Ëâ§µ¹²¡,Chinese cabbage damping off
´ó°×²ËÏ¸¾úĞÔºÖ°ß²¡,Cabbage bacterial brown spot
´ó°×²ËÏ¸¾úĞÔ½Ç°ß²¡,Chinese cabbage bacterial angular leaf spot
´ó°×²ËÏ¸¾úĞÔÒ¶°ß²¡,Chinese cabbage bacterial leaf spot
´ó°×²ËÏ¸¾úĞÔºÚ°ß²¡,Chinese cabbage bacterial black spot
´ó°×²Ë¸ÉÉÕĞÄ²¡,nan
´ó°×²Ë»ÆÒ¶²¡,Chinese cabbage yellows
Çà²ËÏ¸¾úĞÔ½Ç°ß²¡,Mock pad-choi bacterial angular leaf spot
Çà²Ëåê¸¯²¡,Mock pad-choi bottom rot
Çà²ËºÚëÖ²¡,Mock pad-choi black leg
Çà²Ë»ÆÒ¶²¡,Mock pad-choi yellows
Çà²Ë²¡¶¾²¡,Mock pad-choi virus disease
Çà²ËºÚ¸¯²¡,Mock pad-choi black rot
Çà²ËÈí¸¯²¡,Mock pad-choi soft rot
Çà²Ëâ§µ¹²¡,Mock pad-choi damping off
Çà²Ë°×·Û²¡,Mock pad-choi powdery milde
Çà²Ë°×°ß²¡,Mock pad-choi Cercosporella leaf spot
Çà²ËºÖ°ß²¡,Mock pad-choi brown spot
Çà²ËËªÃ¹²¡,Mock pad-choi downy milde
Çà²Ë°×Ğâ²¡,Mock pad-choi white rust
Çà²Ë¼ÙºÚ°ß²¡,Mock pad-choi black spot
Çà²ËºÚ°ß²¡,Mock pad-choi Alternaria leaf spot
Çà²ËÌ¿¾Ò²¡,Mock pad-choi anthracnose
Çà²ËÃà¸¯²¡,Mock pad-choi Pythium rot
Çà²Ë¾úºË²¡,Mock pad-choi Sclerotinia rot
µ¾ÂÌòí,Rice green stink bug
·ÇÖŞò÷òÁ,nan
µ¾¼¬Ôµòí,Rice spiny coreid
É£Àï°×·Û²¡,Mulberry powdery mildew
É£ÎÛÒ¶²¡,nan
É£Ò¶¿İ²¡,nan
É£ºÖ°ß²¡,Mulberry brown leaf spot
É£Ì¿¾Ò²¡,Mulberry anthracnose
É£Ñ¿¿İ²¡,nan
É£Äâ¸É¿İ²¡,nan
É£¶ÏÉÒ²¡,nan
É£°×¾î²¡,Mulberry Sclerotium blight
É£¸àÒ©,nan
É£×ÏÎÆÓğ²¡,Mulberry purple root rot
É£Çà¿İ²¡,Mulberry bacterial wilt
É£Ï¸¾úĞÔÒß²¡,Mulberry Bacterial Blight
É£Î®ËõĞÍÎ®Ëõ²¡,mulberry common dwarf diseases
É£»¨Ò¶ĞÍÎ®Ëõ²¡,nan
É£»Æ»¯ĞÍÎ®Ëõ²¡,mulberry yellow dwarf disease
É£¸ù½áÏß³æ²¡,Mulberry root knot nematode
É£³àĞâ²¡,Mulberry red rust
É£é©¾úºË²¡,Mulberry Sorosis
É£»¨Ò¶²¡,Mulberry mosaic
É£»ÒÃ¹²¡,Mulberry gray mold
É£¸É¿İ²¡,nan
É£°×ÎÆÓğ²¡,Mulberry white root rot
É£Ë¿Ò¶²¡¶¾²¡,nan
É£³ßó¶,nan
´º³ßó¶,nan
É£°×Ã«³æ,Large dagger moth
É£Ëò¶ê,nan
Ò°²Ï,ild silkworm
É£ó¨,Mulberry white caterpillar
É£Ãø,Mulberry pyralid
É£Öû³æ,nan
É£Ò¶²õ,nan
ÄâÁâÎÆÒ¶²õ,nan
É£¼»Âí,nan
É£·ÛÊ­,Mulberry whitefly
É£Ê­,Bayberry whitefly
É£Ä¾Ê­,Mulberry psylla
É£Ïó¼×,Mulberry smallweevil
É£ÉÒĞ¡ó¼³æ,mulberry bark beetle
É£³Èñ¨ÎÃ,nan
É£Îü½¬³æ,nan
É£¸ùñ¨ÎÃ,nan
É£ÌìÅ£,Mulberry longicorn
ÈËÎÆÎÛµÆ¶ê,White tiger moth
»Æ¾íÒ¶¶ê,currant twist moth
É£»ÆÃÔÓ©Ò¶¼×,nan
À¶Î²ÃÔÓ©Ò¶¼×,nan
É£Ğ¡»ÒÏó³æ,nan
É£»¢ÌìÅ£,nan
É£·Ûò»,Comstock mealy bug
¹êÀ¯ò»,Japanese wax Scale
°¼ÔµÁâÎÆÒ¶²õ,nan
²à¶àÊ³õÆÏßòı,Broad mite
ÉñÔóÊÏÒ¶òı,nan
É£Ê¼Ò¶òı,nan
ÂÜ²·ËªÃ¹²¡,Radish downy milde
ÂÜ²·ºÚ°ß²¡,Radish Alternaria leaf spot
ÂÜ²·°×°ß²¡,Radish Cercosporella leaf spot
ÂÜ²·°×Ğâ²¡,Radish white rust
ÂÜ²·ºÚ¸¯²¡,Radish black rot
ÂÜ²·Ï¸¾úĞÔ½Ç°ß²¡,Radish bacterial angular leaf spot
ÂÜ²·Èí¸¯²¡,Radish bacterial soft rot
ÂÜ²·²¡¶¾²¡,Radish virus disease
ÂÜ²·¿·ĞÄ,Radish pithiness
ÂÜ²·Ì¿¾Ò²¡,Radish anthracnose
ÂÜ²·ºÚ¸ù²¡,Radish black root
ÂÜ²·ÄâºÚ°ß²¡,Radish Alternaria leaf spot
ÂÜ²·¸ùÖ×²¡,Radish clubroot
ÂÜ²·»ÆÒ¶²¡,Radish yellow
ÂÜ²·¸ù½áÏß³æ²¡,Radish root£­rot nematode disease
ÂÜ²·ÈâÖÊ¸ù¿ªÁÑ,nan
ÂÜ²·ºÖ¸¯²¡,nan
ºÚ·ìÓÍ²ËÒ¶¼×,Rape leaf beetle
¶«·½²Ë·Ûµû,Indian cabbage white
ºúÂÜ²·ºÖ°ß²¡,nan
ºúÂÜ²·ºÚ¸¯²¡,Carrot Alternaria black rot
ºúÂÜ²·ºÚ°ß²¡,Carrot leaf blight
ºúÂÜ²·Èí¸¯²¡,Carrot soft rot
ºúÂÜ²·°ßµã²¡,nan
ºúÂÜ²·¸ùÃ¹Èí¸¯²¡,nan
ºúÂÜ²·¾úºË²¡,Carrot Sclerotinia
ºúÂÜ²·°×¾î²¡,Carrot southern blight
ºúÂÜ²·»ÒÃ¹²¡,Carrot gray mold
ºúÂÜ²·¸ùÁ´¸ñæßºÚ°ß²¡,nan
ºúÂÜ²·Ï¸¾úĞÔÒß²¡,nan
ºúÂÜ²·»¨Ò¶²¡,Carrot mosaic disease
ºúÂÜ²·¸ù½áÏß³æ²¡,Carrot root knot nematode
ºúÂÜ²·ÒìĞÎ¸ù,nan
ÂíÁåÊíÔçÒß²¡,Potato early blight
ÂíÁåÊíÍíÒß²¡,Potato late blight
ÂíÁåÊí´¯ğè²¡,Potato scab
ÂíÁåÊí°©Ö×²¡,Potato wart 
ÂíÁåÊí¸É¸¯²¡,Potato dry rot
ÂíÁåÊí°×¾î²¡,Potato southern blight
ÂíÁåÊíºÚëÖ²¡,Potato black leg
ÂíÁåÊíÇà¿İ²¡,Potato brown rot
ÂíÁåÊí»·¸¯²¡,Potato ring rot
ÂíÁåÊí²¡¶¾²¡,Potato virus disease
ÂíÁåÊí·Ûğè²¡,Potato powdery scab
ÂíÁåÊí¾¥»ù¸¯²¡,Potato Rhizoctonia rot
ÂíÁåÊíÈí¸¯²¡,Potato Rhizopus soft rot
ÂíÁåÊíÔçËÀ²¡,Potato early death
ÂíÁåÊíĞ¡Ò¶²¡,Potato leaflet stunt
ÂíÁåÊí¸ù¸¯Ïß³æ²¡,Potato lesion nematode
ÂíÁåÊí¶şÊ®°ËĞÇÆ°³æ,twenty-eight-spotted ladybird£¬Potato lady beetle
±¿»È,nan
Å£İò°×·Û²¡,Burdock powdery mildew
Å£İòºÚ°ß²¡,Burdock Alternaria leafspot
»ÆëÖĞ¡³µ»È,nan
Å£İòÂÖÎÆ²¡,Burdock Ascochyta leafspot
Å£İò»¨Ò¶²¡,Burdock mosaic disease
Å£İòµĞµĞÎ·Ò©º¦,Burdock DDV injury
Ìğ²Ë¸ù¸¯²¡,Beet root rot
Ìğ²ËÉßÑÛ²¡,Beet phoma leaf spot
Ìğ²Ë»¨Ò¶²¡¶¾²¡,Beet mosaic virus
Ìğ²Ë»Æ»¯²¡¶¾²¡,Beet yellows virus
Ìğ²Ë´Ô¸ù²¡,Beet rhizomania
Ìğ²Ë¸ù½áÏß³æ²¡,Beet root knot nematode
Ìğ²ËÃç¸¯²¡,Sugar beet seedling blight
Ìğ²ËÒ¶°ß²¡,Downy mildew of beet
Ìğ²ËÏ¸¾úĞÔ°ß¿İ²¡,Sugar beet bacterial leaf  blight
Ìğ²Ë°×´øÒ°Ãø,Hawaiian beet webworm
Ìğ²ËÏó¼×,Beet weevil
Ìğ²ËÌø¼×,Mangold flea beetle
Ìğ²Ë´ó¹ê¼×,Tortoise beetle beet
Ìğ²ËÇ±Ò¶Ó¬,Mangold fly
»Æ²İµØÃø,nan
²è±ı²¡,Tea blister blight
²èÍø±ı²¡,Tea exobasidium blight
²èÑ¿¿İ²¡,Tea bud blight
²èÔ²³àĞÇ²¡,Tea red scab
²èÃº²¡,Tea Neocapnodium sooty mould
²èºìĞâÔå²¡,Tea red rust
²è¸àÒ©²¡,Tea velvet blight
²è°×ĞÇ²¡,Tea white scab
²èÔÆÎÆÒ¶¿İ²¡,Tea leaf blight
²èÂÖ°ß²¡,Tea ring rot
²èÌ¿¾Ò²¡,Tea anthracnose
²è³àÒ¶°ß²¡,Tea red leaf spot
²èºÖÉ«Ò¶°ß²¡,Tea brown leaf spot
²èÔå°ß²¡,Tea algae leaf spot
²èÖ¦ÉÒºÚµã²¡,nan
²èÃç°×¾î²¡,Tea seedling blight
²è×ÏÎÆÓğ²¡,Tea purple root rot
²è·¢Ã«²¡,nan
²èÏß¸¯²¡,Tea Epiphytic thread blight
²èÊ÷Ì¦Şº¡¢µØÒÂ,Moss and lichen of tea
²è¸ù°©²¡,Tea seedling crown gall
²èÃç¸ù½áÏß³æ²¡,Tea root knot nematode
²èİËË¿×Ó,Tea dodder
²èëØ¿İ²¡,Tea macrophoma stem blight
²èÖ¦ºÚğë²¡,Tea black naevus
É£¼ÄÉú,Loranthus
²èºì¸ù¸¯²¡,Tea red root rot
²è³ßó¶,Tea geometrid
²èÃ«³æ,Tea tussock moth
²è³¤¾íÒ¶¶ê,Oriental tea tortrix
²èĞ¡¾íÒ¶¶ê,Pear tussock moth
²èºÖËò¶ê,nan
²èĞ¡Ëò¶ê,nan
ÀöÂÌ´Ì¶ê,Blue-striped£¬nettle-grub
ŞÈ´Ì¶ê,nan
²èºÚ¶¾¶ê,nan
²è°ß¶ê,nan
ÔÆ³ßó¶,nan
²è°×¶¾¶ê,nan
²è²Ï,Tea bunch caterpillar
²èÒø³ßó¶,nan
¼ÙÑÛĞ¡ÂÌÒ¶²õ,Smaller green leafhopper
ÃŞÒ¶²õ,Cotton leafhopper
±Ì¶êÀ¯²õ,Green broad-winged planthopper
²èÍøòí,nan
²è½ÇÃ¤òí,nan
ÓÍ²è¿í¶Üòí,nan
²è¶ş²æÑÁ,nan
½Û»Æ·ÛÊ­,nan
³¤°×ò»,nan
Ò¬Ô²ò»,Coconut scale
²èÀæò»,tea white scale
²èÄµòÃò»,Oystershell Scale
ÉßÑÛò»,Camphor Scale
Çà¶êÀ¯²õ,nan
¿É¿É¹ã³áÀ¯²õ,Cocoa planthoppel¡®
Ô²ÎÆ¿í¹ãÀ¯²õ,nan
²èÑ¿ñ¨ÎÃ,Contarinia sp
²èÖ¦Á­¶ê,nan
²è²ÄĞ¡ó¼,Tea shot-hole borer
²èÌìÅ£,nan
²èºì¾±ÌìÅ£,nan
²è½ÇĞØÒ¶¼×,Basilepta melanopus Lefevre
²èÀöÎÆÏó¼×,Cotton leafworm
´ó»ÒÏó¼×,Big gourdshaped weevil
²è³Èñ¨òı,Pink tea rust mite
²èÒ¶ñ¨òı,Purple tea mite
²à¶àÊ³¸½Ïßòı,Broad mite
²èºìòı,Tea red spider mite
²è¶ÌĞëòı,Privet mite
²è¹÷¼»Âí,nan
²è»Æ¼»Âí,yellow tea thrips
¿§·ÈĞ¡×¦òı,coffee red spider mite
ÑÌ²İÌ¿¾Ò²¡,Tobacco anthracnose
ÑÌ²İâ§µ¹²¡,Tobacoo damping-off
ÑÌ²İ³àĞÇ²¡,Tobacco brown spot
ÑÌ²İÍÜÑÛ²¡,Tobacco frog eye
ÑÌ²İ°×·Û²¡,Tobacco powdery milde
ÑÌ²İ¸ùºÚ¸¯²¡,Tobacco black shank
ÑÌ²İÆÆÀÃÒ¶°ß²¡,Tobacco ragged leaf spot
ÑÌ²İ°×¾î²¡,Tobacco southern stem and root rot
ÑÌ²İ¾úºË²¡,Tobacco sclerotinia rot
ÑÌ²İÃºÎÛ²¡,Tobacco black death
ÑÌ²İµÍÍ·ºÚ²¡,Tobacco black death
ÑÌ²İ»ÒÃ¹²¡,Tobacco gray mold
ÑÌ²İ¿İÎ®²¡,Tobacco fusarium wilt
ÑÌ²İ°ßµã²¡,Tobacoo phyllosticta leaf spot
ÑÌ²İËªÃ¹²¡,Tobacco blue mold
ÑÌ²İÇà¿İ²¡,Tobacco bacterial wilt
ÑÌ²İÒ°»ğ²¡,Tobacco wild fire
ÑÌ²İ½Ç°ß²¡,Tobacco angular Spot
ÑÌ²İ¿ÕëÖ²¡,Tobacco hollow stalk
ÑÌ²İÂíÁåÊíY²¡¶¾²¡,Tobacco potato virus Y
ÑÌ²İÊ´ÎÆ²¡¶¾²¡,Tobacco etch virus
ÑÌ²İ»·°ß²¡¶¾²¡,Tobacco ring spot virus
ÑÌ²İÆÕÍ¨»¨Ò¶²¡¶¾²¡,Tobacco mosaic virus
ÑÌ²İ»Æ¹Ï»¨Ò¶²¡¶¾²¡,Tobacco cucumber mosaic virus
ÑÌ²İÌğ²ËÇú¶¥²¡¶¾²¡,Tobacco curly stop virus
ÑÌ²İÂíÁåÊíX²¡¶¾²¡,Potato virus X
ÑÌ²İ»µËÀ²¡¶¾²¡,Tobacco necrosis virus
ÑÌ²İÇúÒ¶²¡¶¾²¡,Tobacco leaf curl spot virus
ÑÌ²İÁ¢¿İ²¡,Tobacco soreshin
ÑÌ²İºÚëÖ²¡,Tobacoo balack shank
ÑÌ²İ·¬ÇÑ°ßÎ®²¡¶¾²¡,Tobacco tomato spotted wilt virus
ÑÌ²İ´ÔÖ¦²¡,Witches broom of tobacco
ÑÌ²İ¸ù½áÏß³æ²¡,Tobacco root knot nematode
ÑÌ²İ°ûÄÒÏß³æ²¡,Tobacco cyst nematode
ÑÌ²İÆøºò°ßµã²¡,Tobacco weather fleck
ÑÌ²İ½£Ò¶²¡,Tobacco frenching
ÑÌ²İ¸ùºÖ¸¯Ïß³æ²¡,nan
ÁĞµ±,Skyblue Broomrape
İËË¿×Ó,China Dodder
ÑÌÊµÒ¹¶ê,Tobacco budworm
ÑÌ²İÇ±Ò¶¶ê,Tobacco splitworm
ÑÌ²İÖû¾¥¶ê,Tobacco stem borer
ÃŞĞ¡ÔìÇÅ³æ,Yellow cotton moth
ÃŞºÖ´ø¾í¶ê,Smaller apple leaf roller
Ğı»¨Ìì¶ê,Sweetpotato hornworm
Ö¥ÂéÌì¶ê,  Death¡¯s head moth
ÑÌ²İ·ÛÃø,Ephestia elutella
ÑÌÌï´ó»ÒÏó,Big gourdshaped weevil
ÃŞ»È,Catton locust
ÖĞ»ªµ¾»È,Rice grasshopper
»¨ÉúºÚ°ß²¡,Peanut Black spot
»¨ÉúĞâ²¡,Peanut rust
»¨Éú´¯ğè²¡,Peanut scab
»¨Éú¹Ú¸¯²¡,Peanut crown rot
»¨ÉúÁ¢¿İ²¡,Peanut Rhizoctonia rot 
»¨ÉúÌ¿¾Ò²¡,Peanut anthracnose
»¨Éú½¹°ß²¡,Peanut pepper spot and leaf scorch
»¨Éú¾¥¸¯²¡,Peanut stem rot
»¨Éú¸ù¸¯²¡,Peanut root rot
»¨Éú»ÒÃ¹²¡,Peanut gray mold
»¨Éú¾úºË²¡,Peanut Sclertiniose
»¨Éú°×¾î²¡,Peanut Sclerotium blight
»¨Éú×ÏÎÆÓğ²¡,Peanut purple root rot
»¨ÉúÍø°ß²¡,Peanut web blotch
»¨ÉúÇà¿İ²¡,Peanut Bacterial wilt
»¨Éú´ÔÖ¦²¡,Peanut rosette
»¨ÉúÌõÎÆ²¡¶¾²¡,Peanut stripe
»¨Éú»Æ»¨Ò¶²¡¶¾²¡,nan
»¨ÉúÆÕÍ¨»¨Ò¶²¡,nan
»¨ÉúÑ¿¿İ²¡¶¾²¡,nan
»¨Éú¸ù½áÏß³æ²¡,Peanut root knot nematode
»¨ÉúÈ±ËØÖ¢,nan
»¨ÉúÑÁ,Bean aphid
»¨ÉúÊ´Ò¶Ò°Ãø,nan
ÓÍ²ËºÚëÖ²¡,Rape black stem rot
ÓÍ²Ëâ§µ¹²¡,Rape damping-off
ÓÍ²ËÁ¢¿İ²¡,Rape root rot
ÓÍ²Ë¾úºË²¡,Rape Sclertiniose
ÓÍ²ËËªÃ¹²¡,Rape downy mildew
ÓÍ²Ë°×Ğâ²¡,Rape white rust
ÓÍ²Ë°×°ß²¡,Rape White Spot
ÓÍ²ËÌ¿¾Ò²¡,Rape anthracnose
ÓÍ²ËºÚ°ß²¡,Rape alternaria leaf spot
ÓÍ²Ë°×·Û²¡,Rape powdery mildew
ÓÍ²Ë¿İÎ®²¡,Rape Fusarium wilt
ÓÍ²Ë¸ùÖ×²¡,Rape club root
ÓÍ²ËºÚ¸¯²¡,Rape black rot
ÓÍ²ËÈí¸¯²¡,Rape bacterial soft rot
ÓÍ²ËÏ¸¾úĞÔºÚ°ß²¡,Rape bacterial black spot
ÓÍ²Ë²¡¶¾²¡,Rape viral diseases
ÓÍ²ËÎ®Ëõ²»Êµ²¡,Rape atrophied barren
ÓÍ²Ë¶³º¦,Rape freeze injury
ÔÆ°ß·Ûµû,nan
ºÚÎÆ·Ûµû,striated white butterfly
Ö¥ÂéÁ¢¿İ²¡,Sesame soreshin
Ö¥Âé¾¥µã¿İ²¡,Sesame stem blight
Ö¥ÂéÒß²¡,Phytophthora blight of sesame
Ö¥Âé¿İÎ®²¡,Sesame wilt disease
Ö¥ÂéÒ¶¿İ²¡,Sesame leaf blight
Ö¥ÂéÒ¶°ß²¡,Sesame leaf spot
Ö¥Âé°×·Û²¡,Sesame powdery mildew
Ö¥ÂéºÚ°ß²¡,Sesame black spot
Ö¥ÂéÂÖÎÆ²¡,Sesame ring spot
Ö¥ÂéºÖ°ß²¡,Soybean brown spot
Ö¥ÂéÇà¿İ²¡,Sesame bacterial wilt
Ö¥Âé¼ÔÒ°Ãø,simsim webworm
Ö¥ÂéÏ¸¾úĞÔ½Ç°ß²¡,Sesame angular leaf spot
Ö¥Âé»Æ»¨Ò¶²¡,Sesame yellow mosaic disease
Ö¥Âé±äÒ¶²¡,Sesame phyllody
Ö¥ÂéÆÕÍ¨»¨Ò¶²¡,Sesame common mosaic virus
ÏòÈÕ¿û¾úºË²¡,Sunflower Sclertiniose
ÏòÈÕ¿ûĞâ²¡,Sunflower Rust
ÏòÈÕ¿ûÒ¶¿İ²¡,Sunflower leaf blight
ÏòÈÕ¿ûºÚ°ß²¡,Sunflower Alternaria black spot
ÏòÈÕ¿ûÁĞµ±,Sunflower broomrape
ÏòÈÕ¿û°ßÃø,nan
ÃÉ¹Å»ÒÏó¼×,Mongolian gray weevil
±ÍÂéÌ¿¾Ò²¡,nan
±ÍÂéĞâ²¡,nan
±ÍÂé»Ò°ß²¡,nan
±ÍÂé°×¾î²¡,nan
±ÍÂéºÚ°ß²¡,nan
±ÍÂé¿İÎ®²¡,nan
±ÍÂéÒß²¡,nan
±ÍÂé°ßµã²¡,nan
±ÍÂéÏ¸¾úĞÔÒ¶°ß²¡,nan
±ÍÂéËÄĞÇ³ß¶ê,nan
¸ÊÕá³à¸¯²¡,Sugarcane red rot
¸ÊÕá·ïÀæ²¡,Sugarcane pineapple
¸ÊÕáºÚËë²¡,Sugarcane smut
¸ÊÕá»Æ°ß²¡,Sugarcane yellow spot
¸ÊÕáÑÛ°ß²¡,Sugarcane eye spot
¸ÊÕáÉÒ¸¯²¡,Sugarcane pokkah boeng
¸ÊÕáĞâ²¡,Sugarcane rust
¸ÊÕá»¢°ß²¡,Sugarcane Rhizoctonia sheath and shoot rot
¸ÊÕáÂÖ°ß²¡,Sugarcane ring spot
¸ÊÕáËªÃ¹²¡,Downy mildew of sugarcane
¸ÊÕáºÖÌõ²¡,Sugarcane brown stripe
¸ÊÕá°×Ìõ²¡,Sugarcane leaf scald
¸ÊÕá»¨Ò¶²¡,Sugarcane mosaic
¸ÊÕáËŞ¸ù°«»¯²¡,Sugarcane Ratoon Stunting Disease
¸ÊÕáÍÊÂÌÌõÎÆ²¡,Sugarcane chlorosis
¸ÊÕáÏß³æ²¡,Sugarcane nematode
¸ÊÕáÒ¶Î®²¡,Sugarcane leaf blight
¸ÊÕá°×Ò¶²¡,sugarcane white leaf disease
¸ÊÕá°×Ãø,nan
ÌõÃø,striped sorghum borer
ËÚ»ÒÃø,Millet borer
¸ÊÕá¼»Âí,Sugarcane thrips
¸ßÁ»ÑÁ,Sorghum aphid
¸ÊÕá³¤òí,Oriental chinch bug
¸ÊÕá±â½Ç·ÉÊ­,Sugarcane leafhopper
Í»±³Õá¹ê,Black sugarcane beetle
¸ÊÕá¶şµãÃø,Millet borer
´óÃø,Pink borer
Ê³¸ùÔµ³İÌìÅ£,nan
¸ÊÕáÃàÑÁ,sugarcane cottony aphid
¸ÊÕáºì·Ûò»,pink sugarcane mealybug£¬sugarcane mealybug
¸ÊÕá»Ò·Ûò»,nan
Ìğ²ËÁ¢¿İ²¡,nan
Ìğ²ËºÖ°ß²¡,Beet sercospora leaf spot
Ìğ²ËËªÃ¹²¡,Downy mildew of beet
Ìğ²Ë°×·Û²¡,Beet powdery mildew
ÃŞ»¨ÉöĞÎÏß³æ²¡,nan
ÃŞ»¨Å¦´øÏß³æ²¡,nan
ÃŞ»¨ºì(»Æ)Ò¶¿İ²¡,Cotton red (yellow) leaf wilt
ÃŞºìÁå³æ,Pink bollworm
ÃŞË«Ğ±¾í¶ê,Small cotton leaf roller
³¤¶î¸º»È,nan
ÂÌÏó¼×,nan
³àĞëÃ¤òí,nan
ÃŞ´ó¾íÒ¶Ãø,Cotton leaf roller
½¹ÌõÀöÒ¹¶ê,nan
·ÛÎÆÒ¹¶ê,Cabbage looper
¶¦µã½ğ¸Õ×ê,Cotton green moth
´äÎÆ½ğ¸Õ×ê,Spiny bollworm
ÃŞ¾¥Ä¾ó¼¶ê,Red coffee borer
ÃŞÃ¤òí,Cotton mirids
ÃŞºìòí,cotton bug£¬oriental cotton stainer£¬cotton stainer£¬red cotton bug
ÃŞÑÁ,Cotton aphid
ÃŞ³¤¹ÜÑÁ,big cotton aphid
ÃŞºÚÑÁ,nan
ÃŞ¸ùÑÁ,Bean root aphid
ÃŞĞ¡ÂÑÏó,nan
ÃŞ¼âÏó,Chinese cotton weevil
½õ¿ûÀöÒ¹¶ê,nan
ĞÇ°×µÆ¶ê,Red-belly black-dotted arctud
ÃŞËÄµãÒ¶¼×,Monolepta signata Olivier
ÃŞÃçĞ¡Ïó,nan
ÜÙŞ£Ã¤òí,Alfalfa plant bug
ÄÁ²İÃ¤òí,Tarnished plant bug
ÖĞºÚÃ¤òí,nan
»Æ¼çÂÌòí,nan
±¡ÇòÎÏÅ£,nan
ÑÇÂé¼ÙºÚ°ß²¡,nan
ÑÇÂé°ßµã²¡,Flax pasmo
ÑÇÂéÌ¿¾Ò²¡,Flax anthracnose
ÑÇÂé¾úºË²¡,Flax sclertiniose
ÑÇÂé¡¢ºúÂé°×·Û²¡,Flax powdery mildew
ÑÇÂé¡¢ºúÂéĞâ²¡,Flax rust
ÑÇÂé¡¢ºúÂéÁ¢¿İ²¡,Flax soreshin
ÑÇÂé¡¢ºúÂé¿İÎ®²¡,Fusarium wilt disease of flax
ºìÂé¡¢»ÆÂéÁ¢¿İ²¡,Kenaf soreshin
ºìÂéÌ¿¾Ò²¡,Kenaf anthracnose
ºìÂé°ßµã²¡,Kenaf brown leaf spot
ºìÂé¸ù½áÏß³æ²¡,Kenaf root knot nematode
ºìÂéÒ¶Ã¹²¡,Kenaf yellow leaf spot
ºìÂé»ÒÃ¹²¡,Kenaf graymold
ºìÂéÑüÕÛ²¡,nan
»ÆÂé¸ù¸¯²¡,Jute root rot
»ÆÂéÏ¸¾úĞÔ°ßµã²¡,Jute bacterial blight disease
»ÆÂé¸ù½áÏß³æ²¡,Jute root knot nematode
»ÆÂéÇÅÒ¹¶ê,Jute semi-looper
´óÂé°×°ß²¡,Hemp white spot
´óÂéËªÃ¹²¡,Hemp downy mildew
´óÂéÃ¹°ß²¡,nan
´óÂé°×ĞÇ²¡,Hemp white scab
´óÂéĞ¡Ê³ĞÄ³æ,Hemp borer
´óÂéÌø¼×,nan
ÂéÌìÅ£,hemp longicorn beetle
ÜÑÂéÌ¿¾Ò²¡,Ramie anthracnose
ÜÑÂéºÖ°ß²¡,Ramie brown spot
ÜÑÂé½Ç°ß²¡,Ramie angular leaf spot
ÜÑÂéÒß²¡,Ramie phytophthora blight
ÜÑÂé¾¥¸¯²¡,Ramie stem rot
ÜÑÂé°×ÎÆÓğ²¡,Ramie Rosellinia root rot
ÜÑÂéÇà¿İ²¡,nan
ÜÑÂé»¨Ò¶²¡,Ramie mosaic virus
ÜÑÂé¸ù¸¯Ïß³æ²¡,nan
ÜÑÂé³àòÌµû,Indian painted lady
´ó¶¹ËªÃ¹²¡,Soybean downy mildew
ÜÑÂé»ÆòÌµû,nan
ÜÑÂéÒ¹¶ê,nan
ÜÑÂéÌìÅ£,nan
´ó¶¹Ğâ²¡,Soybean rust
´ó¶¹¿İÎ®²¡,Young soya bean Fusarium wilt
´ó¶¹ÒßÃ¹¸ù¸¯²¡,Soybean Phytophthora root rot
´ó¶¹×Ï°ß²¡,Soybean cercospora spot
´ó¶¹»Ò°ß²¡,Soybean frogeye leaf spot
´ó¶¹°Òµã²¡,Soybean target spot
´ó¶¹ºÖ°ß²¡,Soybean brown spot
´ó¶¹Á¢¿İ²¡,Soybean soreshin blight
´ó¶¹ÎÆ¿İ²¡,Soybean hypochnus blight
´ó¶¹ĞßÎ®²¡,Soybean sleeping blight
´ó¶¹ºÚ¶»²¡,Soybean scab
´ó¶¹ÂÖÎÆ²¡,Soybean zonate spot
´ó¶¹¼Ô¿İ²¡,Soybean pod blight
´ó¶¹¸ù½áÏß³æ²¡,Soybean root-knot nematode
´ó¶¹×ØÉ«Ò¶°ß²¡,nan
´ó¶¹Òß²¡,Young soya bean Phytophthora blight
´ó¶¹Ì¿¾Ò²¡,Soybean anthracnose
´ó¶¹¾úºË²¡,Soybean Sclerotium disease
´ó¶¹¾¥¿İ²¡,nan
´ó¶¹ºÚµã²¡,Black spot of soybean
´ó¶¹Ï¸¾úĞÔ°ßµã²¡,Soybean bacterial blight
´ó¶¹Ï¸¾úĞÔ°ßÕî²¡,Bacterial pustules of soybean
´ó¶¹»¨Ò¶²¡¶¾²¡,Soybean mosaic
´ó¶¹¶¥¿İ²¡,nan
´ó¶¹°ûÄÒÏß³æ²¡,Soybean cyst nematode
´ó¶¹İËË¿×Ó,Soybean dodder
´ó¶¹Ò¶°ß²¡,Young soya bean leaf spot
´ó¶¹ºÖÎÆ²¡,nan
´ó¶¹³àÃ¹²¡,Young soya bean Fusarium blight
´ó¶¹°×·Û²¡,Young soya bean powdery milde
´ó¶¹¸ù¸¯²¡,Young soya bean Fusarium root rot
´ó¶¹ºÚ°ß²¡,Soybean alternaria leaf spot
´ó¶¹»ÒĞÇ²¡,nan
´ó¶¹¾úºËÒß²¡,Young soya bean Sclerotium rot
´ó¶¹Ãº°ß²¡,Young soya bean sooty blotch
´ó¶¹È±¼Ø,Soybean potassium defi ciency
¶¹¾íÒ¶Ò°Ãø,bean webworm
¶¹¼ÔÒ°Ãø,Bean pod borer
¶¹Ìì¶ê,Greenish brown hawk moth
ÑæÒ¹¶ê,Rose budworm
´ó¶¹Ê³ĞÄ³æ,soybean pod borer
¶¹»Òµû,Silver-studded blue
´ó¶¹ÑÁ,Soybean aphid
ºì±³°²Ôµòí,Red-back bug
¶¹¸ùÉßÇ±Ó¬,soybean root miner
¶¹Ü¾İ¼,nan
¶şÌõÒ¶¼×,Two-striped leaf beetle
¶¹Ò¶¶«Ç±Ó¬,soybean leafminer
°ß±³°²Ôµòí,nan
»¨ÉúºÖ°ß²¡,Peanut brown spot
ËÚ¸ºÄà¼×,nan
ÓñÃ×ÒìõÆÓ©Ò¶¼×,nan
ÁøÀ¶Ò¶¼×,imported willow leaf beetle
ÓñÃ×Ìú¼×,nan
ÓñÃ×ÑÁ,Corn leaf aphid
ÊòÑÁ,bird cherry-oat aphid
ÓñÃ×»Æ´ô¼»Âí,Grass thrips
ºÌ¼»Âí,nan
ËÚÔµòí,hyaline grass bug
¸ßÁ»´ó°ß²¡,Sorghum northern leaf blight
¸ßÁ»Ğâ²¡,Rust of sorghum
¸ßÁ»Ò¶µã²¡,nan
¸ßÁ»±ªÎÆ²¡,Sorghum zonate leaf spot
¸ßÁ»Ì¿¾Ò²¡,Sorghum anthracnosis
¸ßÁ»ÃºÎÆ²¡,Sorghum sooty stripe
¸ßÁ»Á¢¿İ²¡,Sorghum Rhizoctonia rot
¸ßÁ»Ë¿ºÚËë²¡,Sorghum silk smut
¸ßÁ»É¢ºÚËë²¡,Sorghum loose kernel smut
¸ßÁ»¼áºÚËë²¡,Sorghum hard smut
¸ßÁ»ÖùºÚ·Û²¡,nan
¸ßÁ»Á­µ¶¾úËë¸¯²¡,Sorghum Fusarium stalk rot
¸ßÁ»×Ï°ß²¡,Sorghum purple spot
¸ßÁ»ÎÆ¿İ²¡,nan
¸ßÁ»×ÏÂÖ²¡,Sorghum Ramulispora leaf spot
¸ßÁ»Ãç¿İ²¡,Sorghum seedling blight
¸ßÁ»¸ù¸¯²¡,Sorghum root rot
¸ßÁ»ºÚÊø²¡,Sorghum black bundle
¸ßÁ»Ì¿¸¯²¡,Sorghum charcoal rot
¸ßÁ»Ó±¿İ²¡,Sorghum Penicillium ear 
¸ßÁ»³¤Á£ºÚËë²¡,Sorghum long smut
¸ßÁ»»¨ºÚËë²¡,Sorghum smut
¸ßÁ»Ï¸¾úĞÔÌõÎÆ²¡,Sorghum bacterial leaf stripe
¸ßÁ»Ï¸¾úĞÔºìÌõ²¡,nan
¸ßÁ»Ï¸¾úĞÔ°ßµã²¡,Bacterial leaf spot of sorghum
¸ßÁ»°«»¨Ò¶²¡,Sorghum red stripe
¸ßÁ»»¨Ò¶²¡,Sorghum mosaic
ËÚËëÃø,nan
ÌÒÖûÒ°Ãø,"yellow peach moth£¬Peach pyralid moth,cone moth"
Ğ¡ËëÃø,Spikelet borer
¸ßÁ»ÖÛ¶ê,Sorghum anachoreta
ğ¤³æ,armyworm
ËÚ°¼ëÖÌø¼×,nan
ËÚÁÛ°ßÒ¶¼×,Millet squamous leaf beetle
¸ßÁ»Ã¢Ó¬,sorghum shoot fly
¸ßÁ»¸ùÑÁ,elm gall aphid
¸ßÁ»³¤òíÏó,Blissus pallipes
ÌõÉ³Ò¶²õ,nan
¹ÈÀà´óÎÃ,nan
¶«ÑÇ·É»È,Asiatic migratory locust
ËÚ°×·¢²¡,Millet downy mildew
ËÚÎÁ²¡,Millet blast
ËÚºÚÇÊ²¡,Millet black sheath
ËÚĞâ²¡,Millet rust
ËÚÎÆ¿İ²¡,Millet sheath blight
ËÚÁ£ºÚËë²¡, Millet kernel smut
ËÚÏ¸¾úĞÔºÖ°ßÌõ°ß²¡,Millet bacterial brown spot
ËÚºìÒ¶²¡,Millet red leaf
ËÚÁ£Ïß³æ²¡,Millet nematode sterile
ËÚÃç¿İ²¡,Maize seedling blight
ËÚºúÂé°ß²¡,Millet Bipolaris leaf spot
ËÚ»Ò°ß²¡,Millet Cercospora leaf spot
ËÚÒ¶°ß²¡,Millet Phyllosticta leaf spot
ËÚ¼ÙºÚ°ß²¡,nan
ËÚÌõµã²¡,nan
ËÚºÚ·Û²¡,Millet smut
ËÚÄ«ºÚ·Û²¡,Millet kernel smut
ËÚÏ¸¾úĞÔÌõ°ß²¡,nan
¸ÊÊí´¯ğè²¡,Sweet potato scab
¸ÊÊí¾¥Ãø,sweet potato vine borer
¸ÊÊíºÚ°ß²¡,Sweet potato black rot
¸ÊÊíÈí¸¯²¡,Soft rot of sweet potato
¸ÊÊí¿İÎ®²¡,Sweet potato fusarium wilt
¸ÊÊíÎÁ²¡,Sweet potato bacterial wilt
¸ÊÊí¸ù¸¯²¡,Sweet potato root rot
¸ÊÊí×ÏÎÆÓğ²¡,Sweet potato violet root rot
¸ÊÊí²¡¶¾²¡,Sweet potato viral diseases
¸ÊÊí´ÔÖ¦²¡,Sweet potato witches¡¯broom 
¸ÊÊí¾¥Ïß³æ²¡,Sweet potato stem nematode disease
¸ÊÊíºÚğë²¡,Sweet potato black scurf
¸ÊÊíÒÏÏó¼×,sweetpotato weevil
¸ÊÊíÀ¯¹ê¼×,nan
¸ÊÊíç²Ò¹¶ê,nan
ÃŞÃçâ§µ¹²¡,Cotton damping¡«off
ÃŞÃçÁ¢¿İ²¡,Cotton soreshin
ÃŞ»¨Ì¿¾Ò²¡,Cotton anthracnose
ÃŞ»¨ºì¸¯²¡,Fusarium rot of cotton
ÃŞºÚ¸ù¸¯²¡,Cotton black root rot
ÃŞ»¨¿İÎ®²¡,Cotton fusarium wilt disease
ÃŞ»¨»ÆÎ®²¡,Cotton verticillium wilt
ÃŞ»¨Òß²¡,Cotton fhytophthora blight
ÃŞÁåÇúÃ¹²¡,Cotton Aspergillus boll rot
ÃŞ»¨¾¥¿İ²¡,Ascochyta blight of cotton
ÃŞÁåºÚ¹û²¡,Cotton diplodia boll rot
ÃŞÁåºì·Û²¡,Cotton pinkboll rot
ÃŞÁåÈí¸¯²¡,Cotton rhizopus boll rot
ÃŞÁå»ÒÃ¹²¡,Cotton boll graymold
ÃŞ»¨ºÖ°ß²¡,Cotton brown spot
ÃŞ»¨Ò¶ÉÕ²¡,Cotton brown spot
ÃŞ»¨ÂÖÎÆ²¡,Cotton black leaf spot
ÃŞ»¨½Ç°ß²¡,Cotton angular leaf spot
ÃŞ»¨¸ù½áÏß³æ²¡,Cotton root knot nematode
Ğ¡Âó¹Ü¼»Âí,Haplothrips tritici
Î÷±±Âóòí,nan
Âó¸ùòí,Stibaropus formosanus
ÂóÔ²Ö©Öë,nan
Âó³¤ÍÈÖ©Öë,Petrobia Latens
ĞãÒ¹¶ê,Amphipoea fucosa
ÂóËëÒ¹¶ê,wheat earworm
Ğ¡ÂóÎü½¬³æ,wheat blossom midge
Âó¸ÑÓ¬,Wheat bulb-worm
ºÚÂó¸ÑÓ¬,Wheat black bulb-worm
ÂóºÚ°ßÇ±Ò¶Ó¬,Grass sheath miner
Âó¾¥¹È¶ê,nan
ÂóÒ¶·ä,Wheat sawfly
ÂÌ³á¼¹Ó©Ò¶¼×,nan
´óÂóÌõĞâ²¡,Barley stripe rust
´óÂóÍø°ß²¡,Barley net blotch
´óÂóÌõÎÆ²¡,Barley stripe disease
´óÂó¼áºÚËë²¡,Barley covered smut
´óÂóÉ¢ºÚËë²¡,Barley loose smut
´óÂóÒ¶Ğâ²¡,Barley leaf rust
Âó³¤¹ÜÑÁ,nan
Âó¶ş²æÑÁ,Green bug
ÂóË«Î²ÑÁ,Diuraphis noxia
Âó¾¥·ä,wheat stem sawfly
Ê®ËÄµã¸ºÄà³æ,nan
ÓñÃ×´ó°ß²¡,Corn northern leaf blight
ÓñÃ×Ğ¡°ß²¡,Corn southern leaf blight
ÓñÃ×ÍäæßÃ¹Ò¶°ß²¡,Corn Curvularia leaf spots
ÓñÃ×»Ò°ß²¡,Maize gray leaf spot
ÓñÃ×Á­µ¶¾úÃç¿İ²¡,nan
»ÆÂéÃç¿İ²¡,Jute seedling blight
»ÆÂéºÚµãÌ¿¾Ò²¡,nan
»ÆÂéÒ¶¿İ²¡,Jute leaf blight
»ÆÂé¾¥¸¯²¡,Jute stem rot
»ÆÂé¾¥°ß²¡,nan
ÓñÃ×ÎÆ¿İ²¡,Corn sheath blight
ÓñÃ×Ğâ²¡,Corn rust
ÓñÃ×ºÖ°ß²¡,Corn Brown Spot
ÓñÃ×ÂÖÎÆ°ß²¡,Corn zonate leaf spot
ÓñÃ×·è¶¥²¡,Corn crazy
ÓñÃ×¾¥¸¯²¡,Corn grayish-green blight
ÓñÃ×Ô²°ß²¡,Corn northern leaf spot
ÓñÃ×¸É¸¯²¡,Corn downy mildew
ÓñÃ×Ë¿ºÚËë²¡,Corn head smut
ÓñÃ×ºÚ·Û²¡,Corn smut
»ÆÂéÁ¢¿İ²¡,Jute soreshin
»ÆÂéÌ¿¾Ò²¡,Jute anthracnose
»ÆÂéºÖ°ß²¡,Jute brown spot
»ÆÂé¿İ¸¯²¡,nan
»ÆÂé¿İÎ®²¡,Jute jusarium wilt disease
¹Å¶¾¶ê,rusty tussock moth£¬common vapourer moth
Òø¶§Ò¹¶ê,nan
ÏòÈÕ¿ûºÖ°ß²¡,Sunflower brown spot
ÏòÈÕ¿û°×·Û²¡,Sunflower powdery mildew
ÏòÈÕ¿ûËªÃ¹²¡,Sunflower downy mildew
ÏòÈÕ¿û¸ù¾¥¸¯²¡,nan
ÏòÈÕ¿û°×¾î²¡,Sunflower Sclerotiumb light
ÏòÈÕ¿û»ÆÎ®²¡,nan
ÏòÈÕ¿û»ÒÃ¹²¡,Sunflower gray mold
ÏòÈÕ¿ûÏ¸¾úĞÔÒ¶°ß²¡,Bacterial leaf spot of sunflower
ÏòÈÕ¿ûÏ¸¾úĞÔ¾¥¸¯²¡,Powdery bacterial stalk rots
ÏòÈÕ¿û¸ù½áÏß³æ²¡,sunflower root knot nematode
ÏòÈÕ¿û»¨Ò¶²¡¶¾²¡,Sunflower mosaic virus
òÒòõ,Land slug
Ä§Óó°×¾î²¡,nan
Ä§ÓóÈí¸¯²¡,Elephant taro bacterial leaf blight
Ä§ÓóÂÖÎÆ°ß²¡,nan
Ä§ÓóÌ¿¾Ò²¡,nan
Ä§ÓóÏ¸¾úĞÔÒ¶¿İ²¡,Elephant taro bacterial leaf spot
Ä§Óó²¡¶¾²¡,nan
½ª¿İÎ®²¡,Ginger Fusarium rhizome rot
Çà»¨²ËÏ¸¾úĞÔºÚ°ß²¡,Broccoli bacterial black spot
´ĞÌ¿¾Ò²¡,Onion anthracnose
´ĞÒ¶Ã¹²¡,Onion Heterosporium blight
´ĞºÚ·Û²¡,Onion smut
´ĞÈí¸¯²¡,Onion bacterial soft rot
´Ğ»Æ°«²¡,Onion yellow dwarf
´ó°×²ËËªÃ¹²¡,Chinese cabbage downy milde
´ó°×²Ë°×°ß²¡,Chinese cabbage Cercosporella leaf spot
´ó°×²ËÌ¿¾Ò²¡,Chinese cabbage anthracnose
´ó°×²ËºÖ¸¯²¡,Chinese cabbage brown rot
´ó°×²ËºÚ°ß²¡,Chinese cabbage Alternaria leaf spot
´ó°×²Ë¼ÙºÚ°ß²¡,Chinese cabbage black spot
Çà»¨²Ë°×Ğâ²¡,Broccoli white rust
Çà»¨²ËºÚëÖ²¡,Broccoli black leg
ÓñÃ×ÌõÎÆ°«Ëõ²¡,Corn streak dwarf
´ó°×²ËºÚëÖ²¡,Chinese cabbage black leg
Çà»¨²ËºÚ°ß²¡,Broccoli black leaf spot
Çà»¨²ËËªÃ¹²¡,Broccoli downy milde
Çà»¨²Ë»ÒÃ¹²¡,Broccoli gray mold
Çà»¨²ËÈí¸¯²¡,Broccoli bacterial soft rot
ÓñÃ×°«»¨Ò¶²¡,Corn dwarf mosaic
ÓñÃ×´ÖËõ²¡,Corn rough dwarf
ÓñÃ×ËªÃ¹²¡,Corn downy mildew
ÓñÃ×ÑÛ°ß²¡,Corn eyespot
ÓñÃ×Á´¸ñæß¾úÒ¶¿İ²¡,nan
ÓñÃ×°ß¿İ²¡,nan
ÓñÃ×Ì¿¾Ò²¡,Corn anthracnose
ÓñÃ×Ò¶ÇÊ×Ï°ß²¡,Corn purple leaf sheath
ÓñÃ×Á¢¿İË¿ºË¾ú¸ù¸¯²¡,nan
ÓñÃ×Æ½ÆêÈäæß¾¥»ù¸¯²¡,nan
ÓñÃ×¼ÙºÚ·Û²¡,Corn false smut
ÓñÃ×³àÃ¹²¡,Corn Gibberella rot
ÓñÃ×ÖÖ×ÓÃ¹ÀÃ,nan
ÓñÃ×È«Ê´²¡,nan
ÓñÃ×ºÚÊø²¡,Corn black bundle
ÓñÃ×Ï¸¾úĞÔÌõÎÆ²¡,Corn or maize bacterial stripe
ÓñÃ×Ï¸¾úĞÔ¾¥¸¯²¡,Corn bacterial stalk rots
ÓñÃ×Ï¸¾úÎ®Äè²¡,Corn stew art¡¯s disease
ÓñÃ×Íº¼â,nan
ÓñÃ×»¨ÆÚ²»Ğ­µ÷,Difference florescence in corn
°×ÂöÕ³³æ,nan
»ÆĞÇ»È,Aularches milaris
µ¾ÎÁ²¡,Rice blast
Ë®µ¾¶ñÃç²¡,Rice bakanae disease
Ë®µ¾ÀÃÑí,Seed and seedling rot of rice
Ë®µ¾ÃçÒß²¡,Phytophthora blight of rice
Ë®µ¾Ò¶ºÚ·Û²¡,Rice leaf smut 
Ë®µ¾ÔÆĞÎ²¡,Rice leaf scald Micro
Ë®µ¾¾úºË¸Ñ¸¯²¡,Rice sclerotial stem rots
Ë®µ¾»ÆÎ®²¡,Rice rice yellow dwarf
Ë®µ¾°«Ëõ²¡,Rice dwarf
Ë®µ¾¸ßÎÂÎªº¦,Rice High-Temperature damage
Ë®µ¾ÎÆ¿İ²¡,Rice sheath blight
Ë®µ¾ºúÂé°ß²¡,Rice brown spot
Ë®µ¾¶«¸ñÂ³²¡¶¾²¡,Rice tungro
Ë®µ¾µ¹·ü,rice lodging
µ¾ÃøòÈ,Rice green semilooper
µ¾ñ¨ÎÃ,Rice gall midge¡£
Ë®µ¾ËªÃ¹²¡,Downy mildew of rice
Ë®µ¾Ò¶ÇÊ¸¯°Ü²¡,Rice sheath rot
Ë®µ¾Ò¶ÇÊÍø°ß²¡,Rice sheath net-blotch
Ë®µ¾×ÏÇÊ²¡,Rice purple sheath disease
Ë®µ¾Õ­Ìõ°ß²¡,Rice narrow brown leaf spot
Ë®µ¾Ò¶¼â¿İ²¡,nan
µ¾Çú²¡,Rice false smut
µ¾Á£ºÚ·Û²¡,Rice kernel smut
Ë®µ¾Ò»ÖùÏã²¡,Rice¡°1-chu-hsing¡±
Ë®µ¾°×Ò¶¿İ²¡,Rice bacterial leaf blight
Ë®µ¾Ï¸¾úĞÔÌõ°ß²¡,Rice bacterial leaf streak
Ë®µ¾Ï¸¾úĞÔºÖÌõ²¡,Rice bacterial stripe
Ë®µ¾Ï¸¾úĞÔºÖ°ß²¡,Rice bacterial sheath rot
Ë®µ¾³ÈÒ¶²¡,Rice orange leaf
Ë®µ¾¾¥Ïß³æ²¡,Rice stem nematode
Ì¨Íåµ¾Ãø,Taiwan rice stem borer
ºÖ±ßÃø,nan
Ë®µ¾Ï¸¾úĞÔ»ù¸¯²¡,Rice bacterial foot rot
Ë®µ¾Ó±¿İ²¡,nan
Ë®µ¾ÌõÎÆÒ¶¿İ²¡,Rice stripe disease
Ë®µ¾ºÚÌõ°«Ëõ²¡,Rice black streak dwarf
Ë®µ¾¸É¼âÏß³æ²¡,Rice white tip nematode
Ë®µ¾¸ù½áÏß³æ²¡,Rice root-knot nematode
Ë®µ¾³à¿İ²¡,Rice akagare
Èı»¯Ãø,Yellow stem borer
µ¾×İ¾íÒ¶Ãø,Rice leaf folder
ÏÔÎÆµ¾×İ¾íÒ¶Ãø,Japanese rice leaf roller
µ¾ÑÛµû,Rice green horned caterpillar
µ¾ºÖÑÛµû,common evening brown
µ¾ÇĞÒ¶Ò°Ãø,nan
µ¾½ğ³áÒ¹¶ê,nan
µ¾³²Ãø,lawn webworm
Ö±ÎÆµ¾Åªµû,Rice skipper
µ¾¸ÑÇ±Ó¬,rice stem maggot
µ¾Ç±Ò¶Ó¬,rice leaf-miner
µ¾ºÚòí,black rice bug
´óµ¾Ôµòí,Large paddy bug
ºÖ·ÉÊ­,Rice brown planthopper
ºÚÎ²Ò¶²õ,Rice leafhopper
µç¹âÒ¶²õ,zig-zag winged leafhopper
°×³áÒ¶²õ,nan
µ¾³à°ßÄ­²õ,nan
µ¾¼»Âí,Rice thrips
µ¾¹Ü¼»Âí,rice acu-leated thrips
µ¾Í²Ë®Ãø,nan
³¤³áµ¾»È,nan
Ğ¡Âó¸ÑºÚ·Û²¡,Wheat flag smut
Ë®µ¾¸ºÄà³æ,rice leaf beetle
µ¾Ìú¼×³æ,paddy hispid
µ¾Ë®Ïó¼×,rice water weevil
µ¾Ïó¼×,Rice weevils
¸£ÊÙÂİ,Apple snail
µ¾Ë®Ãø,small rice case-bearer
ÈÕ±¾»Æ¼¹»È,nan
³¤ÍÈË®Ò¶¼×,rice rootworm
·ÆµºÃ«ÑÛË®Ó¬,rice whorl maggot
¶şĞÇòí,white-spotted globular bug
³¤¼ç¼¬Ôµòí,nan
Ğ¡Âó¸Ñ¿İ²¡,Wheat stem blight
Ğ¡ÂóÈ«Ê´²¡,Wheat take-all
Ğ¡ÂóÌ¿¾Ò²¡,Wheat anthracnose
Ğ¡ÂóºÚ½Ú²¡,Wheat black node
Ğ¡Âó°×·Û²¡,Wheat powdery mildew
Ğ¡ÂóÌõĞâ²¡,Wheat stripe rust
Ğ¡Âó¸ÑĞâ²¡,Wheat stem rust
Ğ¡ÂóÒ¶Ğâ²¡,Wheat leaf rust
Ğ¡ÂóÎÆ¿İ²¡,Wheat sheath blight
Ğ¡ÂóËªÃ¹²¡,Wheat downy mildew
Ğ¡ÂóÑ©Ã¹Ò¶¿İ²¡,Wheat speckled snow mold
Ğ¡Âó°×¸Ñ²¡,Wheat white stem
Ğ¡Âó¸ù¸¯²¡,Wheat common root rot
Ğ¡ÂóÈäæßÒ¶°ß¸ù¸¯²¡,nan
Ğ¡Âó³àÃ¹²¡,Wheat head blight
Ğ¡ÂóÓ±¿İ²¡,Wheat septoria nodorum blotch
Ğ¡ÂóÉ¢ºÚËë²¡,Wheat loose smut
Ğ¡Âóºì°«²¡,wheat red stunt
Ğ¡Âó°ß¿İ²¡,Wheat leaf spot
Ğ¡Âó»Æ°ßÒ¶¿İ²¡,Wheat yellow leaf blotch
Ğ¡ÂóÁ´¸ñæßÒ¶¿İ²¡,Alternaria leaf blight of wheat
Ğ¡ÂóĞÈºÚËë²¡,Wheat common smut
Ğ¡ÂóºÚÓ±²¡,Wheat black chaff
Ğ¡ÂóËóÌõ°ß»¨Ò¶²¡,Wheat spindle streak mosaic
Ğ¡ÂóÍÁ´«»¨Ò¶²¡¶¾²¡,Wheat soil¡ªborne mosaic
Ğ¡ÂóÃÛËë²¡,Wheat spike blight
Ğ¡ÂóÂó½Ç²¡,Wheat ergot
Ğ¡Âó»ÒÃ¹²¡,Wheat  gray mold
Ğ¡ÂóÏ¸¾úĞÔÌõ°ß²¡,Wheat bacterial leaf streak
Ğ¡Âó»Æ°«²¡,Wheat yellow dwarf
Ğ¡ÂóÀ¶°«²¡¶¾²¡,Wheat blue dwarf
Ğ¡Âó´Ô°«²¡,Wheat rosette dwarf
Ğ¡Âó¾íÇú²¡,Wheat Dilophospora leaf spot
Ğ¡ÂóÁ£Ïß³æ²¡,Wheat seed gall nematode
Ğ¡ÂóºÌ¹È°ûÄÒÏß³æ²¡,Wheat cereal cyst nematode
´óÂóÂó½Ç²¡,Barley ergot
´óÂó»Æ»¨Ò¶²¡,Barley yellow mosaic
´óÂó°×·Û²¡,Barley powdery mildew
